Date,Season,HomeTeam,AwayTeam,hGoal,aGoal,hXG,aXG,UnderstatMatchID,RetrievedAtUTC
2014-08-16,2014/2015,Manchester United,Swansea City,1,2,1.16635,0.278076,4749,2026-08-28T17:44:43+00:00
2014-08-16,2014/2015,Leicester City,Everton,2,2,1.2783,0.613273,4750,2026-08-28T17:44:43+00:00
2014-08-16,2014/2015,Queens Park Rangers,Hull City,0,1,1.90067,1.11757,4751,2026-08-28T17:44:43+00:00
2014-08-16,2014/2015,Stoke City,Aston Villa,0,1,0.423368,0.909774,4752,2026-08-28T17:44:43+00:00
2014-08-16,2014/2015,West Bromwich Albion,Sunderland,2,2,1.68343,0.991901,4753,2026-08-28T17:44:43+00:00
2014-08-16,2014/2015,West Ham United,Tottenham Hotspur,0,1,1.8531,1.01706,4754,2026-08-28T17:44:43+00:00
2014-08-16,2014/2015,Arsenal,Crystal Palace,2,1,1.55411,0.158151,4755,2026-08-28T17:44:43+00:00
2014-08-17,2014/2015,Liverpool,Southampton,2,1,1.33192,1.55248,4756,2026-08-28T17:44:43+00:00
2014-08-17,2014/2015,Newcastle United,Manchester City,0,2,0.965583,1.48053,4757,2026-08-28T17:44:43+00:00
2014-08-18,2014/2015,Burnley,Chelsea,1,3,0.371141,2.12996,4758,2026-08-28T17:44:43+00:00
2014-08-23,2014/2015,Aston Villa,Newcastle United,0,0,0.507525,0.699295,4759,2026-08-28T17:44:43+00:00
2014-08-23,2014/2015,Chelsea,Leicester City,2,0,2.02939,0.550894,4760,2026-08-28T17:44:43+00:00
2014-08-23,2014/2015,Crystal Palace,West Ham United,1,3,0.617283,1.33957,4761,2026-08-28T17:44:43+00:00
2014-08-23,2014/2015,Southampton,West Bromwich Albion,0,0,0.665853,0.665791,4762,2026-08-28T17:44:43+00:00
2014-08-23,2014/2015,Swansea City,Burnley,1,0,0.914215,0.843331,4763,2026-08-28T17:44:43+00:00
2014-08-23,2014/2015,Everton,Arsenal,2,2,1.33429,1.43355,4764,2026-08-28T17:44:43+00:00
2014-08-24,2014/2015,Hull City,Stoke City,1,1,0.870175,1.60916,4765,2026-08-28T17:44:43+00:00
2014-08-24,2014/2015,Tottenham Hotspur,Queens Park Rangers,4,0,2.38894,1.07617,4766,2026-08-28T17:44:43+00:00
2014-08-24,2014/2015,Sunderland,Manchester United,1,1,0.666489,0.941557,4767,2026-08-28T17:44:43+00:00
2014-08-25,2014/2015,Manchester City,Liverpool,3,1,1.31375,0.901889,4768,2026-08-28T17:44:43+00:00
2014-08-30,2014/2015,Burnley,Manchester United,0,0,0.513746,0.467281,4769,2026-08-28T17:44:43+00:00
2014-08-30,2014/2015,Manchester City,Stoke City,0,1,0.891768,0.299792,4770,2026-08-28T17:44:43+00:00
2014-08-30,2014/2015,Newcastle United,Crystal Palace,3,3,1.69776,1.66056,4771,2026-08-28T17:44:43+00:00
2014-08-30,2014/2015,Queens Park Rangers,Sunderland,1,0,1.27277,0.964343,4772,2026-08-28T17:44:43+00:00
2014-08-30,2014/2015,Swansea City,West Bromwich Albion,3,0,2.02641,0.696665,4773,2026-08-28T17:44:43+00:00
2014-08-30,2014/2015,West Ham United,Southampton,1,3,0.635223,1.57513,4774,2026-08-28T17:44:43+00:00
2014-08-30,2014/2015,Everton,Chelsea,3,6,1.4491,2.02665,4775,2026-08-28T17:44:43+00:00
2014-08-31,2014/2015,Aston Villa,Hull City,2,1,0.639316,0.28888,4776,2026-08-28T17:44:43+00:00
2014-08-31,2014/2015,Tottenham Hotspur,Liverpool,0,3,0.48592,2.74317,4777,2026-08-28T17:44:43+00:00
2014-08-31,2014/2015,Leicester City,Arsenal,1,1,0.809743,2.29649,4778,2026-08-28T17:44:43+00:00
2014-09-13,2014/2015,Arsenal,Manchester City,2,2,2.07804,2.30834,4719,2026-08-28T17:44:43+00:00
2014-09-13,2014/2015,Chelsea,Swansea City,4,2,3.56581,1.02153,4720,2026-08-28T17:44:43+00:00
2014-09-13,2014/2015,Crystal Palace,Burnley,0,0,0.780534,1.2493,4721,2026-08-28T17:44:43+00:00
2014-09-13,2014/2015,Southampton,Newcastle United,4,0,2.11739,1.15026,4722,2026-08-28T17:44:43+00:00
2014-09-13,2014/2015,Stoke City,Leicester City,0,1,1.64782,0.598313,4723,2026-08-28T17:44:43+00:00
2014-09-13,2014/2015,Sunderland,Tottenham Hotspur,2,2,0.338966,2.03694,4724,2026-08-28T17:44:43+00:00
2014-09-13,2014/2015,West Bromwich Albion,Everton,0,2,0.602059,0.807492,4725,2026-08-28T17:44:43+00:00
2014-09-13,2014/2015,Liverpool,Aston Villa,0,1,0.728097,0.701676,4726,2026-08-28T17:44:43+00:00
2014-09-14,2014/2015,Manchester United,Queens Park Rangers,4,0,2.20911,0.563524,4727,2026-08-28T17:44:43+00:00
2014-09-15,2014/2015,Hull City,West Ham United,2,2,0.439084,0.661678,4728,2026-08-28T17:44:43+00:00
2014-09-20,2014/2015,Queens Park Rangers,Stoke City,2,2,1.05642,1.45847,4729,2026-08-28T17:44:43+00:00
2014-09-20,2014/2015,Swansea City,Southampton,0,1,0.520262,0.750244,4730,2026-08-28T17:44:43+00:00
2014-09-20,2014/2015,Aston Villa,Arsenal,0,3,0.649013,1.36224,4731,2026-08-28T17:44:43+00:00
2014-09-20,2014/2015,Burnley,Sunderland,0,0,0.710673,0.643512,4732,2026-08-28T17:44:43+00:00
2014-09-20,2014/2015,Newcastle United,Hull City,2,2,1.91632,0.854291,4733,2026-08-28T17:44:43+00:00
2014-09-20,2014/2015,West Ham United,Liverpool,3,1,1.26032,0.37835,4734,2026-08-28T17:44:43+00:00
2014-09-21,2014/2015,Tottenham Hotspur,West Bromwich Albion,0,1,0.438596,1.08401,4735,2026-08-28T17:44:43+00:00
2014-09-21,2014/2015,Leicester City,Manchester United,5,3,2.5422,1.71191,4736,2026-08-28T17:44:43+00:00
2014-09-21,2014/2015,Manchester City,Chelsea,1,1,1.05592,1.02093,4737,2026-08-28T17:44:43+00:00
2014-09-21,2014/2015,Everton,Crystal Palace,2,3,2.56122,1.62886,4738,2026-08-28T17:44:43+00:00
2014-09-27,2014/2015,Liverpool,Everton,1,1,1.5286,0.475885,4739,2026-08-28T17:44:43+00:00
2014-09-27,2014/2015,Manchester United,West Ham United,2,1,0.520246,1.27452,4740,2026-08-28T17:44:43+00:00
2014-09-27,2014/2015,Southampton,Queens Park Rangers,2,1,2.34463,0.456323,4741,2026-08-28T17:44:43+00:00
2014-09-27,2014/2015,Chelsea,Aston Villa,3,0,3.14218,0.228896,4742,2026-08-28T17:44:43+00:00
2014-09-27,2014/2015,Crystal Palace,Leicester City,2,0,2.1144,0.453547,4743,2026-08-28T17:44:43+00:00
2014-09-27,2014/2015,Hull City,Manchester City,2,4,1.12374,1.78953,4744,2026-08-28T17:44:43+00:00
2014-09-27,2014/2015,Sunderland,Swansea City,0,0,1.39649,0.156398,4745,2026-08-28T17:44:43+00:00
2014-09-27,2014/2015,Arsenal,Tottenham Hotspur,1,1,1.2647,0.673535,4746,2026-08-28T17:44:43+00:00
2014-09-28,2014/2015,West Bromwich Albion,Burnley,4,0,1.81127,0.473814,4747,2026-08-28T17:44:43+00:00
2014-09-29,2014/2015,Stoke City,Newcastle United,1,0,1.56203,1.13994,4748,2026-08-28T17:44:43+00:00
2014-10-04,2014/2015,Hull City,Crystal Palace,2,0,1.07209,0.616109,4689,2026-08-28T17:44:43+00:00
2014-10-04,2014/2015,Leicester City,Burnley,2,2,1.57773,0.957718,4690,2026-08-28T17:44:43+00:00
2014-10-04,2014/2015,Liverpool,West Bromwich Albion,2,1,1.56163,1.4384,4691,2026-08-28T17:44:43+00:00
2014-10-04,2014/2015,Sunderland,Stoke City,3,1,1.40551,0.478187,4692,2026-08-28T17:44:43+00:00
2014-10-04,2014/2015,Swansea City,Newcastle United,2,2,1.55242,1.18603,4693,2026-08-28T17:44:43+00:00
2014-10-04,2014/2015,Aston Villa,Manchester City,0,2,0.690283,2.30634,4694,2026-08-28T17:44:43+00:00
2014-10-05,2014/2015,Manchester United,Everton,2,1,1.6239,2.13558,4695,2026-08-28T17:44:43+00:00
2014-10-05,2014/2015,Tottenham Hotspur,Southampton,1,0,0.898735,1.14587,4696,2026-08-28T17:44:43+00:00
2014-10-05,2014/2015,Chelsea,Arsenal,2,0,1.40263,0.330699,4697,2026-08-28T17:44:43+00:00
2014-10-05,2014/2015,West Ham United,Queens Park Rangers,2,0,1.64038,0.697342,4698,2026-08-28T17:44:43+00:00
2014-10-18,2014/2015,Manchester City,Tottenham Hotspur,4,1,3.75041,2.32314,4699,2026-08-28T17:44:43+00:00
2014-10-18,2014/2015,Everton,Aston Villa,3,0,1.67016,0.37205,4700,2026-08-28T17:44:43+00:00
2014-10-18,2014/2015,Burnley,West Ham United,1,3,1.74404,2.84138,4701,2026-08-28T17:44:43+00:00
2014-10-18,2014/2015,Crystal Palace,Chelsea,1,2,1.16779,1.01515,4702,2026-08-28T17:44:43+00:00
2014-10-18,2014/2015,Southampton,Sunderland,8,0,3.71097,0.92175,4703,2026-08-28T17:44:43+00:00
2014-10-18,2014/2015,Newcastle United,Leicester City,1,0,2.1929,0.650379,4704,2026-08-28T17:44:43+00:00
2014-10-18,2014/2015,Arsenal,Hull City,2,2,2.14845,0.552062,4705,2026-08-28T17:44:43+00:00
2014-10-19,2014/2015,Queens Park Rangers,Liverpool,2,3,2.60852,1.51813,4706,2026-08-28T17:44:43+00:00
2014-10-19,2014/2015,Stoke City,Swansea City,2,1,1.75841,2.26827,4707,2026-08-28T17:44:43+00:00
2014-10-20,2014/2015,West Bromwich Albion,Manchester United,2,2,0.61662,0.934042,4708,2026-08-28T17:44:43+00:00
2014-10-25,2014/2015,West Ham United,Manchester City,2,1,2.62631,1.8643,4709,2026-08-28T17:44:43+00:00
2014-10-25,2014/2015,Southampton,Stoke City,1,0,1.3758,0.867568,4710,2026-08-28T17:44:43+00:00
2014-10-25,2014/2015,Sunderland,Arsenal,0,2,0.441491,1.47081,4711,2026-08-28T17:44:43+00:00
2014-10-25,2014/2015,West Bromwich Albion,Crystal Palace,2,2,1.45724,1.77354,4712,2026-08-28T17:44:43+00:00
2014-10-25,2014/2015,Liverpool,Hull City,0,0,0.678924,0.222999,4713,2026-08-28T17:44:43+00:00
2014-10-25,2014/2015,Swansea City,Leicester City,2,0,1.05601,0.773436,4714,2026-08-28T17:44:43+00:00
2014-10-26,2014/2015,Tottenham Hotspur,Newcastle United,1,2,2.03729,0.73967,4715,2026-08-28T17:44:43+00:00
2014-10-26,2014/2015,Burnley,Everton,1,3,1.55564,1.32187,4716,2026-08-28T17:44:43+00:00
2014-10-26,2014/2015,Manchester United,Chelsea,1,1,1.84074,0.989916,4717,2026-08-28T17:44:43+00:00
2014-10-27,2014/2015,Queens Park Rangers,Aston Villa,2,0,0.81667,1.18709,4718,2026-08-28T17:44:43+00:00
2014-11-01,2014/2015,Newcastle United,Liverpool,1,0,1.56863,0.258953,4649,2026-08-28T17:44:43+00:00
2014-11-01,2014/2015,Stoke City,West Ham United,2,2,3.06954,0.528668,4650,2026-08-28T17:44:43+00:00
2014-11-01,2014/2015,Leicester City,West Bromwich Albion,0,1,1.41001,0.562442,4651,2026-08-28T17:44:43+00:00
2014-11-01,2014/2015,Arsenal,Burnley,3,0,4.3298,0.684259,4652,2026-08-28T17:44:43+00:00
2014-11-01,2014/2015,Chelsea,Queens Park Rangers,2,1,2.23703,0.510067,4653,2026-08-28T17:44:43+00:00
2014-11-01,2014/2015,Everton,Swansea City,0,0,1.14779,0.694419,4654,2026-08-28T17:44:43+00:00
2014-11-01,2014/2015,Hull City,Southampton,0,1,0.256678,1.90484,4655,2026-08-28T17:44:43+00:00
2014-11-02,2014/2015,Manchester City,Manchester United,1,0,2.56723,0.727924,4656,2026-08-28T17:44:43+00:00
2014-11-02,2014/2015,Aston Villa,Tottenham Hotspur,1,2,0.872267,2.54173,4657,2026-08-28T17:44:43+00:00
2014-11-03,2014/2015,Crystal Palace,Sunderland,1,3,0.766023,0.727981,4658,2026-08-28T17:44:43+00:00
2014-11-08,2014/2015,Liverpool,Chelsea,1,2,0.531905,1.97201,4659,2026-08-28T17:44:43+00:00
2014-11-08,2014/2015,Burnley,Hull City,1,0,1.10315,0.526656,4660,2026-08-28T17:44:43+00:00
2014-11-08,2014/2015,Manchester United,Crystal Palace,1,0,0.956776,0.400837,4661,2026-08-28T17:44:43+00:00
2014-11-08,2014/2015,West Ham United,Aston Villa,0,0,1.47873,0.560875,4662,2026-08-28T17:44:43+00:00
2014-11-08,2014/2015,Southampton,Leicester City,2,0,1.00528,0.540434,4663,2026-08-28T17:44:43+00:00
2014-11-08,2014/2015,Queens Park Rangers,Manchester City,2,2,1.86489,1.70189,4664,2026-08-28T17:44:43+00:00
2014-11-09,2014/2015,Sunderland,Everton,1,1,0.508326,1.31898,4665,2026-08-28T17:44:43+00:00
2014-11-09,2014/2015,Tottenham Hotspur,Stoke City,1,2,1.28384,1.24867,4666,2026-08-28T17:44:43+00:00
2014-11-09,2014/2015,West Bromwich Albion,Newcastle United,0,2,0.765208,0.694441,4667,2026-08-28T17:44:43+00:00
2014-11-09,2014/2015,Swansea City,Arsenal,2,1,0.520487,1.77699,4668,2026-08-28T17:44:43+00:00
2014-11-22,2014/2015,Stoke City,Burnley,1,2,1.94307,1.27532,4669,2026-08-28T17:44:43+00:00
2014-11-22,2014/2015,Newcastle United,Queens Park Rangers,1,0,1.47871,0.402285,4670,2026-08-28T17:44:43+00:00
2014-11-22,2014/2015,Manchester City,Swansea City,2,1,2.26312,0.957011,4671,2026-08-28T17:44:43+00:00
2014-11-22,2014/2015,Leicester City,Sunderland,0,0,0.685893,0.889971,4672,2026-08-28T17:44:43+00:00
2014-11-22,2014/2015,Everton,West Ham United,2,1,1.82651,1.11958,4673,2026-08-28T17:44:43+00:00
2014-11-22,2014/2015,Chelsea,West Bromwich Albion,2,0,4.36607,0.0930471,4674,2026-08-28T17:44:43+00:00
2014-11-22,2014/2015,Arsenal,Manchester United,1,2,2.00193,1.2791,4675,2026-08-28T17:44:43+00:00
2014-11-23,2014/2015,Crystal Palace,Liverpool,3,1,1.47309,0.952958,4676,2026-08-28T17:44:43+00:00
2014-11-23,2014/2015,Hull City,Tottenham Hotspur,1,2,0.94244,2.16438,4677,2026-08-28T17:44:43+00:00
2014-11-24,2014/2015,Aston Villa,Southampton,1,1,1.13228,0.863156,4678,2026-08-28T17:44:43+00:00
2014-11-29,2014/2015,West Bromwich Albion,Arsenal,0,1,0.31526,1.05603,4679,2026-08-28T17:44:43+00:00
2014-11-29,2014/2015,West Ham United,Newcastle United,1,0,1.09981,0.246562,4680,2026-08-28T17:44:43+00:00
2014-11-29,2014/2015,Swansea City,Crystal Palace,1,1,1.4626,1.50956,4681,2026-08-28T17:44:43+00:00
2014-11-29,2014/2015,Liverpool,Stoke City,1,0,1.71025,0.875424,4682,2026-08-28T17:44:43+00:00
2014-11-29,2014/2015,Manchester United,Hull City,3,0,1.76885,0.230407,4683,2026-08-28T17:44:43+00:00
2014-11-29,2014/2015,Queens Park Rangers,Leicester City,3,2,2.98194,2.10013,4684,2026-08-28T17:44:43+00:00
2014-11-29,2014/2015,Burnley,Aston Villa,1,1,2.3058,1.0873,4685,2026-08-28T17:44:43+00:00
2014-11-29,2014/2015,Sunderland,Chelsea,0,0,1.03133,0.761171,4686,2026-08-28T17:44:43+00:00
2014-11-30,2014/2015,Southampton,Manchester City,0,3,0.804381,2.13214,4687,2026-08-28T17:44:43+00:00
2014-11-30,2014/2015,Tottenham Hotspur,Everton,2,1,1.13109,0.934335,4688,2026-08-28T17:44:43+00:00
2014-12-02,2014/2015,Burnley,Newcastle United,1,1,0.678486,1.0006,4589,2026-08-28T17:44:43+00:00
2014-12-02,2014/2015,Leicester City,Liverpool,1,3,1.23928,1.3012,4590,2026-08-28T17:44:43+00:00
2014-12-02,2014/2015,Manchester United,Stoke City,2,1,1.91104,1.29092,4591,2026-08-28T17:44:43+00:00
2014-12-02,2014/2015,Swansea City,Queens Park Rangers,2,0,1.54207,0.789519,4592,2026-08-28T17:44:43+00:00
2014-12-02,2014/2015,Crystal Palace,Aston Villa,0,1,0.801741,0.192439,4593,2026-08-28T17:44:43+00:00
2014-12-02,2014/2015,West Bromwich Albion,West Ham United,1,2,1.41302,1.24431,4594,2026-08-28T17:44:43+00:00
2014-12-03,2014/2015,Chelsea,Tottenham Hotspur,3,0,1.71947,0.289204,4595,2026-08-28T17:44:43+00:00
2014-12-03,2014/2015,Everton,Hull City,1,1,1.27965,0.29547,4596,2026-08-28T17:44:43+00:00
2014-12-03,2014/2015,Sunderland,Manchester City,1,4,0.412004,1.0386,4597,2026-08-28T17:44:43+00:00
2014-12-03,2014/2015,Arsenal,Southampton,1,0,2.37332,0.570955,4598,2026-08-28T17:44:43+00:00
2014-12-06,2014/2015,Newcastle United,Chelsea,2,1,1.48574,2.16232,4599,2026-08-28T17:44:43+00:00
2014-12-06,2014/2015,Queens Park Rangers,Burnley,2,0,1.63744,1.2646,4600,2026-08-28T17:44:43+00:00
2014-12-06,2014/2015,Stoke City,Arsenal,3,2,2.50357,2.02073,4601,2026-08-28T17:44:43+00:00
2014-12-06,2014/2015,Tottenham Hotspur,Crystal Palace,0,0,0.958788,1.17369,4602,2026-08-28T17:44:43+00:00
2014-12-06,2014/2015,Hull City,West Bromwich Albion,0,0,0.586305,1.06151,4603,2026-08-28T17:44:43+00:00
2014-12-06,2014/2015,Liverpool,Sunderland,0,0,0.663875,0.268395,4604,2026-08-28T17:44:43+00:00
2014-12-06,2014/2015,Manchester City,Everton,1,0,2.2487,0.385845,4605,2026-08-28T17:44:43+00:00
2014-12-07,2014/2015,West Ham United,Swansea City,3,1,2.11509,0.998148,4606,2026-08-28T17:44:43+00:00
2014-12-07,2014/2015,Aston Villa,Leicester City,2,1,1.97697,1.0083,4607,2026-08-28T17:44:43+00:00
2014-12-08,2014/2015,Southampton,Manchester United,1,2,1.8287,0.799261,4608,2026-08-28T17:44:43+00:00
2014-12-13,2014/2015,Burnley,Southampton,1,0,0.396158,1.713,4609,2026-08-28T17:44:43+00:00
2014-12-13,2014/2015,Chelsea,Hull City,2,0,1.21862,0.435091,4610,2026-08-28T17:44:43+00:00
2014-12-13,2014/2015,Crystal Palace,Stoke City,1,1,0.498092,0.898532,4611,2026-08-28T17:44:43+00:00
2014-12-13,2014/2015,West Bromwich Albion,Aston Villa,1,0,1.4373,0.266303,4612,2026-08-28T17:44:43+00:00
2014-12-13,2014/2015,Sunderland,West Ham United,1,1,1.33557,0.870324,4613,2026-08-28T17:44:43+00:00
2014-12-13,2014/2015,Leicester City,Manchester City,0,1,0.360608,1.13411,4614,2026-08-28T17:44:43+00:00
2014-12-13,2014/2015,Arsenal,Newcastle United,4,1,2.38819,0.938764,4615,2026-08-28T17:44:43+00:00
2014-12-14,2014/2015,Manchester United,Liverpool,3,0,1.79543,1.87114,4616,2026-08-28T17:44:43+00:00
2014-12-14,2014/2015,Swansea City,Tottenham Hotspur,1,2,1.67826,0.731022,4617,2026-08-28T17:44:43+00:00
2014-12-15,2014/2015,Everton,Queens Park Rangers,3,1,0.747708,0.972265,4618,2026-08-28T17:44:43+00:00
2014-12-20,2014/2015,Manchester City,Crystal Palace,3,0,1.41484,0.760531,4619,2026-08-28T17:44:43+00:00
2014-12-20,2014/2015,West Ham United,Leicester City,2,0,1.45134,0.659983,4620,2026-08-28T17:44:43+00:00
2014-12-20,2014/2015,Tottenham Hotspur,Burnley,2,1,1.77346,0.655135,4621,2026-08-28T17:44:43+00:00
2014-12-20,2014/2015,Queens Park Rangers,West Bromwich Albion,3,2,2.92864,1.30117,4622,2026-08-28T17:44:43+00:00
2014-12-20,2014/2015,Southampton,Everton,3,0,2.21266,0.597999,4623,2026-08-28T17:44:43+00:00
2014-12-20,2014/2015,Aston Villa,Manchester United,1,1,0.575806,1.06851,4624,2026-08-28T17:44:43+00:00
2014-12-20,2014/2015,Hull City,Swansea City,0,1,0.825885,1.45331,4625,2026-08-28T17:44:43+00:00
2014-12-21,2014/2015,Newcastle United,Sunderland,0,1,0.900259,2.18418,4626,2026-08-28T17:44:43+00:00
2014-12-21,2014/2015,Liverpool,Arsenal,2,2,1.31858,0.754219,4627,2026-08-28T17:44:43+00:00
2014-12-22,2014/2015,Stoke City,Chelsea,0,2,0.411669,1.45482,4628,2026-08-28T17:44:43+00:00
2014-12-26,2014/2015,Chelsea,West Ham United,2,0,3.56764,0.45944,4629,2026-08-28T17:44:43+00:00
2014-12-26,2014/2015,Burnley,Liverpool,0,1,0.61207,1.06708,4630,2026-08-28T17:44:43+00:00
2014-12-26,2014/2015,Swansea City,Aston Villa,1,0,0.601468,1.41578,4631,2026-08-28T17:44:43+00:00
2014-12-26,2014/2015,Sunderland,Hull City,1,3,1.35551,0.85573,4632,2026-08-28T17:44:43+00:00
2014-12-26,2014/2015,West Bromwich Albion,Manchester City,1,3,2.64442,2.10224,4633,2026-08-28T17:44:43+00:00
2014-12-26,2014/2015,Everton,Stoke City,0,1,1.00929,1.39552,4634,2026-08-28T17:44:43+00:00
2014-12-26,2014/2015,Crystal Palace,Southampton,1,3,0.379447,1.30288,4635,2026-08-28T17:44:43+00:00
2014-12-26,2014/2015,Manchester United,Newcastle United,3,1,1.86147,1.03151,4636,2026-08-28T17:44:43+00:00
2014-12-26,2014/2015,Leicester City,Tottenham Hotspur,1,2,1.47301,1.35719,4637,2026-08-28T17:44:43+00:00
2014-12-26,2014/2015,Arsenal,Queens Park Rangers,2,1,2.13888,1.21752,4638,2026-08-28T17:44:43+00:00
2014-12-28,2014/2015,Tottenham Hotspur,Manchester United,0,0,0.888,2.2613,4639,2026-08-28T17:44:43+00:00
2014-12-28,2014/2015,Southampton,Chelsea,1,1,0.528455,0.521788,4640,2026-08-28T17:44:43+00:00
2014-12-28,2014/2015,Queens Park Rangers,Crystal Palace,0,0,0.405679,0.328577,4641,2026-08-28T17:44:43+00:00
2014-12-28,2014/2015,Hull City,Leicester City,0,1,1.72314,0.180127,4642,2026-08-28T17:44:43+00:00
2014-12-28,2014/2015,Manchester City,Burnley,2,2,1.38586,0.962215,4643,2026-08-28T17:44:43+00:00
2014-12-28,2014/2015,Aston Villa,Sunderland,0,0,0.650993,0.845626,4644,2026-08-28T17:44:43+00:00
2014-12-28,2014/2015,West Ham United,Arsenal,1,2,1.1084,3.35886,4645,2026-08-28T17:44:43+00:00
2014-12-28,2014/2015,Stoke City,West Bromwich Albion,2,0,1.25399,1.35813,4646,2026-08-28T17:44:43+00:00
2014-12-28,2014/2015,Newcastle United,Everton,3,2,1.71345,1.07321,4647,2026-08-28T17:44:43+00:00
2014-12-29,2014/2015,Liverpool,Swansea City,4,1,3.27658,1.00374,4648,2026-08-28T17:44:43+00:00
2015-01-01,2014/2015,Stoke City,Manchester United,1,1,1.4082,0.932262,4551,2026-08-28T17:44:43+00:00
2015-01-01,2014/2015,Manchester City,Sunderland,3,2,3.63333,0.979558,4552,2026-08-28T17:44:43+00:00
2015-01-01,2014/2015,Newcastle United,Burnley,3,3,1.24639,1.65582,4553,2026-08-28T17:44:43+00:00
2015-01-01,2014/2015,Queens Park Rangers,Swansea City,1,1,3.16214,1.69725,4554,2026-08-28T17:44:43+00:00
2015-01-01,2014/2015,Southampton,Arsenal,2,0,2.41442,0.849285,4555,2026-08-28T17:44:43+00:00
2015-01-01,2014/2015,West Ham United,West Bromwich Albion,1,1,1.13586,1.1226,4556,2026-08-28T17:44:43+00:00
2015-01-01,2014/2015,Aston Villa,Crystal Palace,0,0,1.38709,0.575995,4557,2026-08-28T17:44:43+00:00
2015-01-01,2014/2015,Hull City,Everton,2,0,1.95682,0.957698,4558,2026-08-28T17:44:43+00:00
2015-01-01,2014/2015,Liverpool,Leicester City,2,2,2.38944,1.09438,4559,2026-08-28T17:44:43+00:00
2015-01-01,2014/2015,Tottenham Hotspur,Chelsea,5,3,1.82436,3.03274,4560,2026-08-28T17:44:43+00:00
2015-01-10,2014/2015,Sunderland,Liverpool,0,1,0.250077,2.16251,4561,2026-08-28T17:44:43+00:00
2015-01-10,2014/2015,Swansea City,West Ham United,1,1,1.54943,0.731228,4562,2026-08-28T17:44:43+00:00
2015-01-10,2014/2015,West Bromwich Albion,Hull City,1,0,0.784159,0.395844,4563,2026-08-28T17:44:43+00:00
2015-01-10,2014/2015,Burnley,Queens Park Rangers,2,1,2.19126,1.69555,4564,2026-08-28T17:44:43+00:00
2015-01-10,2014/2015,Chelsea,Newcastle United,2,0,1.08131,0.394837,4565,2026-08-28T17:44:43+00:00
2015-01-10,2014/2015,Everton,Manchester City,1,1,0.95041,1.50724,4566,2026-08-28T17:44:43+00:00
2015-01-10,2014/2015,Leicester City,Aston Villa,1,0,2.36522,0.606149,4567,2026-08-28T17:44:43+00:00
2015-01-10,2014/2015,Crystal Palace,Tottenham Hotspur,2,1,2.85997,0.919178,4568,2026-08-28T17:44:43+00:00
2015-01-11,2014/2015,Arsenal,Stoke City,3,0,2.26889,0.39839,4569,2026-08-28T17:44:43+00:00
2015-01-11,2014/2015,Manchester United,Southampton,0,1,1.19228,1.15706,4570,2026-08-28T17:44:43+00:00
2015-01-17,2014/2015,Aston Villa,Liverpool,0,2,0.845309,1.54424,4571,2026-08-28T17:44:43+00:00
2015-01-17,2014/2015,Burnley,Crystal Palace,2,3,1.08428,0.528431,4572,2026-08-28T17:44:43+00:00
2015-01-17,2014/2015,Leicester City,Stoke City,0,1,0.382481,0.715634,4573,2026-08-28T17:44:43+00:00
2015-01-17,2014/2015,Queens Park Rangers,Manchester United,0,2,0.929623,1.55645,4574,2026-08-28T17:44:43+00:00
2015-01-17,2014/2015,Swansea City,Chelsea,0,5,0.214209,3.19733,4575,2026-08-28T17:44:43+00:00
2015-01-17,2014/2015,Tottenham Hotspur,Sunderland,2,1,0.931537,1.19577,4576,2026-08-28T17:44:43+00:00
2015-01-17,2014/2015,Newcastle United,Southampton,1,2,0.856732,0.432026,4577,2026-08-28T17:44:43+00:00
2015-01-18,2014/2015,West Ham United,Hull City,3,0,2.68629,0.423719,4578,2026-08-28T17:44:43+00:00
2015-01-18,2014/2015,Manchester City,Arsenal,0,2,0.561966,1.49476,4579,2026-08-28T17:44:43+00:00
2015-01-19,2014/2015,Everton,West Bromwich Albion,0,0,1.4927,0.196316,4580,2026-08-28T17:44:43+00:00
2015-01-31,2014/2015,Hull City,Newcastle United,0,3,0.989377,0.50926,4581,2026-08-28T17:44:43+00:00
2015-01-31,2014/2015,Liverpool,West Ham United,2,0,2.28203,0.383092,4582,2026-08-28T17:44:43+00:00
2015-01-31,2014/2015,Manchester United,Leicester City,3,1,1.7369,0.380882,4583,2026-08-28T17:44:43+00:00
2015-01-31,2014/2015,Stoke City,Queens Park Rangers,3,1,0.782569,1.11577,4584,2026-08-28T17:44:43+00:00
2015-01-31,2014/2015,Sunderland,Burnley,2,0,1.89994,1.34786,4585,2026-08-28T17:44:43+00:00
2015-01-31,2014/2015,West Bromwich Albion,Tottenham Hotspur,0,3,0.808495,1.34429,4586,2026-08-28T17:44:43+00:00
2015-01-31,2014/2015,Crystal Palace,Everton,0,1,1.21034,1.35977,4587,2026-08-28T17:44:43+00:00
2015-01-31,2014/2015,Chelsea,Manchester City,1,1,0.708923,0.907151,4588,2026-08-28T17:44:43+00:00
2015-02-01,2014/2015,Arsenal,Aston Villa,5,0,2.35805,0.714521,4513,2026-08-28T17:44:43+00:00
2015-02-01,2014/2015,Southampton,Swansea City,0,1,1.62682,0.262557,4514,2026-08-28T17:44:43+00:00
2015-02-07,2014/2015,Tottenham Hotspur,Arsenal,2,1,1.2754,0.834136,4515,2026-08-28T17:44:43+00:00
2015-02-07,2014/2015,Aston Villa,Chelsea,1,2,0.707847,1.11662,4516,2026-08-28T17:44:43+00:00
2015-02-07,2014/2015,Swansea City,Sunderland,1,1,1.86428,0.143279,4517,2026-08-28T17:44:43+00:00
2015-02-07,2014/2015,Leicester City,Crystal Palace,0,1,0.7797,1.00613,4518,2026-08-28T17:44:43+00:00
2015-02-07,2014/2015,Manchester City,Hull City,1,1,0.992526,1.13348,4519,2026-08-28T17:44:43+00:00
2015-02-07,2014/2015,Queens Park Rangers,Southampton,0,1,1.03037,0.963892,4520,2026-08-28T17:44:43+00:00
2015-02-07,2014/2015,Everton,Liverpool,0,0,0.227711,1.03601,4521,2026-08-28T17:44:43+00:00
2015-02-08,2014/2015,Burnley,West Bromwich Albion,2,2,1.09795,2.55442,4522,2026-08-28T17:44:43+00:00
2015-02-08,2014/2015,Newcastle United,Stoke City,1,1,0.789943,0.220357,4523,2026-08-28T17:44:43+00:00
2015-02-08,2014/2015,West Ham United,Manchester United,1,1,0.86518,1.21344,4524,2026-08-28T17:44:43+00:00
2015-02-10,2014/2015,Arsenal,Leicester City,2,1,1.77095,0.799802,4525,2026-08-28T17:44:43+00:00
2015-02-10,2014/2015,Sunderland,Queens Park Rangers,0,2,1.80831,1.26883,4526,2026-08-28T17:44:43+00:00
2015-02-10,2014/2015,Hull City,Aston Villa,2,0,0.985975,0.423817,4527,2026-08-28T17:44:43+00:00
2015-02-10,2014/2015,Liverpool,Tottenham Hotspur,3,2,2.76444,1.71247,4528,2026-08-28T17:44:43+00:00
2015-02-11,2014/2015,Chelsea,Everton,1,0,0.89846,0.706994,4529,2026-08-28T17:44:43+00:00
2015-02-11,2014/2015,Stoke City,Manchester City,1,4,0.745602,2.13611,4530,2026-08-28T17:44:43+00:00
2015-02-11,2014/2015,Manchester United,Burnley,3,1,1.62116,1.85067,4531,2026-08-28T17:44:43+00:00
2015-02-11,2014/2015,Southampton,West Ham United,0,0,1.68446,0.125464,4532,2026-08-28T17:44:43+00:00
2015-02-11,2014/2015,Crystal Palace,Newcastle United,1,1,0.932684,0.444535,4533,2026-08-28T17:44:43+00:00
2015-02-11,2014/2015,West Bromwich Albion,Swansea City,2,0,0.685986,0.438959,4534,2026-08-28T17:44:43+00:00
2015-02-21,2014/2015,Aston Villa,Stoke City,1,2,0.234004,1.11955,4535,2026-08-28T17:44:43+00:00
2015-02-21,2014/2015,Chelsea,Burnley,1,1,1.53973,0.513251,4536,2026-08-28T17:44:43+00:00
2015-02-21,2014/2015,Crystal Palace,Arsenal,1,2,2.26395,2.08054,4537,2026-08-28T17:44:43+00:00
2015-02-21,2014/2015,Sunderland,West Bromwich Albion,0,0,0.699828,0.107318,4538,2026-08-28T17:44:43+00:00
2015-02-21,2014/2015,Swansea City,Manchester United,2,1,1.04218,1.47171,4539,2026-08-28T17:44:43+00:00
2015-02-21,2014/2015,Hull City,Queens Park Rangers,2,1,1.09259,0.190631,4540,2026-08-28T17:44:43+00:00
2015-02-21,2014/2015,Manchester City,Newcastle United,5,0,3.12533,0.166685,4541,2026-08-28T17:44:43+00:00
2015-02-22,2014/2015,Tottenham Hotspur,West Ham United,2,2,2.17554,2.20831,4542,2026-08-28T17:44:43+00:00
2015-02-22,2014/2015,Everton,Leicester City,2,2,2.05032,1.99519,4543,2026-08-28T17:44:43+00:00
2015-02-22,2014/2015,Southampton,Liverpool,0,2,0.869183,0.695778,4544,2026-08-28T17:44:43+00:00
2015-02-28,2014/2015,West Ham United,Crystal Palace,1,3,1.28506,0.851359,4545,2026-08-28T17:44:43+00:00
2015-02-28,2014/2015,West Bromwich Albion,Southampton,1,0,1.08916,0.579867,4546,2026-08-28T17:44:43+00:00
2015-02-28,2014/2015,Stoke City,Hull City,1,0,0.895577,0.344489,4547,2026-08-28T17:44:43+00:00
2015-02-28,2014/2015,Newcastle United,Aston Villa,1,0,0.93198,0.773437,4548,2026-08-28T17:44:43+00:00
2015-02-28,2014/2015,Burnley,Swansea City,0,1,0.898885,1.41451,4549,2026-08-28T17:44:43+00:00
2015-02-28,2014/2015,Manchester United,Sunderland,2,0,3.03534,0.272806,4550,2026-08-28T17:44:43+00:00
2015-03-01,2014/2015,Liverpool,Manchester City,2,1,0.769022,1.12846,4480,2026-08-28T17:44:43+00:00
2015-03-01,2014/2015,Arsenal,Everton,2,0,1.39298,0.367813,4481,2026-08-28T17:44:43+00:00
2015-03-03,2014/2015,Aston Villa,West Bromwich Albion,2,1,1.9201,0.905628,4482,2026-08-28T17:44:43+00:00
2015-03-03,2014/2015,Hull City,Sunderland,1,1,1.3938,1.23136,4483,2026-08-28T17:44:43+00:00
2015-03-03,2014/2015,Southampton,Crystal Palace,1,0,2.22869,0.392674,4484,2026-08-28T17:44:43+00:00
2015-03-04,2014/2015,West Ham United,Chelsea,0,1,1.46324,2.38358,4485,2026-08-28T17:44:43+00:00
2015-03-04,2014/2015,Manchester City,Leicester City,2,0,2.91599,0.217043,4486,2026-08-28T17:44:43+00:00
2015-03-04,2014/2015,Newcastle United,Manchester United,0,1,1.19246,1.68865,4487,2026-08-28T17:44:43+00:00
2015-03-04,2014/2015,Stoke City,Everton,2,0,1.03921,0.418315,4488,2026-08-28T17:44:43+00:00
2015-03-04,2014/2015,Tottenham Hotspur,Swansea City,3,2,2.13485,0.708217,4489,2026-08-28T17:44:43+00:00
2015-03-04,2014/2015,Queens Park Rangers,Arsenal,1,2,0.318849,2.1651,4490,2026-08-28T17:44:43+00:00
2015-03-04,2014/2015,Liverpool,Burnley,2,0,1.30453,0.319239,4491,2026-08-28T17:44:43+00:00
2015-03-07,2014/2015,Queens Park Rangers,Tottenham Hotspur,1,2,1.49775,2.62405,4492,2026-08-28T17:44:43+00:00
2015-03-14,2014/2015,Crystal Palace,Queens Park Rangers,3,1,2.20095,0.266048,4493,2026-08-28T17:44:43+00:00
2015-03-14,2014/2015,Arsenal,West Ham United,3,0,3.19619,0.478172,4494,2026-08-28T17:44:43+00:00
2015-03-14,2014/2015,Leicester City,Hull City,0,0,0.53913,1.0475,4495,2026-08-28T17:44:43+00:00
2015-03-14,2014/2015,West Bromwich Albion,Stoke City,1,0,0.958807,0.198751,4496,2026-08-28T17:44:43+00:00
2015-03-14,2014/2015,Sunderland,Aston Villa,0,4,0.472898,1.50195,4497,2026-08-28T17:44:43+00:00
2015-03-14,2014/2015,Burnley,Manchester City,1,0,0.242058,1.2576,4498,2026-08-28T17:44:43+00:00
2015-03-15,2014/2015,Chelsea,Southampton,1,1,3.19317,1.82802,4499,2026-08-28T17:44:43+00:00
2015-03-15,2014/2015,Everton,Newcastle United,3,0,2.25807,0.809194,4500,2026-08-28T17:44:43+00:00
2015-03-15,2014/2015,Manchester United,Tottenham Hotspur,3,0,1.02781,0.206431,4501,2026-08-28T17:44:43+00:00
2015-03-16,2014/2015,Swansea City,Liverpool,0,1,0.438751,1.69506,4502,2026-08-28T17:44:43+00:00
2015-03-21,2014/2015,Manchester City,West Bromwich Albion,3,0,4.90913,0.775158,4503,2026-08-28T17:44:43+00:00
2015-03-21,2014/2015,Aston Villa,Swansea City,0,1,0.762371,1.90437,4504,2026-08-28T17:44:43+00:00
2015-03-21,2014/2015,Tottenham Hotspur,Leicester City,4,3,2.82935,2.722,4505,2026-08-28T17:44:43+00:00
2015-03-21,2014/2015,Southampton,Burnley,2,0,1.92097,1.05022,4506,2026-08-28T17:44:43+00:00
2015-03-21,2014/2015,Stoke City,Crystal Palace,1,2,2.07851,2.14974,4507,2026-08-28T17:44:43+00:00
2015-03-21,2014/2015,Newcastle United,Arsenal,1,2,1.0068,0.754782,4508,2026-08-28T17:44:43+00:00
2015-03-21,2014/2015,West Ham United,Sunderland,1,0,0.99619,0.536562,4509,2026-08-28T17:44:43+00:00
2015-03-22,2014/2015,Liverpool,Manchester United,1,2,0.557648,1.22632,4510,2026-08-28T17:44:43+00:00
2015-03-22,2014/2015,Hull City,Chelsea,2,3,1.32415,0.758601,4511,2026-08-28T17:44:43+00:00
2015-03-22,2014/2015,Queens Park Rangers,Everton,1,2,1.39318,0.839996,4512,2026-08-28T17:44:43+00:00
2015-04-04,2014/2015,Arsenal,Liverpool,4,1,1.45672,1.21414,4440,2026-08-28T17:44:43+00:00
2015-04-04,2014/2015,Everton,Southampton,1,0,1.02048,0.533646,4441,2026-08-28T17:44:43+00:00
2015-04-04,2014/2015,Leicester City,West Ham United,2,1,3.43561,1.93553,4442,2026-08-28T17:44:43+00:00
2015-04-04,2014/2015,Manchester United,Aston Villa,3,1,1.9836,0.311787,4443,2026-08-28T17:44:43+00:00
2015-04-04,2014/2015,Swansea City,Hull City,3,1,1.49943,0.919329,4444,2026-08-28T17:44:43+00:00
2015-04-04,2014/2015,West Bromwich Albion,Queens Park Rangers,1,4,2.13361,1.20939,4445,2026-08-28T17:44:43+00:00
2015-04-04,2014/2015,Chelsea,Stoke City,2,1,3.28546,0.277288,4446,2026-08-28T17:44:43+00:00
2015-04-05,2014/2015,Burnley,Tottenham Hotspur,0,0,1.51355,0.377376,4447,2026-08-28T17:44:43+00:00
2015-04-05,2014/2015,Sunderland,Newcastle United,1,0,0.829443,0.798234,4448,2026-08-28T17:44:43+00:00
2015-04-06,2014/2015,Crystal Palace,Manchester City,2,1,1.32783,1.1129,4449,2026-08-28T17:44:43+00:00
2015-04-07,2014/2015,Aston Villa,Queens Park Rangers,3,3,1.86698,1.43061,4450,2026-08-28T17:44:43+00:00
2015-04-11,2014/2015,Swansea City,Everton,1,1,1.09678,0.842056,4451,2026-08-28T17:44:43+00:00
2015-04-11,2014/2015,Sunderland,Crystal Palace,1,4,0.617079,2.34787,4452,2026-08-28T17:44:43+00:00
2015-04-11,2014/2015,Southampton,Hull City,2,0,2.37369,0.737337,4453,2026-08-28T17:44:43+00:00
2015-04-11,2014/2015,West Ham United,Stoke City,1,1,0.604708,0.587985,4454,2026-08-28T17:44:43+00:00
2015-04-11,2014/2015,Tottenham Hotspur,Aston Villa,0,1,0.621738,0.860976,4455,2026-08-28T17:44:43+00:00
2015-04-11,2014/2015,West Bromwich Albion,Leicester City,2,3,0.968439,1.6874,4456,2026-08-28T17:44:43+00:00
2015-04-11,2014/2015,Burnley,Arsenal,0,1,0.65718,1.21096,4457,2026-08-28T17:44:43+00:00
2015-04-12,2014/2015,Queens Park Rangers,Chelsea,0,1,0.780982,0.920984,4458,2026-08-28T17:44:43+00:00
2015-04-12,2014/2015,Manchester United,Manchester City,4,2,2.66017,1.75844,4459,2026-08-28T17:44:43+00:00
2015-04-13,2014/2015,Liverpool,Newcastle United,2,0,1.26534,0.363343,4460,2026-08-28T17:44:43+00:00
2015-04-18,2014/2015,Everton,Burnley,1,0,2.36114,1.06159,4461,2026-08-28T17:44:43+00:00
2015-04-18,2014/2015,Crystal Palace,West Bromwich Albion,0,2,2.0561,0.698022,4462,2026-08-28T17:44:43+00:00
2015-04-18,2014/2015,Leicester City,Swansea City,2,0,2.57043,0.87346,4463,2026-08-28T17:44:43+00:00
2015-04-18,2014/2015,Stoke City,Southampton,2,1,2.26451,1.36108,4464,2026-08-28T17:44:43+00:00
2015-04-18,2014/2015,Chelsea,Manchester United,1,0,1.1493,0.744613,4465,2026-08-28T17:44:43+00:00
2015-04-19,2014/2015,Manchester City,West Ham United,2,0,2.05138,0.738105,4466,2026-08-28T17:44:43+00:00
2015-04-19,2014/2015,Newcastle United,Tottenham Hotspur,1,3,0.938886,1.99862,4467,2026-08-28T17:44:43+00:00
2015-04-25,2014/2015,Southampton,Tottenham Hotspur,2,2,1.39327,0.531276,4468,2026-08-28T17:44:43+00:00
2015-04-25,2014/2015,Queens Park Rangers,West Ham United,0,0,2.28143,0.824309,4469,2026-08-28T17:44:43+00:00
2015-04-25,2014/2015,Newcastle United,Swansea City,2,3,1.54939,1.58825,4470,2026-08-28T17:44:43+00:00
2015-04-25,2014/2015,West Bromwich Albion,Liverpool,0,0,0.507754,1.41235,4471,2026-08-28T17:44:43+00:00
2015-04-25,2014/2015,Stoke City,Sunderland,1,1,2.15079,2.17523,4472,2026-08-28T17:44:43+00:00
2015-04-25,2014/2015,Burnley,Leicester City,0,1,1.98975,1.21926,4473,2026-08-28T17:44:43+00:00
2015-04-25,2014/2015,Crystal Palace,Hull City,0,2,0.913865,2.37709,4474,2026-08-28T17:44:43+00:00
2015-04-25,2014/2015,Manchester City,Aston Villa,3,2,1.1892,0.901376,4475,2026-08-28T17:44:43+00:00
2015-04-26,2014/2015,Everton,Manchester United,3,0,1.07922,0.750462,4476,2026-08-28T17:44:43+00:00
2015-04-26,2014/2015,Arsenal,Chelsea,0,0,1.07482,0.853305,4477,2026-08-28T17:44:43+00:00
2015-04-28,2014/2015,Hull City,Liverpool,1,0,0.730978,0.523697,4478,2026-08-28T17:44:43+00:00
2015-04-29,2014/2015,Leicester City,Chelsea,1,3,0.600074,1.51717,4479,2026-08-28T17:44:43+00:00
2015-05-02,2014/2015,Leicester City,Newcastle United,3,0,4.02694,0.485003,4399,2026-08-28T17:44:43+00:00
2015-05-02,2014/2015,Liverpool,Queens Park Rangers,2,1,2.28745,0.386314,4400,2026-08-28T17:44:43+00:00
2015-05-02,2014/2015,Aston Villa,Everton,3,2,1.56179,1.4049,4401,2026-08-28T17:44:43+00:00
2015-05-02,2014/2015,Sunderland,Southampton,2,1,1.97694,0.906357,4402,2026-08-28T17:44:43+00:00
2015-05-02,2014/2015,Swansea City,Stoke City,2,0,2.07645,0.324134,4403,2026-08-28T17:44:43+00:00
2015-05-02,2014/2015,West Ham United,Burnley,1,0,3.23925,0.758485,4404,2026-08-28T17:44:43+00:00
2015-05-02,2014/2015,Manchester United,West Bromwich Albion,0,1,2.10841,0.317533,4405,2026-08-28T17:44:43+00:00
2015-05-03,2014/2015,Chelsea,Crystal Palace,1,0,1.5619,0.41646,4406,2026-08-28T17:44:43+00:00
2015-05-03,2014/2015,Tottenham Hotspur,Manchester City,0,1,2.07027,1.80612,4407,2026-08-28T17:44:43+00:00
2015-05-04,2014/2015,Hull City,Arsenal,1,3,0.474706,2.94938,4408,2026-08-28T17:44:43+00:00
2015-05-09,2014/2015,Everton,Sunderland,0,2,1.14341,1.19799,4409,2026-08-28T17:44:43+00:00
2015-05-09,2014/2015,Hull City,Burnley,0,1,1.12811,1.21303,4410,2026-08-28T17:44:43+00:00
2015-05-09,2014/2015,Aston Villa,West Ham United,1,0,1.26585,0.149381,4411,2026-08-28T17:44:43+00:00
2015-05-09,2014/2015,Leicester City,Southampton,2,0,1.64129,0.348109,4412,2026-08-28T17:44:43+00:00
2015-05-09,2014/2015,Newcastle United,West Bromwich Albion,1,1,1.23706,1.21081,4413,2026-08-28T17:44:43+00:00
2015-05-09,2014/2015,Stoke City,Tottenham Hotspur,3,0,2.138,0.298008,4414,2026-08-28T17:44:43+00:00
2015-05-09,2014/2015,Crystal Palace,Manchester United,1,2,1.04344,2.29775,4415,2026-08-28T17:44:43+00:00
2015-05-10,2014/2015,Manchester City,Queens Park Rangers,6,0,5.35103,0.872314,4416,2026-08-28T17:44:43+00:00
2015-05-10,2014/2015,Chelsea,Liverpool,1,1,0.535272,1.33324,4417,2026-08-28T17:44:43+00:00
2015-05-11,2014/2015,Arsenal,Swansea City,0,1,1.88364,0.347185,4418,2026-08-28T17:44:43+00:00
2015-05-16,2014/2015,Southampton,Aston Villa,6,1,3.59558,1.18593,4419,2026-08-28T17:44:43+00:00
2015-05-16,2014/2015,Queens Park Rangers,Newcastle United,2,1,0.470106,2.11207,4420,2026-08-28T17:44:43+00:00
2015-05-16,2014/2015,Sunderland,Leicester City,0,0,0.935248,0.682972,4421,2026-08-28T17:44:43+00:00
2015-05-16,2014/2015,Tottenham Hotspur,Hull City,2,0,1.70119,1.13285,4422,2026-08-28T17:44:43+00:00
2015-05-16,2014/2015,West Ham United,Everton,1,2,0.813296,2.07078,4423,2026-08-28T17:44:43+00:00
2015-05-16,2014/2015,Burnley,Stoke City,0,0,0.909845,1.76276,4424,2026-08-28T17:44:43+00:00
2015-05-16,2014/2015,Liverpool,Crystal Palace,1,3,1.11415,1.99504,4425,2026-08-28T17:44:43+00:00
2015-05-17,2014/2015,Swansea City,Manchester City,2,4,1.06125,2.28119,4426,2026-08-28T17:44:43+00:00
2015-05-17,2014/2015,Manchester United,Arsenal,1,1,0.715214,1.06814,4427,2026-08-28T17:44:43+00:00
2015-05-18,2014/2015,West Bromwich Albion,Chelsea,3,0,1.22743,1.07679,4428,2026-08-28T17:44:43+00:00
2015-05-20,2014/2015,Arsenal,Sunderland,0,0,1.68909,1.50177,4429,2026-08-28T17:44:43+00:00
2015-05-24,2014/2015,Aston Villa,Burnley,0,1,0.654751,0.66113,4430,2026-08-28T17:44:43+00:00
2015-05-24,2014/2015,Chelsea,Sunderland,3,1,2.52912,1.39272,4431,2026-08-28T17:44:43+00:00
2015-05-24,2014/2015,Crystal Palace,Swansea City,1,0,1.07504,0.118613,4432,2026-08-28T17:44:43+00:00
2015-05-24,2014/2015,Arsenal,West Bromwich Albion,4,1,3.16614,0.569092,4433,2026-08-28T17:44:43+00:00
2015-05-24,2014/2015,Everton,Tottenham Hotspur,0,1,0.646215,1.39049,4434,2026-08-28T17:44:43+00:00
2015-05-24,2014/2015,Hull City,Manchester United,0,0,0.984196,0.399522,4435,2026-08-28T17:44:43+00:00
2015-05-24,2014/2015,Leicester City,Queens Park Rangers,5,1,2.17428,1.26755,4436,2026-08-28T17:44:43+00:00
2015-05-24,2014/2015,Manchester City,Southampton,2,0,2.44073,0.775853,4437,2026-08-28T17:44:43+00:00
2015-05-24,2014/2015,Newcastle United,West Ham United,2,0,1.64216,0.416396,4438,2026-08-28T17:44:43+00:00
2015-05-24,2014/2015,Stoke City,Liverpool,6,1,2.15707,1.02292,4439,2026-08-28T17:44:43+00:00
2015-08-08,2015/2016,Manchester United,Tottenham Hotspur,1,0,0.627539,0.6746,81,2026-08-28T17:44:43+00:00
2015-08-08,2015/2016,AFC Bournemouth,Aston Villa,0,1,0.876106,0.782253,82,2026-08-28T17:44:43+00:00
2015-08-08,2015/2016,Everton,Watford,2,2,0.604226,0.557892,83,2026-08-28T17:44:43+00:00
2015-08-08,2015/2016,Leicester City,Sunderland,4,2,2.56803,1.45946,84,2026-08-28T17:44:43+00:00
2015-08-08,2015/2016,Norwich City,Crystal Palace,1,3,1.13076,2.10975,85,2026-08-28T17:44:43+00:00
2015-08-08,2015/2016,Chelsea,Swansea City,2,2,0.64396,2.59203,86,2026-08-28T17:44:43+00:00
2015-08-09,2015/2016,Newcastle United,Southampton,2,2,1.54613,1.2529,87,2026-08-28T17:44:43+00:00
2015-08-09,2015/2016,Arsenal,West Ham United,0,2,1.33166,0.535961,88,2026-08-28T17:44:43+00:00
2015-08-09,2015/2016,Stoke City,Liverpool,0,1,0.381274,0.329873,89,2026-08-28T17:44:43+00:00
2015-08-10,2015/2016,West Bromwich Albion,Manchester City,0,3,0.435238,1.9242,90,2026-08-28T17:44:43+00:00
2015-08-14,2015/2016,Aston Villa,Manchester United,0,1,0.219118,0.660404,91,2026-08-28T17:44:43+00:00
2015-08-15,2015/2016,Southampton,Everton,0,3,1.06214,1.39628,92,2026-08-28T17:44:43+00:00
2015-08-15,2015/2016,Sunderland,Norwich City,1,3,0.329128,1.71686,93,2026-08-28T17:44:43+00:00
2015-08-15,2015/2016,Swansea City,Newcastle United,2,0,1.97424,0.113109,94,2026-08-28T17:44:43+00:00
2015-08-15,2015/2016,Tottenham Hotspur,Stoke City,2,2,1.70614,2.80956,95,2026-08-28T17:44:43+00:00
2015-08-15,2015/2016,Watford,West Bromwich Albion,0,0,0.760848,0.684036,96,2026-08-28T17:44:43+00:00
2015-08-15,2015/2016,West Ham United,Leicester City,1,2,0.513491,1.80939,97,2026-08-28T17:44:43+00:00
2015-08-16,2015/2016,Crystal Palace,Arsenal,1,2,0.964134,2.05542,98,2026-08-28T17:44:43+00:00
2015-08-16,2015/2016,Manchester City,Chelsea,3,0,2.18579,0.482423,99,2026-08-28T17:44:43+00:00
2015-08-17,2015/2016,Liverpool,AFC Bournemouth,1,0,2.15062,0.460805,100,2026-08-28T17:44:43+00:00
2015-08-22,2015/2016,Manchester United,Newcastle United,0,0,1.2491,0.4384,101,2026-08-28T17:44:43+00:00
2015-08-22,2015/2016,Norwich City,Stoke City,1,1,3.14888,0.698228,102,2026-08-28T17:44:43+00:00
2015-08-22,2015/2016,Sunderland,Swansea City,1,1,0.569426,1.56064,103,2026-08-28T17:44:43+00:00
2015-08-22,2015/2016,Crystal Palace,Aston Villa,2,1,1.23807,0.765278,104,2026-08-28T17:44:43+00:00
2015-08-22,2015/2016,Leicester City,Tottenham Hotspur,1,1,0.829012,1.89437,105,2026-08-28T17:44:43+00:00
2015-08-22,2015/2016,West Ham United,AFC Bournemouth,3,4,1.50203,2.8554,106,2026-08-28T17:44:43+00:00
2015-08-23,2015/2016,West Bromwich Albion,Chelsea,2,3,1.42622,2.02778,107,2026-08-28T17:44:43+00:00
2015-08-23,2015/2016,Everton,Manchester City,0,2,0.579338,1.57983,108,2026-08-28T17:44:43+00:00
2015-08-23,2015/2016,Watford,Southampton,0,0,1.17588,0.68359,109,2026-08-28T17:44:43+00:00
2015-08-24,2015/2016,Arsenal,Liverpool,0,0,1.83755,1.29206,110,2026-08-28T17:44:43+00:00
2015-08-29,2015/2016,Newcastle United,Arsenal,0,1,0.0319694,2.33948,111,2026-08-28T17:44:43+00:00
2015-08-29,2015/2016,Stoke City,West Bromwich Albion,0,1,1.21771,0.881194,112,2026-08-28T17:44:43+00:00
2015-08-29,2015/2016,Aston Villa,Sunderland,2,2,2.27406,0.368848,113,2026-08-28T17:44:43+00:00
2015-08-29,2015/2016,AFC Bournemouth,Leicester City,1,1,0.321432,0.919097,114,2026-08-28T17:44:43+00:00
2015-08-29,2015/2016,Chelsea,Crystal Palace,1,2,1.27906,2.19283,115,2026-08-28T17:44:43+00:00
2015-08-29,2015/2016,Liverpool,West Ham United,0,3,0.561737,0.97217,116,2026-08-28T17:44:43+00:00
2015-08-29,2015/2016,Manchester City,Watford,2,0,1.52895,0.363603,117,2026-08-28T17:44:43+00:00
2015-08-29,2015/2016,Tottenham Hotspur,Everton,0,0,1.99917,0.694692,118,2026-08-28T17:44:43+00:00
2015-08-30,2015/2016,Southampton,Norwich City,3,0,2.85501,0.639434,119,2026-08-28T17:44:43+00:00
2015-08-30,2015/2016,Swansea City,Manchester United,2,1,0.971183,1.28089,120,2026-08-28T17:44:43+00:00
2015-09-12,2015/2016,Everton,Chelsea,3,1,1.18026,0.656048,121,2026-08-28T17:44:43+00:00
2015-09-12,2015/2016,Arsenal,Stoke City,2,0,4.42684,0.191277,122,2026-08-28T17:44:43+00:00
2015-09-12,2015/2016,Crystal Palace,Manchester City,0,1,0.743193,3.08883,123,2026-08-28T17:44:43+00:00
2015-09-12,2015/2016,Watford,Swansea City,1,0,1.57333,0.503008,124,2026-08-28T17:44:43+00:00
2015-09-12,2015/2016,West Bromwich Albion,Southampton,0,0,0.409143,1.00731,125,2026-08-28T17:44:43+00:00
2015-09-12,2015/2016,Norwich City,AFC Bournemouth,3,1,1.33151,0.389495,126,2026-08-28T17:44:43+00:00
2015-09-12,2015/2016,Manchester United,Liverpool,3,1,1.46206,1.02572,127,2026-08-28T17:44:43+00:00
2015-09-13,2015/2016,Sunderland,Tottenham Hotspur,0,1,1.0407,1.45615,128,2026-08-28T17:44:43+00:00
2015-09-13,2015/2016,Leicester City,Aston Villa,3,2,1.34987,0.953181,129,2026-08-28T17:44:43+00:00
2015-09-14,2015/2016,West Ham United,Newcastle United,2,0,1.71282,0.716599,130,2026-08-28T17:44:43+00:00
2015-09-19,2015/2016,Chelsea,Arsenal,2,0,2.0687,0.775312,131,2026-08-28T17:44:43+00:00
2015-09-19,2015/2016,Newcastle United,Watford,1,2,1.15114,1.33961,132,2026-08-28T17:44:43+00:00
2015-09-19,2015/2016,Aston Villa,West Bromwich Albion,0,1,0.876719,0.632761,133,2026-08-28T17:44:43+00:00
2015-09-19,2015/2016,AFC Bournemouth,Sunderland,2,0,0.644335,0.854867,134,2026-08-28T17:44:43+00:00
2015-09-19,2015/2016,Stoke City,Leicester City,2,2,1.14717,1.22582,135,2026-08-28T17:44:43+00:00
2015-09-19,2015/2016,Swansea City,Everton,0,0,0.864868,1.77458,136,2026-08-28T17:44:43+00:00
2015-09-19,2015/2016,Manchester City,West Ham United,1,2,2.98465,0.995273,137,2026-08-28T17:44:43+00:00
2015-09-20,2015/2016,Tottenham Hotspur,Crystal Palace,1,0,1.01573,0.538439,138,2026-08-28T17:44:43+00:00
2015-09-20,2015/2016,Southampton,Manchester United,2,3,1.83663,1.65119,139,2026-08-28T17:44:43+00:00
2015-09-20,2015/2016,Liverpool,Norwich City,1,1,1.90447,0.556271,140,2026-08-28T17:44:43+00:00
2015-09-26,2015/2016,Tottenham Hotspur,Manchester City,4,1,2.30799,1.57842,141,2026-08-28T17:44:43+00:00
2015-09-26,2015/2016,Southampton,Swansea City,3,1,1.55418,1.41962,142,2026-08-28T17:44:43+00:00
2015-09-26,2015/2016,Stoke City,AFC Bournemouth,2,1,1.94483,0.871678,143,2026-08-28T17:44:43+00:00
2015-09-26,2015/2016,Leicester City,Arsenal,2,5,1.38516,3.89623,144,2026-08-28T17:44:43+00:00
2015-09-26,2015/2016,Liverpool,Aston Villa,3,2,1.78331,0.892054,145,2026-08-28T17:44:43+00:00
2015-09-26,2015/2016,Manchester United,Sunderland,3,0,2.8971,0.832139,146,2026-08-28T17:44:43+00:00
2015-09-26,2015/2016,West Ham United,Norwich City,2,2,2.60407,1.38603,147,2026-08-28T17:44:43+00:00
2015-09-26,2015/2016,Newcastle United,Chelsea,2,2,0.702109,1.30593,148,2026-08-28T17:44:43+00:00
2015-09-27,2015/2016,Watford,Crystal Palace,0,1,0.685939,2.33566,149,2026-08-28T17:44:43+00:00
2015-09-28,2015/2016,West Bromwich Albion,Everton,2,3,1.27511,2.30159,150,2026-08-28T17:44:43+00:00
2015-10-03,2015/2016,Crystal Palace,West Bromwich Albion,2,0,1.99083,0.255528,151,2026-08-28T17:44:43+00:00
2015-10-03,2015/2016,Aston Villa,Stoke City,0,1,0.839028,1.03499,152,2026-08-28T17:44:43+00:00
2015-10-03,2015/2016,AFC Bournemouth,Watford,1,1,1.50268,0.913291,153,2026-08-28T17:44:43+00:00
2015-10-03,2015/2016,Manchester City,Newcastle United,6,1,3.3346,0.980279,154,2026-08-28T17:44:43+00:00
2015-10-03,2015/2016,Norwich City,Leicester City,1,2,1.18074,3.00282,155,2026-08-28T17:44:43+00:00
2015-10-03,2015/2016,Sunderland,West Ham United,2,2,1.08401,1.93656,156,2026-08-28T17:44:43+00:00
2015-10-03,2015/2016,Chelsea,Southampton,1,3,0.520175,1.58246,157,2026-08-28T17:44:43+00:00
2015-10-04,2015/2016,Everton,Liverpool,1,1,1.20063,1.30844,158,2026-08-28T17:44:43+00:00
2015-10-04,2015/2016,Swansea City,Tottenham Hotspur,2,2,0.774806,1.18142,159,2026-08-28T17:44:43+00:00
2015-10-04,2015/2016,Arsenal,Manchester United,3,0,2.16952,1.03953,160,2026-08-28T17:44:43+00:00
2015-10-17,2015/2016,Tottenham Hotspur,Liverpool,0,0,0.586228,0.715892,161,2026-08-28T17:44:43+00:00
2015-10-17,2015/2016,Southampton,Leicester City,2,2,1.46668,2.78648,162,2026-08-28T17:44:43+00:00
2015-10-17,2015/2016,West Bromwich Albion,Sunderland,1,0,2.07781,0.658473,163,2026-08-28T17:44:43+00:00
2015-10-17,2015/2016,Chelsea,Aston Villa,2,0,1.22875,0.795846,164,2026-08-28T17:44:43+00:00
2015-10-17,2015/2016,Crystal Palace,West Ham United,1,3,1.08391,2.76356,165,2026-08-28T17:44:43+00:00
2015-10-17,2015/2016,Everton,Manchester United,0,3,0.653457,1.47853,166,2026-08-28T17:44:43+00:00
2015-10-17,2015/2016,Manchester City,AFC Bournemouth,5,1,4.71274,0.173025,167,2026-08-28T17:44:43+00:00
2015-10-17,2015/2016,Watford,Arsenal,0,3,0.254791,2.69046,168,2026-08-28T17:44:43+00:00
2015-10-18,2015/2016,Newcastle United,Norwich City,6,2,2.24896,1.34395,169,2026-08-28T17:44:43+00:00
2015-10-19,2015/2016,Swansea City,Stoke City,0,1,0.485489,1.64894,170,2026-08-28T17:44:43+00:00
2015-10-24,2015/2016,Aston Villa,Swansea City,1,2,1.09516,1.74353,171,2026-08-28T17:44:43+00:00
2015-10-24,2015/2016,Leicester City,Crystal Palace,1,0,1.33502,0.240008,172,2026-08-28T17:44:43+00:00
2015-10-24,2015/2016,West Ham United,Chelsea,2,1,0.77284,1.1356,173,2026-08-28T17:44:43+00:00
2015-10-24,2015/2016,Norwich City,West Bromwich Albion,0,1,1.03228,1.45436,174,2026-08-28T17:44:43+00:00
2015-10-24,2015/2016,Stoke City,Watford,0,2,0.848432,1.0403,175,2026-08-28T17:44:43+00:00
2015-10-24,2015/2016,Arsenal,Everton,2,1,2.55754,0.373025,176,2026-08-28T17:44:43+00:00
2015-10-25,2015/2016,Sunderland,Newcastle United,3,0,2.37969,1.41744,177,2026-08-28T17:44:43+00:00
2015-10-25,2015/2016,AFC Bournemouth,Tottenham Hotspur,1,5,0.490581,3.43313,178,2026-08-28T17:44:43+00:00
2015-10-25,2015/2016,Manchester United,Manchester City,0,0,0.391754,0.310718,179,2026-08-28T17:44:43+00:00
2015-10-25,2015/2016,Liverpool,Southampton,1,1,0.682823,1.56383,180,2026-08-28T17:44:43+00:00
2015-10-31,2015/2016,Chelsea,Liverpool,1,3,0.735762,0.839342,181,2026-08-28T17:44:43+00:00
2015-10-31,2015/2016,Crystal Palace,Manchester United,0,0,0.939118,0.394404,182,2026-08-28T17:44:43+00:00
2015-10-31,2015/2016,Manchester City,Norwich City,2,1,2.83557,1.17497,183,2026-08-28T17:44:43+00:00
2015-10-31,2015/2016,Newcastle United,Stoke City,0,0,1.26075,1.38017,184,2026-08-28T17:44:43+00:00
2015-10-31,2015/2016,Swansea City,Arsenal,0,3,0.264441,2.17657,185,2026-08-28T17:44:43+00:00
2015-10-31,2015/2016,Watford,West Ham United,2,0,1.61544,0.605625,186,2026-08-28T17:44:43+00:00
2015-10-31,2015/2016,West Bromwich Albion,Leicester City,2,3,1.50447,2.22545,187,2026-08-28T17:44:43+00:00
2015-11-01,2015/2016,Everton,Sunderland,6,2,2.34852,1.21834,188,2026-08-28T17:44:43+00:00
2015-11-01,2015/2016,Southampton,AFC Bournemouth,2,0,1.15966,0.712132,189,2026-08-28T17:44:43+00:00
2015-11-03,2015/2016,Tottenham Hotspur,Aston Villa,3,1,1.14374,0.325711,190,2026-08-28T17:44:43+00:00
2015-11-07,2015/2016,AFC Bournemouth,Newcastle United,0,1,1.00427,0.504409,191,2026-08-28T17:44:43+00:00
2015-11-07,2015/2016,Leicester City,Watford,2,1,1.56389,1.00531,192,2026-08-28T17:44:43+00:00
2015-11-07,2015/2016,Manchester United,West Bromwich Albion,2,0,1.2779,0.594031,193,2026-08-28T17:44:43+00:00
2015-11-07,2015/2016,Norwich City,Swansea City,1,0,1.19517,0.402284,194,2026-08-28T17:44:43+00:00
2015-11-07,2015/2016,West Ham United,Everton,1,1,0.589567,1.08814,195,2026-08-28T17:44:43+00:00
2015-11-07,2015/2016,Sunderland,Southampton,0,1,0.299104,1.79578,196,2026-08-28T17:44:43+00:00
2015-11-07,2015/2016,Stoke City,Chelsea,1,0,0.825418,1.02642,197,2026-08-28T17:44:43+00:00
2015-11-08,2015/2016,Aston Villa,Manchester City,0,0,0.182741,1.53281,198,2026-08-28T17:44:43+00:00
2015-11-08,2015/2016,Arsenal,Tottenham Hotspur,1,1,2.01767,0.90585,199,2026-08-28T17:44:43+00:00
2015-11-08,2015/2016,Liverpool,Crystal Palace,1,2,2.15673,0.849281,200,2026-08-28T17:44:43+00:00
2015-11-21,2015/2016,Watford,Manchester United,1,2,1.47077,1.30264,201,2026-08-28T17:44:43+00:00
2015-11-21,2015/2016,Swansea City,AFC Bournemouth,2,2,1.88526,1.58509,202,2026-08-28T17:44:43+00:00
2015-11-21,2015/2016,Southampton,Stoke City,0,1,0.709485,1.19495,203,2026-08-28T17:44:43+00:00
2015-11-21,2015/2016,West Bromwich Albion,Arsenal,2,1,0.332888,2.08956,204,2026-08-28T17:44:43+00:00
2015-11-21,2015/2016,Newcastle United,Leicester City,0,3,0.372387,3.27478,205,2026-08-28T17:44:43+00:00
2015-11-21,2015/2016,Everton,Aston Villa,4,0,2.83068,0.322061,206,2026-08-28T17:44:43+00:00
2015-11-21,2015/2016,Chelsea,Norwich City,1,0,2.16487,0.202798,207,2026-08-28T17:44:43+00:00
2015-11-21,2015/2016,Manchester City,Liverpool,1,4,1.08612,2.61697,208,2026-08-28T17:44:43+00:00
2015-11-22,2015/2016,Tottenham Hotspur,West Ham United,4,1,3.22353,0.818937,209,2026-08-28T17:44:43+00:00
2015-11-24,2015/2016,Crystal Palace,Sunderland,0,1,0.696183,1.30739,210,2026-08-28T17:44:43+00:00
2015-11-28,2015/2016,Sunderland,Stoke City,2,0,0.863466,0.79464,211,2026-08-28T17:44:43+00:00
2015-11-28,2015/2016,Aston Villa,Watford,2,3,1.48969,1.45176,212,2026-08-28T17:44:43+00:00
2015-11-28,2015/2016,AFC Bournemouth,Everton,3,3,1.69105,0.729005,213,2026-08-28T17:44:43+00:00
2015-11-28,2015/2016,Crystal Palace,Newcastle United,5,1,1.67836,0.791299,214,2026-08-28T17:44:43+00:00
2015-11-28,2015/2016,Manchester City,Southampton,3,1,2.12331,1.24478,215,2026-08-28T17:44:43+00:00
2015-11-28,2015/2016,Leicester City,Manchester United,1,1,0.876256,1.05613,216,2026-08-28T17:44:43+00:00
2015-11-29,2015/2016,Tottenham Hotspur,Chelsea,0,0,0.333494,0.283375,217,2026-08-28T17:44:43+00:00
2015-11-29,2015/2016,West Ham United,West Bromwich Albion,1,1,1.41404,0.866305,218,2026-08-28T17:44:43+00:00
2015-11-29,2015/2016,Liverpool,Swansea City,1,0,1.19358,0.367517,219,2026-08-28T17:44:43+00:00
2015-11-29,2015/2016,Norwich City,Arsenal,1,1,1.01025,1.65699,220,2026-08-28T17:44:43+00:00
2015-12-05,2015/2016,Stoke City,Manchester City,2,0,2.01436,0.483752,221,2026-08-28T17:44:43+00:00
2015-12-05,2015/2016,Swansea City,Leicester City,0,3,0.780602,2.20962,222,2026-08-28T17:44:43+00:00
2015-12-05,2015/2016,Watford,Norwich City,2,0,2.07199,0.310524,223,2026-08-28T17:44:43+00:00
2015-12-05,2015/2016,West Bromwich Albion,Tottenham Hotspur,1,1,1.48695,1.12876,224,2026-08-28T17:44:43+00:00
2015-12-05,2015/2016,Arsenal,Sunderland,3,1,2.29559,1.5228,225,2026-08-28T17:44:43+00:00
2015-12-05,2015/2016,Manchester United,West Ham United,0,0,1.76061,1.10206,226,2026-08-28T17:44:43+00:00
2015-12-05,2015/2016,Southampton,Aston Villa,1,1,2.86051,1.058,227,2026-08-28T17:44:43+00:00
2015-12-05,2015/2016,Chelsea,AFC Bournemouth,0,1,1.66952,1.25911,228,2026-08-28T17:44:43+00:00
2015-12-06,2015/2016,Newcastle United,Liverpool,2,0,0.646346,0.999043,229,2026-08-28T17:44:43+00:00
2015-12-08,2015/2016,Everton,Crystal Palace,1,1,1.69774,1.1905,230,2026-08-28T17:44:43+00:00
2015-12-12,2015/2016,Norwich City,Everton,1,1,1.49283,2.43558,231,2026-08-28T17:44:43+00:00
2015-12-12,2015/2016,Manchester City,Swansea City,2,1,1.34338,0.962789,232,2026-08-28T17:44:43+00:00
2015-12-12,2015/2016,Sunderland,Watford,0,1,0.879474,2.0562,233,2026-08-28T17:44:43+00:00
2015-12-12,2015/2016,Crystal Palace,Southampton,1,0,1.31177,0.890411,234,2026-08-28T17:44:43+00:00
2015-12-12,2015/2016,West Ham United,Stoke City,0,0,1.13181,1.87239,235,2026-08-28T17:44:43+00:00
2015-12-12,2015/2016,AFC Bournemouth,Manchester United,2,1,1.05032,1.96768,236,2026-08-28T17:44:43+00:00
2015-12-13,2015/2016,Aston Villa,Arsenal,0,2,1.00876,1.68498,237,2026-08-28T17:44:43+00:00
2015-12-13,2015/2016,Liverpool,West Bromwich Albion,2,2,2.12583,0.835885,238,2026-08-28T17:44:43+00:00
2015-12-13,2015/2016,Tottenham Hotspur,Newcastle United,1,2,1.03317,1.55252,239,2026-08-28T17:44:43+00:00
2015-12-15,2015/2016,Leicester City,Chelsea,2,1,0.708846,2.26887,240,2026-08-28T17:44:43+00:00
2015-12-19,2015/2016,West Bromwich Albion,AFC Bournemouth,1,2,0.698255,1.89177,241,2026-08-28T17:44:43+00:00
2015-12-19,2015/2016,Southampton,Tottenham Hotspur,0,2,0.83385,1.47453,242,2026-08-28T17:44:43+00:00
2015-12-19,2015/2016,Stoke City,Crystal Palace,1,2,2.41499,1.95347,243,2026-08-28T17:44:43+00:00
2015-12-19,2015/2016,Chelsea,Sunderland,3,1,3.02023,1.23573,244,2026-08-28T17:44:43+00:00
2015-12-19,2015/2016,Everton,Leicester City,2,3,1.48982,2.02911,245,2026-08-28T17:44:43+00:00
2015-12-19,2015/2016,Manchester United,Norwich City,1,2,1.01394,0.556897,246,2026-08-28T17:44:43+00:00
2015-12-19,2015/2016,Newcastle United,Aston Villa,1,1,1.28189,0.404373,247,2026-08-28T17:44:43+00:00
2015-12-20,2015/2016,Watford,Liverpool,3,0,1.99336,0.376313,248,2026-08-28T17:44:43+00:00
2015-12-20,2015/2016,Swansea City,West Ham United,0,0,0.973378,0.401988,249,2026-08-28T17:44:43+00:00
2015-12-22,2015/2016,Arsenal,Manchester City,2,1,1.50109,0.769378,250,2026-08-28T17:44:43+00:00
2015-12-26,2015/2016,Stoke City,Manchester United,2,0,1.18211,1.28961,251,2026-08-28T17:44:43+00:00
2015-12-26,2015/2016,Swansea City,West Bromwich Albion,1,0,1.21243,0.554583,252,2026-08-28T17:44:43+00:00
2015-12-26,2015/2016,Tottenham Hotspur,Norwich City,3,0,2.40666,0.452019,253,2026-08-28T17:44:43+00:00
2015-12-26,2015/2016,Aston Villa,West Ham United,1,1,1.61235,0.836027,254,2026-08-28T17:44:43+00:00
2015-12-26,2015/2016,AFC Bournemouth,Crystal Palace,0,0,0.871395,0.405181,255,2026-08-28T17:44:43+00:00
2015-12-26,2015/2016,Chelsea,Watford,2,2,2.09356,1.667,256,2026-08-28T17:44:43+00:00
2015-12-26,2015/2016,Liverpool,Leicester City,1,0,1.37933,0.505167,257,2026-08-28T17:44:43+00:00
2015-12-26,2015/2016,Manchester City,Sunderland,4,1,3.51848,1.08103,258,2026-08-28T17:44:43+00:00
2015-12-26,2015/2016,Newcastle United,Everton,0,1,1.35711,1.69923,259,2026-08-28T17:44:43+00:00
2015-12-26,2015/2016,Southampton,Arsenal,4,0,2.4303,0.83106,260,2026-08-28T17:44:43+00:00
2015-12-28,2015/2016,West Bromwich Albion,Newcastle United,1,0,2.1039,0.456189,261,2026-08-28T17:44:43+00:00
2015-12-28,2015/2016,Watford,Tottenham Hotspur,1,2,1.13011,0.527248,262,2026-08-28T17:44:43+00:00
2015-12-28,2015/2016,Norwich City,Aston Villa,2,0,1.10319,0.235874,263,2026-08-28T17:44:43+00:00
2015-12-28,2015/2016,Crystal Palace,Swansea City,0,0,0.735185,0.169425,264,2026-08-28T17:44:43+00:00
2015-12-28,2015/2016,Everton,Stoke City,3,4,2.2472,1.58159,265,2026-08-28T17:44:43+00:00
2015-12-28,2015/2016,Arsenal,AFC Bournemouth,2,0,3.12958,0.343752,266,2026-08-28T17:44:43+00:00
2015-12-28,2015/2016,Manchester United,Chelsea,0,0,1.35213,0.900029,267,2026-08-28T17:44:43+00:00
2015-12-28,2015/2016,West Ham United,Southampton,2,1,1.79562,1.3709,268,2026-08-28T17:44:43+00:00
2015-12-29,2015/2016,Leicester City,Manchester City,0,0,0.810377,1.66777,269,2026-08-28T17:44:43+00:00
2015-12-30,2015/2016,Sunderland,Liverpool,0,1,0.481551,1.80743,270,2026-08-28T17:44:43+00:00
2016-01-02,2015/2016,West Ham United,Liverpool,2,0,2.06737,1.86591,271,2026-08-28T17:44:43+00:00
2016-01-02,2015/2016,West Bromwich Albion,Stoke City,2,1,1.72318,0.917526,272,2026-08-28T17:44:43+00:00
2016-01-02,2015/2016,Arsenal,Newcastle United,1,0,1.93025,1.15339,273,2026-08-28T17:44:43+00:00
2016-01-02,2015/2016,Leicester City,AFC Bournemouth,0,0,2.28506,1.2593,274,2026-08-28T17:44:43+00:00
2016-01-02,2015/2016,Manchester United,Swansea City,2,1,1.74266,0.542907,275,2026-08-28T17:44:43+00:00
2016-01-02,2015/2016,Norwich City,Southampton,1,0,1.50509,0.932294,276,2026-08-28T17:44:43+00:00
2016-01-02,2015/2016,Sunderland,Aston Villa,3,1,0.761225,0.27956,277,2026-08-28T17:44:43+00:00
2016-01-02,2015/2016,Watford,Manchester City,1,2,0.985368,0.692054,278,2026-08-28T17:44:43+00:00
2016-01-03,2015/2016,Crystal Palace,Chelsea,0,3,0.546499,2.3747,279,2026-08-28T17:44:43+00:00
2016-01-03,2015/2016,Everton,Tottenham Hotspur,1,1,0.721603,0.75907,280,2026-08-28T17:44:43+00:00
2016-01-12,2015/2016,Newcastle United,Manchester United,3,3,1.81304,2.36216,281,2026-08-28T17:44:43+00:00
2016-01-12,2015/2016,Aston Villa,Crystal Palace,1,0,0.551973,0.547913,282,2026-08-28T17:44:43+00:00
2016-01-12,2015/2016,AFC Bournemouth,West Ham United,1,3,0.729546,1.18455,283,2026-08-28T17:44:43+00:00
2016-01-13,2015/2016,Southampton,Watford,2,0,1.7224,0.11543,284,2026-08-28T17:44:43+00:00
2016-01-13,2015/2016,Stoke City,Norwich City,3,1,1.24456,0.193728,285,2026-08-28T17:44:43+00:00
2016-01-13,2015/2016,Swansea City,Sunderland,2,4,1.06526,2.49057,286,2026-08-28T17:44:43+00:00
2016-01-13,2015/2016,Chelsea,West Bromwich Albion,2,2,1.38532,0.704263,287,2026-08-28T17:44:43+00:00
2016-01-13,2015/2016,Manchester City,Everton,0,0,1.44957,0.369548,288,2026-08-28T17:44:43+00:00
2016-01-14,2015/2016,Liverpool,Arsenal,3,3,1.16222,2.22912,289,2026-08-28T17:44:43+00:00
2016-01-14,2015/2016,Tottenham Hotspur,Leicester City,0,1,1.2301,0.588708,290,2026-08-28T17:44:43+00:00
2016-01-16,2015/2016,Tottenham Hotspur,Sunderland,4,1,2.02579,0.617306,291,2026-08-28T17:44:43+00:00
2016-01-16,2015/2016,Manchester City,Crystal Palace,4,0,1.74025,0.613339,292,2026-08-28T17:44:43+00:00
2016-01-16,2015/2016,Newcastle United,West Ham United,2,1,1.84261,1.08248,293,2026-08-28T17:44:43+00:00
2016-01-16,2015/2016,Southampton,West Bromwich Albion,3,0,1.42623,0.410757,294,2026-08-28T17:44:43+00:00
2016-01-16,2015/2016,Chelsea,Everton,3,3,2.44864,1.5891,295,2026-08-28T17:44:43+00:00
2016-01-16,2015/2016,AFC Bournemouth,Norwich City,3,0,2.53086,0.595472,296,2026-08-28T17:44:43+00:00
2016-01-16,2015/2016,Aston Villa,Leicester City,1,1,0.665386,2.21525,297,2026-08-28T17:44:43+00:00
2016-01-17,2015/2016,Liverpool,Manchester United,0,1,0.952974,0.715703,298,2026-08-28T17:44:43+00:00
2016-01-17,2015/2016,Stoke City,Arsenal,0,0,0.546879,0.585841,299,2026-08-28T17:44:43+00:00
2016-01-19,2015/2016,Swansea City,Watford,1,0,0.474035,0.525478,300,2026-08-28T17:44:43+00:00
2016-01-23,2015/2016,Norwich City,Liverpool,4,5,1.03432,1.44943,301,2026-08-28T17:44:43+00:00
2016-01-23,2015/2016,Crystal Palace,Tottenham Hotspur,1,3,0.930792,1.74368,302,2026-08-28T17:44:43+00:00
2016-01-23,2015/2016,Manchester United,Southampton,0,1,0.187217,0.83591,303,2026-08-28T17:44:43+00:00
2016-01-23,2015/2016,Leicester City,Stoke City,3,0,2.25906,0.340483,304,2026-08-28T17:44:43+00:00
2016-01-23,2015/2016,West Bromwich Albion,Aston Villa,0,0,0.23184,0.562461,305,2026-08-28T17:44:43+00:00
2016-01-23,2015/2016,Sunderland,AFC Bournemouth,1,1,0.612134,1.26851,306,2026-08-28T17:44:43+00:00
2016-01-23,2015/2016,Watford,Newcastle United,2,1,2.58707,1.29267,307,2026-08-28T17:44:43+00:00
2016-01-23,2015/2016,West Ham United,Manchester City,2,2,1.01267,1.73182,308,2026-08-28T17:44:43+00:00
2016-01-24,2015/2016,Everton,Swansea City,1,2,1.94094,1.08055,309,2026-08-28T17:44:43+00:00
2016-01-24,2015/2016,Arsenal,Chelsea,0,1,1.10907,1.48778,310,2026-08-28T17:44:43+00:00
2016-02-02,2015/2016,Arsenal,Southampton,0,0,3.38487,0.93405,311,2026-08-28T17:44:43+00:00
2016-02-02,2015/2016,Leicester City,Liverpool,2,0,1.34566,0.580791,312,2026-08-28T17:44:43+00:00
2016-02-02,2015/2016,Norwich City,Tottenham Hotspur,0,3,0.929319,2.75469,313,2026-08-28T17:44:43+00:00
2016-02-02,2015/2016,Sunderland,Manchester City,0,1,0.888437,0.638461,314,2026-08-28T17:44:43+00:00
2016-02-02,2015/2016,West Ham United,Aston Villa,2,0,2.34619,0.107888,315,2026-08-28T17:44:43+00:00
2016-02-03,2015/2016,Crystal Palace,AFC Bournemouth,1,2,1.62395,1.17427,316,2026-08-28T17:44:43+00:00
2016-02-03,2015/2016,Manchester United,Stoke City,3,0,2.45272,0.350909,317,2026-08-28T17:44:43+00:00
2016-02-03,2015/2016,West Bromwich Albion,Swansea City,1,1,2.30645,1.17928,318,2026-08-28T17:44:43+00:00
2016-02-03,2015/2016,Everton,Newcastle United,3,0,2.48447,0.626239,319,2026-08-28T17:44:43+00:00
2016-02-03,2015/2016,Watford,Chelsea,0,0,0.531415,1.13694,320,2026-08-28T17:44:43+00:00
2016-02-06,2015/2016,Manchester City,Leicester City,1,3,1.70719,2.50168,321,2026-08-28T17:44:43+00:00
2016-02-06,2015/2016,Newcastle United,West Bromwich Albion,1,0,2.41057,0.472556,322,2026-08-28T17:44:43+00:00
2016-02-06,2015/2016,Stoke City,Everton,0,3,0.693548,3.05913,323,2026-08-28T17:44:43+00:00
2016-02-06,2015/2016,Tottenham Hotspur,Watford,1,0,2.00475,0.149839,324,2026-08-28T17:44:43+00:00
2016-02-06,2015/2016,Swansea City,Crystal Palace,1,1,1.32136,1.01465,325,2026-08-28T17:44:43+00:00
2016-02-06,2015/2016,Aston Villa,Norwich City,2,0,0.918291,1.1413,326,2026-08-28T17:44:43+00:00
2016-02-06,2015/2016,Liverpool,Sunderland,2,2,1.57712,0.491843,327,2026-08-28T17:44:43+00:00
2016-02-06,2015/2016,Southampton,West Ham United,1,0,1.06493,0.970583,328,2026-08-28T17:44:43+00:00
2016-02-07,2015/2016,AFC Bournemouth,Arsenal,0,2,0.584316,1.13957,329,2026-08-28T17:44:43+00:00
2016-02-07,2015/2016,Chelsea,Manchester United,1,1,1.61554,0.780475,330,2026-08-28T17:44:43+00:00
2016-02-13,2015/2016,Sunderland,Manchester United,2,1,1.48186,0.908296,331,2026-08-28T17:44:43+00:00
2016-02-13,2015/2016,Swansea City,Southampton,0,1,0.699012,1.19353,332,2026-08-28T17:44:43+00:00
2016-02-13,2015/2016,Norwich City,West Ham United,2,2,1.03362,0.741428,333,2026-08-28T17:44:43+00:00
2016-02-13,2015/2016,Everton,West Bromwich Albion,0,1,1.82912,1.1974,334,2026-08-28T17:44:43+00:00
2016-02-13,2015/2016,Crystal Palace,Watford,1,2,0.983946,1.99728,335,2026-08-28T17:44:43+00:00
2016-02-13,2015/2016,AFC Bournemouth,Stoke City,1,3,1.19427,0.927348,336,2026-08-28T17:44:43+00:00
2016-02-13,2015/2016,Chelsea,Newcastle United,5,1,2.0858,0.430664,337,2026-08-28T17:44:43+00:00
2016-02-14,2015/2016,Arsenal,Leicester City,2,1,2.36319,1.31246,338,2026-08-28T17:44:43+00:00
2016-02-14,2015/2016,Aston Villa,Liverpool,0,6,0.174868,2.00756,339,2026-08-28T17:44:43+00:00
2016-02-14,2015/2016,Manchester City,Tottenham Hotspur,1,2,1.97876,1.23517,340,2026-08-28T17:44:43+00:00
2016-02-27,2015/2016,West Ham United,Sunderland,1,0,0.52387,1.07887,341,2026-08-28T17:44:43+00:00
2016-02-27,2015/2016,Watford,AFC Bournemouth,0,0,1.00481,0.955252,342,2026-08-28T17:44:43+00:00
2016-02-27,2015/2016,Leicester City,Norwich City,1,0,1.7645,0.814784,343,2026-08-28T17:44:43+00:00
2016-02-27,2015/2016,Southampton,Chelsea,1,2,1.01074,0.631036,344,2026-08-28T17:44:43+00:00
2016-02-27,2015/2016,Stoke City,Aston Villa,2,1,2.04047,0.414343,345,2026-08-28T17:44:43+00:00
2016-02-27,2015/2016,West Bromwich Albion,Crystal Palace,3,2,2.07488,1.21638,346,2026-08-28T17:44:43+00:00
2016-02-28,2015/2016,Tottenham Hotspur,Swansea City,2,1,3.57325,1.24938,347,2026-08-28T17:44:43+00:00
2016-02-28,2015/2016,Manchester United,Arsenal,3,2,1.09522,1.5435,348,2026-08-28T17:44:43+00:00
2016-03-01,2015/2016,Aston Villa,Everton,1,3,0.60177,2.63668,349,2026-08-28T17:44:43+00:00
2016-03-01,2015/2016,AFC Bournemouth,Southampton,2,0,1.41228,0.954161,350,2026-08-28T17:44:43+00:00
2016-03-01,2015/2016,Leicester City,West Bromwich Albion,2,2,3.04626,1.29485,351,2026-08-28T17:44:43+00:00
2016-03-01,2015/2016,Sunderland,Crystal Palace,2,2,0.93375,0.887448,352,2026-08-28T17:44:43+00:00
2016-03-01,2015/2016,Norwich City,Chelsea,1,2,1.24159,0.980988,353,2026-08-28T17:44:43+00:00
2016-03-02,2015/2016,West Ham United,Tottenham Hotspur,1,0,0.784319,1.22673,354,2026-08-28T17:44:43+00:00
2016-03-02,2015/2016,Arsenal,Swansea City,1,2,1.4928,1.69788,355,2026-08-28T17:44:43+00:00
2016-03-02,2015/2016,Stoke City,Newcastle United,1,0,0.298318,0.270782,356,2026-08-28T17:44:43+00:00
2016-03-03,2015/2016,Liverpool,Manchester City,3,0,1.16781,0.180318,357,2026-08-28T17:44:43+00:00
2016-03-03,2015/2016,Manchester United,Watford,1,0,0.786278,2.16484,358,2026-08-28T17:44:43+00:00
2016-03-05,2015/2016,Tottenham Hotspur,Arsenal,2,2,1.88378,0.543157,359,2026-08-28T17:44:43+00:00
2016-03-05,2015/2016,Southampton,Sunderland,1,1,1.54587,1.31562,360,2026-08-28T17:44:43+00:00
2016-03-05,2015/2016,Swansea City,Norwich City,1,0,0.545937,0.580126,361,2026-08-28T17:44:43+00:00
2016-03-05,2015/2016,Chelsea,Stoke City,1,1,1.0615,1.60285,362,2026-08-28T17:44:43+00:00
2016-03-05,2015/2016,Everton,West Ham United,2,3,2.09025,2.72091,363,2026-08-28T17:44:43+00:00
2016-03-05,2015/2016,Manchester City,Aston Villa,4,0,2.83271,0.121136,364,2026-08-28T17:44:43+00:00
2016-03-05,2015/2016,Newcastle United,AFC Bournemouth,1,3,0.833931,1.26853,365,2026-08-28T17:44:43+00:00
2016-03-05,2015/2016,Watford,Leicester City,0,1,0.829318,1.47042,366,2026-08-28T17:44:43+00:00
2016-03-06,2015/2016,Crystal Palace,Liverpool,1,2,1.43901,2.27087,367,2026-08-28T17:44:43+00:00
2016-03-06,2015/2016,West Bromwich Albion,Manchester United,1,0,0.565787,0.417622,368,2026-08-28T17:44:43+00:00
2016-03-12,2015/2016,Norwich City,Manchester City,0,0,0.139743,0.557373,369,2026-08-28T17:44:43+00:00
2016-03-12,2015/2016,Stoke City,Southampton,1,2,1.06676,0.874966,370,2026-08-28T17:44:43+00:00
2016-03-12,2015/2016,AFC Bournemouth,Swansea City,3,2,0.70756,1.09562,371,2026-08-28T17:44:43+00:00
2016-03-13,2015/2016,Aston Villa,Tottenham Hotspur,0,2,1.84022,2.00141,372,2026-08-28T17:44:43+00:00
2016-03-14,2015/2016,Leicester City,Newcastle United,1,0,0.846771,0.518715,373,2026-08-28T17:44:43+00:00
2016-03-19,2015/2016,Everton,Arsenal,0,2,0.58617,1.92384,374,2026-08-28T17:44:43+00:00
2016-03-19,2015/2016,Crystal Palace,Leicester City,0,1,0.784339,1.20315,375,2026-08-28T17:44:43+00:00
2016-03-19,2015/2016,Chelsea,West Ham United,2,2,2.1406,0.862828,376,2026-08-28T17:44:43+00:00
2016-03-19,2015/2016,Watford,Stoke City,1,2,0.879462,1.58145,377,2026-08-28T17:44:43+00:00
2016-03-19,2015/2016,West Bromwich Albion,Norwich City,0,1,0.332789,0.799255,378,2026-08-28T17:44:43+00:00
2016-03-19,2015/2016,Swansea City,Aston Villa,1,0,0.490469,0.730828,379,2026-08-28T17:44:43+00:00
2016-03-20,2015/2016,Southampton,Liverpool,3,2,1.56873,1.29046,380,2026-08-28T17:44:43+00:00
2016-03-20,2015/2016,Newcastle United,Sunderland,1,1,0.940593,0.785017,381,2026-08-28T17:44:43+00:00
2016-03-20,2015/2016,Manchester City,Manchester United,0,1,1.86249,0.900312,382,2026-08-28T17:44:43+00:00
2016-03-20,2015/2016,Tottenham Hotspur,AFC Bournemouth,3,0,2.02694,0.120366,383,2026-08-28T17:44:43+00:00
2016-04-02,2015/2016,Aston Villa,Chelsea,0,4,0.72512,2.49358,384,2026-08-28T17:44:43+00:00
2016-04-02,2015/2016,Arsenal,Watford,4,0,3.00742,0.290619,385,2026-08-28T17:44:43+00:00
2016-04-02,2015/2016,AFC Bournemouth,Manchester City,0,4,1.3239,0.868303,386,2026-08-28T17:44:43+00:00
2016-04-02,2015/2016,Norwich City,Newcastle United,3,2,1.65216,1.46835,387,2026-08-28T17:44:43+00:00
2016-04-02,2015/2016,Stoke City,Swansea City,2,2,1.17598,0.4319,388,2026-08-28T17:44:43+00:00
2016-04-02,2015/2016,Sunderland,West Bromwich Albion,0,0,1.54544,0.0635563,389,2026-08-28T17:44:43+00:00
2016-04-02,2015/2016,West Ham United,Crystal Palace,2,2,1.71369,1.65593,390,2026-08-28T17:44:43+00:00
2016-04-02,2015/2016,Liverpool,Tottenham Hotspur,1,1,1.37954,1.23579,391,2026-08-28T17:44:43+00:00
2016-04-03,2015/2016,Leicester City,Southampton,1,0,1.38701,0.670068,392,2026-08-28T17:44:43+00:00
2016-04-03,2015/2016,Manchester United,Everton,1,0,0.998692,0.755625,393,2026-08-28T17:44:43+00:00
2016-04-09,2015/2016,West Ham United,Arsenal,3,3,1.10973,1.46966,394,2026-08-28T17:44:43+00:00
2016-04-09,2015/2016,Watford,Everton,1,1,0.408379,1.59979,395,2026-08-28T17:44:43+00:00
2016-04-09,2015/2016,Southampton,Newcastle United,3,1,1.78477,0.165982,396,2026-08-28T17:44:43+00:00
2016-04-09,2015/2016,Swansea City,Chelsea,1,0,1.9071,1.3003,397,2026-08-28T17:44:43+00:00
2016-04-09,2015/2016,Aston Villa,AFC Bournemouth,1,2,0.220872,1.0038,398,2026-08-28T17:44:43+00:00
2016-04-09,2015/2016,Crystal Palace,Norwich City,1,0,1.45029,0.675663,399,2026-08-28T17:44:43+00:00
2016-04-09,2015/2016,Manchester City,West Bromwich Albion,2,1,2.07325,1.09413,400,2026-08-28T17:44:43+00:00
2016-04-10,2015/2016,Sunderland,Leicester City,0,2,0.872232,2.60072,401,2026-08-28T17:44:43+00:00
2016-04-10,2015/2016,Tottenham Hotspur,Manchester United,3,0,1.79647,0.341238,402,2026-08-28T17:44:43+00:00
2016-04-10,2015/2016,Liverpool,Stoke City,4,1,2.21484,0.85508,403,2026-08-28T17:44:43+00:00
2016-04-13,2015/2016,Crystal Palace,Everton,0,0,1.59025,0.759269,404,2026-08-28T17:44:43+00:00
2016-04-16,2015/2016,Norwich City,Sunderland,0,3,1.09006,1.99748,405,2026-08-28T17:44:43+00:00
2016-04-16,2015/2016,Manchester United,Aston Villa,1,0,1.09127,0.262427,406,2026-08-28T17:44:43+00:00
2016-04-16,2015/2016,Everton,Southampton,1,1,0.318721,1.38323,407,2026-08-28T17:44:43+00:00
2016-04-16,2015/2016,Newcastle United,Swansea City,3,0,1.5024,0.787081,408,2026-08-28T17:44:43+00:00
2016-04-16,2015/2016,West Bromwich Albion,Watford,0,1,2.2915,0.364852,409,2026-08-28T17:44:43+00:00
2016-04-16,2015/2016,Chelsea,Manchester City,0,3,0.487715,2.62768,410,2026-08-28T17:44:43+00:00
2016-04-17,2015/2016,Leicester City,West Ham United,2,2,1.95296,1.56819,411,2026-08-28T17:44:43+00:00
2016-04-17,2015/2016,AFC Bournemouth,Liverpool,1,2,0.85914,1.81443,412,2026-08-28T17:44:43+00:00
2016-04-17,2015/2016,Arsenal,Crystal Palace,1,1,1.73461,0.275806,413,2026-08-28T17:44:43+00:00
2016-04-18,2015/2016,Stoke City,Tottenham Hotspur,0,4,0.458376,2.89775,414,2026-08-28T17:44:43+00:00
2016-04-19,2015/2016,Newcastle United,Manchester City,1,1,0.455246,0.522043,415,2026-08-28T17:44:43+00:00
2016-04-20,2015/2016,West Ham United,Watford,3,1,3.96294,1.22333,416,2026-08-28T17:44:43+00:00
2016-04-20,2015/2016,Manchester United,Crystal Palace,2,0,1.46607,0.137416,417,2026-08-28T17:44:43+00:00
2016-04-20,2015/2016,Liverpool,Everton,4,0,3.24472,0.0886329,418,2026-08-28T17:44:43+00:00
2016-04-21,2015/2016,Arsenal,West Bromwich Albion,2,0,1.37348,0.839742,419,2026-08-28T17:44:43+00:00
2016-04-23,2015/2016,Manchester City,Stoke City,4,0,2.22482,1.09174,420,2026-08-28T17:44:43+00:00
2016-04-23,2015/2016,Aston Villa,Southampton,2,4,1.47192,3.6648,421,2026-08-28T17:44:43+00:00
2016-04-23,2015/2016,AFC Bournemouth,Chelsea,1,4,0.575087,2.07192,422,2026-08-28T17:44:43+00:00
2016-04-23,2015/2016,Liverpool,Newcastle United,2,2,0.712881,0.253033,423,2026-08-28T17:44:43+00:00
2016-04-24,2015/2016,Sunderland,Arsenal,0,0,0.617149,0.97303,424,2026-08-28T17:44:43+00:00
2016-04-24,2015/2016,Leicester City,Swansea City,4,0,3.31579,0.576457,425,2026-08-28T17:44:43+00:00
2016-04-25,2015/2016,Tottenham Hotspur,West Bromwich Albion,1,1,1.26346,0.894413,426,2026-08-28T17:44:43+00:00
2016-04-30,2015/2016,Stoke City,Sunderland,1,1,0.68487,1.43105,427,2026-08-28T17:44:43+00:00
2016-04-30,2015/2016,Newcastle United,Crystal Palace,1,0,0.53407,1.05079,428,2026-08-28T17:44:43+00:00
2016-04-30,2015/2016,Everton,AFC Bournemouth,2,1,0.95281,1.42599,429,2026-08-28T17:44:43+00:00
2016-04-30,2015/2016,Watford,Aston Villa,3,2,1.36255,0.491793,430,2026-08-28T17:44:43+00:00
2016-04-30,2015/2016,West Bromwich Albion,West Ham United,0,3,1.5346,1.27183,431,2026-08-28T17:44:43+00:00
2016-04-30,2015/2016,Arsenal,Norwich City,1,0,0.781508,0.578781,432,2026-08-28T17:44:43+00:00
2016-05-01,2015/2016,Swansea City,Liverpool,3,1,2.31862,0.776186,433,2026-08-28T17:44:43+00:00
2016-05-01,2015/2016,Manchester United,Leicester City,1,1,1.18462,1.16622,434,2026-08-28T17:44:43+00:00
2016-05-01,2015/2016,Southampton,Manchester City,4,2,2.84362,1.12719,435,2026-08-28T17:44:43+00:00
2016-05-02,2015/2016,Chelsea,Tottenham Hotspur,2,2,0.81661,1.90407,436,2026-08-28T17:44:43+00:00
2016-05-07,2015/2016,Norwich City,Manchester United,0,1,1.36825,1.48344,437,2026-08-28T17:44:43+00:00
2016-05-07,2015/2016,Crystal Palace,Stoke City,2,1,1.31448,1.27766,438,2026-08-28T17:44:43+00:00
2016-05-07,2015/2016,West Ham United,Swansea City,1,4,2.39454,2.47265,439,2026-08-28T17:44:43+00:00
2016-05-07,2015/2016,Aston Villa,Newcastle United,0,0,0.0312154,1.09626,440,2026-08-28T17:44:43+00:00
2016-05-07,2015/2016,AFC Bournemouth,West Bromwich Albion,1,1,0.814964,1.34282,441,2026-08-28T17:44:43+00:00
2016-05-07,2015/2016,Sunderland,Chelsea,3,2,0.773876,1.77677,442,2026-08-28T17:44:43+00:00
2016-05-07,2015/2016,Leicester City,Everton,3,1,4.50525,1.30184,443,2026-08-28T17:44:43+00:00
2016-05-08,2015/2016,Tottenham Hotspur,Southampton,1,2,2.55547,1.30812,444,2026-08-28T17:44:43+00:00
2016-05-08,2015/2016,Liverpool,Watford,2,0,2.38919,0.930803,445,2026-08-28T17:44:43+00:00
2016-05-08,2015/2016,Manchester City,Arsenal,2,2,0.75375,1.08084,446,2026-08-28T17:44:43+00:00
2016-05-10,2015/2016,West Ham United,Manchester United,3,2,2.13311,0.635987,447,2026-08-28T17:44:43+00:00
2016-05-11,2015/2016,Norwich City,Watford,4,2,2.41871,1.7686,448,2026-08-28T17:44:43+00:00
2016-05-11,2015/2016,Sunderland,Everton,3,0,2.44887,1.16563,449,2026-08-28T17:44:43+00:00
2016-05-11,2015/2016,Liverpool,Chelsea,1,1,1.83934,0.812268,450,2026-08-28T17:44:43+00:00
2016-05-15,2015/2016,Arsenal,Aston Villa,4,0,3.40207,0.222731,451,2026-08-28T17:44:43+00:00
2016-05-15,2015/2016,Chelsea,Leicester City,1,1,1.86065,1.23491,452,2026-08-28T17:44:43+00:00
2016-05-15,2015/2016,Everton,Norwich City,3,0,2.40775,0.43016,453,2026-08-28T17:44:43+00:00
2016-05-15,2015/2016,Newcastle United,Tottenham Hotspur,5,1,2.42808,0.869082,454,2026-08-28T17:44:43+00:00
2016-05-15,2015/2016,Southampton,Crystal Palace,4,1,2.32278,1.24857,455,2026-08-28T17:44:43+00:00
2016-05-15,2015/2016,Stoke City,West Ham United,2,1,0.288737,2.94489,456,2026-08-28T17:44:43+00:00
2016-05-15,2015/2016,Swansea City,Manchester City,1,1,0.115604,2.04003,457,2026-08-28T17:44:43+00:00
2016-05-15,2015/2016,Watford,Sunderland,2,2,1.95277,0.908817,458,2026-08-28T17:44:43+00:00
2016-05-15,2015/2016,West Bromwich Albion,Liverpool,1,1,1.86869,0.419877,459,2026-08-28T17:44:43+00:00
2016-05-17,2015/2016,Manchester United,AFC Bournemouth,3,1,1.72109,0.503471,460,2026-08-28T17:44:43+00:00
2016-08-13,2016/2017,Hull City,Leicester City,2,1,0.740018,2.45631,461,2026-08-28T17:44:43+00:00
2016-08-13,2016/2017,Crystal Palace,West Bromwich Albion,0,1,0.990062,0.684593,462,2026-08-28T17:44:43+00:00
2016-08-13,2016/2017,Everton,Tottenham Hotspur,1,1,0.790063,1.12348,463,2026-08-28T17:44:43+00:00
2016-08-13,2016/2017,Burnley,Swansea City,0,1,1.04903,1.72089,464,2026-08-28T17:44:43+00:00
2016-08-13,2016/2017,Middlesbrough,Stoke City,1,1,1.80523,0.485626,465,2026-08-28T17:44:43+00:00
2016-08-13,2016/2017,Southampton,Watford,1,1,0.937328,0.180046,466,2026-08-28T17:44:43+00:00
2016-08-13,2016/2017,Manchester City,Sunderland,2,1,1.95479,1.09877,467,2026-08-28T17:44:43+00:00
2016-08-14,2016/2017,AFC Bournemouth,Manchester United,1,3,0.522847,1.91105,468,2026-08-28T17:44:43+00:00
2016-08-14,2016/2017,Arsenal,Liverpool,3,4,1.18197,1.6591,469,2026-08-28T17:44:43+00:00
2016-08-15,2016/2017,Chelsea,West Ham United,2,1,1.4603,0.445604,470,2026-08-28T17:44:43+00:00
2016-08-19,2016/2017,Manchester United,Southampton,2,0,1.36553,0.613233,471,2026-08-28T17:44:43+00:00
2016-08-20,2016/2017,Stoke City,Manchester City,1,4,1.31066,2.17198,472,2026-08-28T17:44:43+00:00
2016-08-20,2016/2017,Burnley,Liverpool,2,0,0.197536,0.939025,473,2026-08-28T17:44:43+00:00
2016-08-20,2016/2017,Swansea City,Hull City,0,2,1.14134,2.18655,474,2026-08-28T17:44:43+00:00
2016-08-20,2016/2017,Tottenham Hotspur,Crystal Palace,1,0,2.25623,0.357943,475,2026-08-28T17:44:43+00:00
2016-08-20,2016/2017,Watford,Chelsea,1,2,0.804549,1.75595,476,2026-08-28T17:44:43+00:00
2016-08-20,2016/2017,West Bromwich Albion,Everton,1,2,2.01885,1.83897,477,2026-08-28T17:44:43+00:00
2016-08-20,2016/2017,Leicester City,Arsenal,0,0,0.553693,0.521509,478,2026-08-28T17:44:43+00:00
2016-08-21,2016/2017,Sunderland,Middlesbrough,1,2,1.4645,0.854908,479,2026-08-28T17:44:43+00:00
2016-08-21,2016/2017,West Ham United,AFC Bournemouth,1,0,1.69288,0.39341,480,2026-08-28T17:44:43+00:00
2016-08-27,2016/2017,Tottenham Hotspur,Liverpool,1,1,0.590511,1.92569,481,2026-08-28T17:44:43+00:00
2016-08-27,2016/2017,Watford,Arsenal,1,3,1.07775,2.03271,482,2026-08-28T17:44:43+00:00
2016-08-27,2016/2017,Leicester City,Swansea City,2,1,2.47977,0.32818,483,2026-08-28T17:44:43+00:00
2016-08-27,2016/2017,Southampton,Sunderland,1,1,0.613743,1.39142,484,2026-08-28T17:44:43+00:00
2016-08-27,2016/2017,Chelsea,Burnley,3,0,2.65838,0.18449,485,2026-08-28T17:44:43+00:00
2016-08-27,2016/2017,Crystal Palace,AFC Bournemouth,1,1,2.659,0.974014,486,2026-08-28T17:44:43+00:00
2016-08-27,2016/2017,Everton,Stoke City,1,0,2.31835,0.187415,487,2026-08-28T17:44:43+00:00
2016-08-27,2016/2017,Hull City,Manchester United,0,1,0.268815,2.47208,488,2026-08-28T17:44:43+00:00
2016-08-28,2016/2017,West Bromwich Albion,Middlesbrough,0,0,0.696845,0.396816,489,2026-08-28T17:44:43+00:00
2016-08-28,2016/2017,Manchester City,West Ham United,3,1,3.21624,1.08385,490,2026-08-28T17:44:43+00:00
2016-09-10,2016/2017,Manchester United,Manchester City,1,2,1.01013,1.88688,491,2026-08-28T17:44:43+00:00
2016-09-10,2016/2017,Middlesbrough,Crystal Palace,1,2,0.611959,1.12437,492,2026-08-28T17:44:43+00:00
2016-09-10,2016/2017,Stoke City,Tottenham Hotspur,0,4,1.01771,2.77025,493,2026-08-28T17:44:43+00:00
2016-09-10,2016/2017,Arsenal,Southampton,2,1,1.89219,1.17522,494,2026-08-28T17:44:43+00:00
2016-09-10,2016/2017,AFC Bournemouth,West Bromwich Albion,1,0,0.986511,1.48347,495,2026-08-28T17:44:43+00:00
2016-09-10,2016/2017,Burnley,Hull City,1,1,0.453149,0.907116,496,2026-08-28T17:44:43+00:00
2016-09-10,2016/2017,West Ham United,Watford,2,4,1.32216,1.85479,497,2026-08-28T17:44:43+00:00
2016-09-10,2016/2017,Liverpool,Leicester City,4,1,2.76916,1.22508,498,2026-08-28T17:44:43+00:00
2016-09-11,2016/2017,Swansea City,Chelsea,2,2,1.2304,2.19035,499,2026-08-28T17:44:43+00:00
2016-09-12,2016/2017,Sunderland,Everton,0,3,1.0404,2.84526,500,2026-08-28T17:44:43+00:00
2016-09-16,2016/2017,Chelsea,Liverpool,1,2,1.16415,1.41642,501,2026-08-28T17:44:43+00:00
2016-09-17,2016/2017,Hull City,Arsenal,1,4,0.969693,3.63453,502,2026-08-28T17:44:43+00:00
2016-09-17,2016/2017,Leicester City,Burnley,3,0,1.98503,0.464523,503,2026-08-28T17:44:43+00:00
2016-09-17,2016/2017,Manchester City,AFC Bournemouth,4,0,3.38733,0.389672,504,2026-08-28T17:44:43+00:00
2016-09-17,2016/2017,West Bromwich Albion,West Ham United,4,2,1.94229,2.37422,505,2026-08-28T17:44:43+00:00
2016-09-17,2016/2017,Everton,Middlesbrough,3,1,1.17467,0.178081,506,2026-08-28T17:44:43+00:00
2016-09-18,2016/2017,Watford,Manchester United,3,1,1.74506,1.41359,507,2026-08-28T17:44:43+00:00
2016-09-18,2016/2017,Crystal Palace,Stoke City,4,1,1.31366,1.20308,508,2026-08-28T17:44:43+00:00
2016-09-18,2016/2017,Southampton,Swansea City,1,0,2.15218,0.490661,509,2026-08-28T17:44:43+00:00
2016-09-18,2016/2017,Tottenham Hotspur,Sunderland,1,0,2.52591,0.960821,510,2026-08-28T17:44:43+00:00
2016-09-24,2016/2017,Manchester United,Leicester City,4,1,2.45604,0.286966,511,2026-08-28T17:44:43+00:00
2016-09-24,2016/2017,Middlesbrough,Tottenham Hotspur,1,2,0.361508,1.4158,512,2026-08-28T17:44:43+00:00
2016-09-24,2016/2017,Stoke City,West Bromwich Albion,1,1,0.979673,0.270862,513,2026-08-28T17:44:43+00:00
2016-09-24,2016/2017,Sunderland,Crystal Palace,2,3,1.51457,1.7887,514,2026-08-28T17:44:43+00:00
2016-09-24,2016/2017,Swansea City,Manchester City,1,3,1.11096,2.57704,515,2026-08-28T17:44:43+00:00
2016-09-24,2016/2017,Liverpool,Hull City,5,1,4.64913,0.157549,516,2026-08-28T17:44:43+00:00
2016-09-24,2016/2017,AFC Bournemouth,Everton,1,0,0.693594,1.15724,517,2026-08-28T17:44:43+00:00
2016-09-24,2016/2017,Arsenal,Chelsea,3,0,1.66224,0.613553,518,2026-08-28T17:44:43+00:00
2016-09-25,2016/2017,West Ham United,Southampton,0,3,0.693818,2.97877,519,2026-08-28T17:44:43+00:00
2016-09-26,2016/2017,Burnley,Watford,2,0,0.569734,0.776105,520,2026-08-28T17:44:43+00:00
2016-09-30,2016/2017,Everton,Crystal Palace,1,1,1.1542,0.47692,521,2026-08-28T17:44:43+00:00
2016-10-01,2016/2017,Swansea City,Liverpool,1,2,2.65842,2.02239,522,2026-08-28T17:44:43+00:00
2016-10-01,2016/2017,Sunderland,West Bromwich Albion,1,1,1.19268,0.88211,523,2026-08-28T17:44:43+00:00
2016-10-01,2016/2017,Hull City,Chelsea,0,2,0.27266,1.99155,524,2026-08-28T17:44:43+00:00
2016-10-01,2016/2017,Watford,AFC Bournemouth,2,2,1.23419,1.35487,525,2026-08-28T17:44:43+00:00
2016-10-01,2016/2017,West Ham United,Middlesbrough,1,1,0.883385,0.852603,526,2026-08-28T17:44:43+00:00
2016-10-02,2016/2017,Manchester United,Stoke City,1,1,2.80988,1.20043,527,2026-08-28T17:44:43+00:00
2016-10-02,2016/2017,Leicester City,Southampton,0,0,0.446309,0.920963,528,2026-08-28T17:44:43+00:00
2016-10-02,2016/2017,Tottenham Hotspur,Manchester City,2,0,1.69975,0.909513,529,2026-08-28T17:44:43+00:00
2016-10-02,2016/2017,Burnley,Arsenal,0,1,0.608783,1.85433,530,2026-08-28T17:44:43+00:00
2016-10-15,2016/2017,Chelsea,Leicester City,3,0,3.11573,0.182549,531,2026-08-28T17:44:43+00:00
2016-10-15,2016/2017,Arsenal,Swansea City,3,2,3.50519,1.74979,532,2026-08-28T17:44:43+00:00
2016-10-15,2016/2017,AFC Bournemouth,Hull City,6,1,2.92532,0.388589,533,2026-08-28T17:44:43+00:00
2016-10-15,2016/2017,Manchester City,Everton,1,1,2.69208,0.144498,534,2026-08-28T17:44:43+00:00
2016-10-15,2016/2017,Stoke City,Sunderland,2,0,2.29543,0.587572,535,2026-08-28T17:44:43+00:00
2016-10-15,2016/2017,West Bromwich Albion,Tottenham Hotspur,1,1,1.30365,1.32318,536,2026-08-28T17:44:43+00:00
2016-10-15,2016/2017,Crystal Palace,West Ham United,0,1,1.94599,0.874219,537,2026-08-28T17:44:43+00:00
2016-10-16,2016/2017,Middlesbrough,Watford,0,1,0.528576,0.0893749,538,2026-08-28T17:44:43+00:00
2016-10-16,2016/2017,Southampton,Burnley,3,1,4.21181,1.03126,539,2026-08-28T17:44:43+00:00
2016-10-17,2016/2017,Liverpool,Manchester United,0,0,0.270441,0.537762,540,2026-08-28T17:44:43+00:00
2016-10-22,2016/2017,AFC Bournemouth,Tottenham Hotspur,0,0,0.523371,0.74529,541,2026-08-28T17:44:43+00:00
2016-10-22,2016/2017,West Ham United,Sunderland,1,0,1.19585,0.808339,542,2026-08-28T17:44:43+00:00
2016-10-22,2016/2017,Swansea City,Watford,0,0,1.33215,0.478578,543,2026-08-28T17:44:43+00:00
2016-10-22,2016/2017,Leicester City,Crystal Palace,3,1,1.7041,1.656,544,2026-08-28T17:44:43+00:00
2016-10-22,2016/2017,Hull City,Stoke City,0,2,0.701606,1.04273,545,2026-08-28T17:44:43+00:00
2016-10-22,2016/2017,Burnley,Everton,2,1,0.905579,0.752795,546,2026-08-28T17:44:43+00:00
2016-10-22,2016/2017,Arsenal,Middlesbrough,0,0,0.711811,1.55581,547,2026-08-28T17:44:43+00:00
2016-10-22,2016/2017,Liverpool,West Bromwich Albion,2,1,2.2952,0.685982,548,2026-08-28T17:44:43+00:00
2016-10-23,2016/2017,Manchester City,Southampton,1,1,1.15321,0.563752,549,2026-08-28T17:44:43+00:00
2016-10-23,2016/2017,Chelsea,Manchester United,4,0,2.25192,0.742805,550,2026-08-28T17:44:43+00:00
2016-10-29,2016/2017,Sunderland,Arsenal,1,4,0.853434,2.48348,2677,2026-08-28T17:44:43+00:00
2016-10-29,2016/2017,Tottenham Hotspur,Leicester City,1,1,1.69833,0.740987,2678,2026-08-28T17:44:43+00:00
2016-10-29,2016/2017,Watford,Hull City,1,0,1.14991,0.251367,2679,2026-08-28T17:44:43+00:00
2016-10-29,2016/2017,West Bromwich Albion,Manchester City,0,4,0.596605,2.48018,2680,2026-08-28T17:44:43+00:00
2016-10-29,2016/2017,Middlesbrough,AFC Bournemouth,2,0,1.44317,1.54599,2681,2026-08-28T17:44:43+00:00
2016-10-29,2016/2017,Manchester United,Burnley,0,0,2.72391,0.327957,2682,2026-08-28T17:44:43+00:00
2016-10-29,2016/2017,Crystal Palace,Liverpool,2,4,0.496044,2.26056,2683,2026-08-28T17:44:43+00:00
2016-10-30,2016/2017,Everton,West Ham United,2,0,2.0087,0.944816,2684,2026-08-28T17:44:43+00:00
2016-10-30,2016/2017,Southampton,Chelsea,0,2,0.422364,1.14759,2685,2026-08-28T17:44:43+00:00
2016-11-01,2016/2017,Stoke City,Swansea City,3,1,2.16407,1.10058,2686,2026-08-28T17:44:43+00:00
2016-11-05,2016/2017,AFC Bournemouth,Sunderland,1,2,2.6457,1.13672,2687,2026-08-28T17:44:43+00:00
2016-11-05,2016/2017,Burnley,Crystal Palace,3,2,2.25738,2.05902,2688,2026-08-28T17:44:43+00:00
2016-11-05,2016/2017,Manchester City,Middlesbrough,1,1,2.49606,0.208762,2689,2026-08-28T17:44:43+00:00
2016-11-05,2016/2017,West Ham United,Stoke City,1,1,0.404528,0.81046,2690,2026-08-28T17:44:43+00:00
2016-11-05,2016/2017,Chelsea,Everton,5,0,1.94078,0.0131321,2691,2026-08-28T17:44:43+00:00
2016-11-06,2016/2017,Arsenal,Tottenham Hotspur,1,1,0.675745,1.19585,2692,2026-08-28T17:44:43+00:00
2016-11-06,2016/2017,Liverpool,Watford,6,1,4.18366,0.771133,2693,2026-08-28T17:44:43+00:00
2016-11-06,2016/2017,Hull City,Southampton,2,1,0.561215,2.03046,2694,2026-08-28T17:44:43+00:00
2016-11-06,2016/2017,Swansea City,Manchester United,1,3,0.51266,1.00006,2695,2026-08-28T17:44:43+00:00
2016-11-06,2016/2017,Leicester City,West Bromwich Albion,1,2,0.629678,0.78196,2696,2026-08-28T17:44:43+00:00
2016-11-19,2016/2017,Manchester United,Arsenal,1,1,0.511462,0.575813,2697,2026-08-28T17:44:43+00:00
2016-11-19,2016/2017,Southampton,Liverpool,0,0,0.0942055,1.68802,2698,2026-08-28T17:44:43+00:00
2016-11-19,2016/2017,Stoke City,AFC Bournemouth,0,1,1.60429,1.24012,2699,2026-08-28T17:44:43+00:00
2016-11-19,2016/2017,Sunderland,Hull City,3,0,0.951511,1.25065,2700,2026-08-28T17:44:43+00:00
2016-11-19,2016/2017,Watford,Leicester City,2,1,0.7197,1.19686,2701,2026-08-28T17:44:43+00:00
2016-11-19,2016/2017,Everton,Swansea City,1,1,1.54877,1.07471,2702,2026-08-28T17:44:43+00:00
2016-11-19,2016/2017,Crystal Palace,Manchester City,1,2,0.431559,1.39421,2703,2026-08-28T17:44:43+00:00
2016-11-19,2016/2017,Tottenham Hotspur,West Ham United,3,2,2.53396,1.76706,2704,2026-08-28T17:44:43+00:00
2016-11-20,2016/2017,Middlesbrough,Chelsea,0,1,0.55976,1.68738,2705,2026-08-28T17:44:43+00:00
2016-11-22,2016/2017,West Bromwich Albion,Burnley,4,0,1.40512,0.571005,2706,2026-08-28T17:44:43+00:00
2016-11-26,2016/2017,Burnley,Manchester City,1,2,0.475642,2.25698,2707,2026-08-28T17:44:43+00:00
2016-11-26,2016/2017,Hull City,West Bromwich Albion,1,1,0.424457,1.40213,2708,2026-08-28T17:44:43+00:00
2016-11-26,2016/2017,Swansea City,Crystal Palace,5,4,3.3955,2.28156,2709,2026-08-28T17:44:43+00:00
2016-11-26,2016/2017,Liverpool,Sunderland,2,0,2.02461,0.291073,2710,2026-08-28T17:44:43+00:00
2016-11-26,2016/2017,Leicester City,Middlesbrough,2,2,2.0478,0.425252,2711,2026-08-28T17:44:43+00:00
2016-11-26,2016/2017,Chelsea,Tottenham Hotspur,2,1,1.24948,0.422568,2712,2026-08-28T17:44:43+00:00
2016-11-27,2016/2017,Watford,Stoke City,0,1,0.541915,0.704736,2713,2026-08-28T17:44:43+00:00
2016-11-27,2016/2017,Arsenal,AFC Bournemouth,3,1,2.8697,2.0491,2714,2026-08-28T17:44:43+00:00
2016-11-27,2016/2017,Southampton,Everton,1,0,2.80562,0.615174,2715,2026-08-28T17:44:43+00:00
2016-11-27,2016/2017,Manchester United,West Ham United,1,1,1.44452,0.749388,2716,2026-08-28T17:44:43+00:00
2016-12-03,2016/2017,Manchester City,Chelsea,1,3,2.24061,1.2848,3105,2026-08-28T17:44:43+00:00
2016-12-03,2016/2017,Crystal Palace,Southampton,3,0,2.20073,0.764357,3106,2026-08-28T17:44:43+00:00
2016-12-03,2016/2017,Stoke City,Burnley,2,0,1.12929,0.773995,3107,2026-08-28T17:44:43+00:00
2016-12-03,2016/2017,Sunderland,Leicester City,2,1,1.4282,1.13791,3108,2026-08-28T17:44:43+00:00
2016-12-03,2016/2017,Tottenham Hotspur,Swansea City,5,0,3.9767,0.0342109,3109,2026-08-28T17:44:43+00:00
2016-12-03,2016/2017,West Bromwich Albion,Watford,3,1,1.17737,1.476,3110,2026-08-28T17:44:43+00:00
2016-12-03,2016/2017,West Ham United,Arsenal,1,5,0.882486,2.96923,3111,2026-08-28T17:44:43+00:00
2016-12-04,2016/2017,AFC Bournemouth,Liverpool,4,3,2.54396,1.26532,3112,2026-08-28T17:44:43+00:00
2016-12-04,2016/2017,Everton,Manchester United,1,1,1.64985,0.541299,3113,2026-08-28T17:44:43+00:00
2016-12-06,2016/2017,Middlesbrough,Hull City,1,0,1.94961,0.221339,3114,2026-08-28T17:44:43+00:00
2016-12-10,2016/2017,Watford,Everton,3,2,1.49271,1.09675,3115,2026-08-28T17:44:43+00:00
2016-12-10,2016/2017,Hull City,Crystal Palace,3,3,2.16649,1.50059,3116,2026-08-28T17:44:43+00:00
2016-12-10,2016/2017,Swansea City,Sunderland,3,0,2.18185,0.672058,3117,2026-08-28T17:44:43+00:00
2016-12-10,2016/2017,Arsenal,Stoke City,3,1,1.58027,1.29401,3118,2026-08-28T17:44:43+00:00
2016-12-10,2016/2017,Burnley,AFC Bournemouth,3,2,2.15178,1.00194,3119,2026-08-28T17:44:43+00:00
2016-12-10,2016/2017,Leicester City,Manchester City,4,2,2.60583,0.970372,3120,2026-08-28T17:44:43+00:00
2016-12-11,2016/2017,Chelsea,West Bromwich Albion,1,0,0.551109,0.212574,3121,2026-08-28T17:44:43+00:00
2016-12-11,2016/2017,Manchester United,Tottenham Hotspur,1,0,1.04894,0.720341,3122,2026-08-28T17:44:43+00:00
2016-12-11,2016/2017,Southampton,Middlesbrough,1,0,1.72919,0.493941,3123,2026-08-28T17:44:43+00:00
2016-12-11,2016/2017,Liverpool,West Ham United,2,2,1.79134,0.64998,3124,2026-08-28T17:44:43+00:00
2016-12-13,2016/2017,AFC Bournemouth,Leicester City,1,0,0.64118,1.6751,3125,2026-08-28T17:44:43+00:00
2016-12-13,2016/2017,Everton,Arsenal,2,1,1.46034,1.3508,3126,2026-08-28T17:44:43+00:00
2016-12-14,2016/2017,Middlesbrough,Liverpool,0,3,0.161583,2.13526,3127,2026-08-28T17:44:43+00:00
2016-12-14,2016/2017,Sunderland,Chelsea,0,1,0.473979,1.22459,3128,2026-08-28T17:44:43+00:00
2016-12-14,2016/2017,West Ham United,Burnley,1,0,1.67016,0.923353,3129,2026-08-28T17:44:43+00:00
2016-12-15,2016/2017,Crystal Palace,Manchester United,1,2,0.710324,1.27306,3130,2026-08-28T17:44:43+00:00
2016-12-15,2016/2017,West Bromwich Albion,Swansea City,3,1,1.78268,1.07221,3131,2026-08-28T17:44:43+00:00
2016-12-15,2016/2017,Manchester City,Watford,2,0,1.62359,0.497462,3132,2026-08-28T17:44:43+00:00
2016-12-15,2016/2017,Stoke City,Southampton,0,0,0.333754,0.723114,3133,2026-08-28T17:44:43+00:00
2016-12-15,2016/2017,Tottenham Hotspur,Hull City,3,0,2.83077,0.570636,3134,2026-08-28T17:44:43+00:00
2016-12-17,2016/2017,Crystal Palace,Chelsea,0,1,0.356331,0.81444,3135,2026-08-28T17:44:43+00:00
2016-12-17,2016/2017,Middlesbrough,Swansea City,3,0,1.71549,0.602249,3136,2026-08-28T17:44:43+00:00
2016-12-17,2016/2017,West Ham United,Hull City,1,0,1.92151,1.13479,3137,2026-08-28T17:44:43+00:00
2016-12-17,2016/2017,Stoke City,Leicester City,2,2,2.518,1.25572,3138,2026-08-28T17:44:43+00:00
2016-12-17,2016/2017,Sunderland,Watford,1,0,1.13526,1.07552,3139,2026-08-28T17:44:43+00:00
2016-12-17,2016/2017,West Bromwich Albion,Manchester United,0,2,0.600426,0.983306,3140,2026-08-28T17:44:43+00:00
2016-12-18,2016/2017,AFC Bournemouth,Southampton,1,3,0.492912,1.69451,3141,2026-08-28T17:44:43+00:00
2016-12-18,2016/2017,Manchester City,Arsenal,2,1,1.5186,0.609893,3142,2026-08-28T17:44:43+00:00
2016-12-18,2016/2017,Tottenham Hotspur,Burnley,2,1,1.50755,1.17031,3143,2026-08-28T17:44:43+00:00
2016-12-20,2016/2017,Everton,Liverpool,0,1,0.456788,1.87823,3144,2026-08-28T17:44:43+00:00
2016-12-26,2016/2017,Watford,Crystal Palace,1,1,0.959496,1.53834,3145,2026-08-28T17:44:43+00:00
2016-12-26,2016/2017,Swansea City,West Ham United,1,4,0.954864,3.40585,3146,2026-08-28T17:44:43+00:00
2016-12-26,2016/2017,Manchester United,Sunderland,3,1,2.32117,0.488541,3147,2026-08-28T17:44:43+00:00
2016-12-26,2016/2017,Leicester City,Everton,0,2,0.377464,1.25512,3148,2026-08-28T17:44:43+00:00
2016-12-26,2016/2017,Arsenal,West Bromwich Albion,1,0,1.97881,0.687502,3149,2026-08-28T17:44:43+00:00
2016-12-26,2016/2017,Burnley,Middlesbrough,1,0,0.275704,0.698814,3150,2026-08-28T17:44:43+00:00
2016-12-26,2016/2017,Chelsea,AFC Bournemouth,3,0,1.71303,0.650942,3151,2026-08-28T17:44:43+00:00
2016-12-26,2016/2017,Hull City,Manchester City,0,3,0.350069,2.22237,3152,2026-08-28T17:44:43+00:00
2016-12-27,2016/2017,Liverpool,Stoke City,4,1,1.66669,0.389104,3153,2026-08-28T17:44:43+00:00
2016-12-28,2016/2017,Southampton,Tottenham Hotspur,1,4,0.403743,1.61035,3154,2026-08-28T17:44:43+00:00
2016-12-31,2016/2017,Hull City,Everton,2,2,0.852585,1.27757,3155,2026-08-28T17:44:43+00:00
2016-12-31,2016/2017,Leicester City,West Ham United,1,0,1.10842,1.58333,3156,2026-08-28T17:44:43+00:00
2016-12-31,2016/2017,Burnley,Sunderland,4,1,2.72471,0.465701,3157,2026-08-28T17:44:43+00:00
2016-12-31,2016/2017,Chelsea,Stoke City,4,2,1.94737,0.858417,3158,2026-08-28T17:44:43+00:00
2016-12-31,2016/2017,Manchester United,Middlesbrough,2,1,2.53996,0.64492,3159,2026-08-28T17:44:43+00:00
2016-12-31,2016/2017,Southampton,West Bromwich Albion,1,2,0.371668,0.6675,3160,2026-08-28T17:44:43+00:00
2016-12-31,2016/2017,Swansea City,AFC Bournemouth,0,3,0.515218,2.43608,3161,2026-08-28T17:44:43+00:00
2016-12-31,2016/2017,Liverpool,Manchester City,1,0,0.256825,0.352445,3162,2026-08-28T17:44:43+00:00
2017-01-01,2016/2017,Watford,Tottenham Hotspur,1,4,1.26331,3.06509,3328,2026-08-28T17:44:43+00:00
2017-01-01,2016/2017,Arsenal,Crystal Palace,2,0,1.67138,0.221469,3329,2026-08-28T17:44:43+00:00
2017-01-02,2016/2017,Middlesbrough,Leicester City,0,0,0.697108,0.477078,3330,2026-08-28T17:44:43+00:00
2017-01-02,2016/2017,Everton,Southampton,3,0,2.34997,1.01083,3331,2026-08-28T17:44:43+00:00
2017-01-02,2016/2017,Manchester City,Burnley,2,1,0.617412,0.642111,3332,2026-08-28T17:44:43+00:00
2017-01-02,2016/2017,West Bromwich Albion,Hull City,3,1,0.883566,0.992341,3333,2026-08-28T17:44:43+00:00
2017-01-02,2016/2017,Sunderland,Liverpool,2,2,1.91057,2.332,3334,2026-08-28T17:44:43+00:00
2017-01-02,2016/2017,West Ham United,Manchester United,0,2,0.799911,1.64905,3335,2026-08-28T17:44:43+00:00
2017-01-03,2016/2017,AFC Bournemouth,Arsenal,3,3,1.55859,1.12629,3336,2026-08-28T17:44:43+00:00
2017-01-04,2016/2017,Crystal Palace,Swansea City,1,2,0.331276,1.18905,3337,2026-08-28T17:44:43+00:00
2017-01-04,2016/2017,Stoke City,Watford,2,0,1.85359,0.510395,3338,2026-08-28T17:44:43+00:00
2017-01-05,2016/2017,Tottenham Hotspur,Chelsea,2,0,1.00945,0.912754,3339,2026-08-28T17:44:43+00:00
2017-01-14,2016/2017,Tottenham Hotspur,West Bromwich Albion,4,0,2.65474,0.165019,3340,2026-08-28T17:44:43+00:00
2017-01-14,2016/2017,Watford,Middlesbrough,0,0,0.835827,0.325347,3341,2026-08-28T17:44:43+00:00
2017-01-14,2016/2017,Sunderland,Stoke City,1,3,1.1365,1.22897,3342,2026-08-28T17:44:43+00:00
2017-01-14,2016/2017,Swansea City,Arsenal,0,4,0.488485,2.31811,3343,2026-08-28T17:44:43+00:00
2017-01-14,2016/2017,Hull City,AFC Bournemouth,3,1,1.18904,1.43455,3344,2026-08-28T17:44:43+00:00
2017-01-14,2016/2017,Burnley,Southampton,1,0,0.464555,0.962065,3345,2026-08-28T17:44:43+00:00
2017-01-14,2016/2017,West Ham United,Crystal Palace,3,0,1.72338,1.06181,3346,2026-08-28T17:44:43+00:00
2017-01-14,2016/2017,Leicester City,Chelsea,0,3,0.179144,0.738826,3347,2026-08-28T17:44:43+00:00
2017-01-15,2016/2017,Everton,Manchester City,4,0,0.572528,0.569286,3348,2026-08-28T17:44:43+00:00
2017-01-15,2016/2017,Manchester United,Liverpool,1,1,1.03178,1.46058,3349,2026-08-28T17:44:43+00:00
2017-01-21,2016/2017,Liverpool,Swansea City,2,3,1.24037,1.60482,3350,2026-08-28T17:44:43+00:00
2017-01-21,2016/2017,Middlesbrough,West Ham United,1,3,0.958825,2.6558,3351,2026-08-28T17:44:43+00:00
2017-01-21,2016/2017,AFC Bournemouth,Watford,2,2,1.14791,1.08731,3352,2026-08-28T17:44:43+00:00
2017-01-21,2016/2017,Crystal Palace,Everton,0,1,0.463733,0.949561,3353,2026-08-28T17:44:43+00:00
2017-01-21,2016/2017,Stoke City,Manchester United,1,1,0.353777,1.74295,3354,2026-08-28T17:44:43+00:00
2017-01-21,2016/2017,West Bromwich Albion,Sunderland,2,0,1.3279,0.440887,3355,2026-08-28T17:44:43+00:00
2017-01-21,2016/2017,Manchester City,Tottenham Hotspur,2,2,2.52702,1.12391,3356,2026-08-28T17:44:43+00:00
2017-01-22,2016/2017,Southampton,Leicester City,3,0,2.49923,0.935866,3357,2026-08-28T17:44:43+00:00
2017-01-22,2016/2017,Arsenal,Burnley,2,1,1.86443,1.29948,3358,2026-08-28T17:44:43+00:00
2017-01-22,2016/2017,Chelsea,Hull City,2,0,1.47165,0.314532,3359,2026-08-28T17:44:43+00:00
2017-01-31,2016/2017,Arsenal,Watford,1,2,1.07765,0.918309,3360,2026-08-28T17:44:43+00:00
2017-01-31,2016/2017,AFC Bournemouth,Crystal Palace,0,2,0.32099,1.60667,3361,2026-08-28T17:44:43+00:00
2017-01-31,2016/2017,Burnley,Leicester City,1,0,1.82995,0.775645,3362,2026-08-28T17:44:43+00:00
2017-01-31,2016/2017,Middlesbrough,West Bromwich Albion,1,1,1.18135,1.25288,3363,2026-08-28T17:44:43+00:00
2017-01-31,2016/2017,Sunderland,Tottenham Hotspur,0,0,0.228009,0.682758,3364,2026-08-28T17:44:43+00:00
2017-01-31,2016/2017,Swansea City,Southampton,2,1,0.760046,0.907103,3365,2026-08-28T17:44:43+00:00
2017-01-31,2016/2017,Liverpool,Chelsea,1,1,1.20485,1.0666,3366,2026-08-28T17:44:43+00:00
2017-02-01,2016/2017,West Ham United,Manchester City,0,4,0.49472,2.66472,3367,2026-08-28T17:44:43+00:00
2017-02-01,2016/2017,Manchester United,Hull City,0,0,1.48151,0.395896,3368,2026-08-28T17:44:43+00:00
2017-02-01,2016/2017,Stoke City,Everton,1,1,1.7362,0.870158,3369,2026-08-28T17:44:43+00:00
2017-02-04,2016/2017,Chelsea,Arsenal,3,1,1.95451,0.950035,3370,2026-08-28T17:44:43+00:00
2017-02-04,2016/2017,Crystal Palace,Sunderland,0,4,2.45994,0.837361,3371,2026-08-28T17:44:43+00:00
2017-02-04,2016/2017,Everton,AFC Bournemouth,6,3,2.75981,2.1501,3372,2026-08-28T17:44:43+00:00
2017-02-04,2016/2017,Hull City,Liverpool,2,0,1.88587,1.12538,3373,2026-08-28T17:44:43+00:00
2017-02-04,2016/2017,Watford,Burnley,2,1,1.66308,1.4777,3374,2026-08-28T17:44:43+00:00
2017-02-04,2016/2017,West Bromwich Albion,Stoke City,1,0,1.84983,1.10818,3375,2026-08-28T17:44:43+00:00
2017-02-04,2016/2017,Southampton,West Ham United,1,3,1.06276,0.91785,3376,2026-08-28T17:44:43+00:00
2017-02-04,2016/2017,Tottenham Hotspur,Middlesbrough,1,0,2.10053,0.50484,3377,2026-08-28T17:44:43+00:00
2017-02-05,2016/2017,Manchester City,Swansea City,2,1,2.87972,0.11445,3378,2026-08-28T17:44:43+00:00
2017-02-05,2016/2017,Leicester City,Manchester United,0,3,0.492009,1.98688,3379,2026-08-28T17:44:43+00:00
2017-02-11,2016/2017,Arsenal,Hull City,2,0,3.1235,0.466403,3380,2026-08-28T17:44:43+00:00
2017-02-11,2016/2017,Manchester United,Watford,2,0,2.627,0.641058,3381,2026-08-28T17:44:43+00:00
2017-02-11,2016/2017,Middlesbrough,Everton,0,0,0.651056,0.831644,3382,2026-08-28T17:44:43+00:00
2017-02-11,2016/2017,Stoke City,Crystal Palace,1,0,0.720883,0.202159,3383,2026-08-28T17:44:43+00:00
2017-02-11,2016/2017,Sunderland,Southampton,0,4,0.197925,1.72717,3384,2026-08-28T17:44:43+00:00
2017-02-11,2016/2017,West Ham United,West Bromwich Albion,2,2,1.17553,0.769974,3385,2026-08-28T17:44:43+00:00
2017-02-11,2016/2017,Liverpool,Tottenham Hotspur,2,0,2.38009,0.622104,3386,2026-08-28T17:44:43+00:00
2017-02-12,2016/2017,Burnley,Chelsea,1,1,0.906366,0.800222,3387,2026-08-28T17:44:43+00:00
2017-02-12,2016/2017,Swansea City,Leicester City,2,0,0.693376,0.672883,3388,2026-08-28T17:44:43+00:00
2017-02-13,2016/2017,AFC Bournemouth,Manchester City,0,2,0.152385,2.953,3389,2026-08-28T17:44:43+00:00
2017-02-25,2016/2017,Chelsea,Swansea City,3,1,1.22573,0.280172,3391,2026-08-28T17:44:43+00:00
2017-02-25,2016/2017,Crystal Palace,Middlesbrough,1,0,0.808522,0.82885,3392,2026-08-28T17:44:43+00:00
2017-02-25,2016/2017,Everton,Sunderland,2,0,1.70366,0.505952,3393,2026-08-28T17:44:43+00:00
2017-02-25,2016/2017,Hull City,Burnley,1,1,1.59037,0.473058,3394,2026-08-28T17:44:43+00:00
2017-02-25,2016/2017,West Bromwich Albion,AFC Bournemouth,2,1,1.6124,1.22747,3395,2026-08-28T17:44:43+00:00
2017-02-25,2016/2017,Watford,West Ham United,1,1,1.21279,1.48144,3396,2026-08-28T17:44:43+00:00
2017-02-26,2016/2017,Tottenham Hotspur,Stoke City,4,0,1.89002,0.743596,3397,2026-08-28T17:44:43+00:00
2017-02-27,2016/2017,Leicester City,Liverpool,3,1,1.54732,0.789939,3399,2026-08-28T17:44:43+00:00
2017-03-04,2016/2017,Leicester City,Hull City,3,1,1.81255,1.1216,3400,2026-08-28T17:44:43+00:00
2017-03-04,2016/2017,Liverpool,Arsenal,3,1,2.70435,0.729203,3401,2026-08-28T17:44:43+00:00
2017-03-04,2016/2017,Manchester United,AFC Bournemouth,1,1,2.5377,0.816172,3402,2026-08-28T17:44:43+00:00
2017-03-04,2016/2017,Stoke City,Middlesbrough,2,0,2.97584,0.274611,3403,2026-08-28T17:44:43+00:00
2017-03-04,2016/2017,Swansea City,Burnley,3,2,1.44545,0.933851,3405,2026-08-28T17:44:43+00:00
2017-03-04,2016/2017,Watford,Southampton,3,4,1.40104,1.33681,3407,2026-08-28T17:44:43+00:00
2017-03-04,2016/2017,West Bromwich Albion,Crystal Palace,0,2,0.3746,1.39171,3408,2026-08-28T17:44:43+00:00
2017-03-05,2016/2017,Sunderland,Manchester City,0,2,0.737758,2.48022,3404,2026-08-28T17:44:43+00:00
2017-03-05,2016/2017,Tottenham Hotspur,Everton,3,2,1.70225,0.808013,3406,2026-08-28T17:44:43+00:00
2017-03-06,2016/2017,West Ham United,Chelsea,1,2,0.450583,2.01134,3409,2026-08-28T17:44:43+00:00
2017-03-08,2016/2017,Manchester City,Stoke City,0,0,1.3049,0.337194,3418,2026-08-28T17:44:43+00:00
2017-03-11,2016/2017,AFC Bournemouth,West Ham United,3,2,3.68186,1.25315,3411,2026-08-28T17:44:43+00:00
2017-03-11,2016/2017,Everton,West Bromwich Albion,3,0,2.17521,0.127321,3416,2026-08-28T17:44:43+00:00
2017-03-11,2016/2017,Hull City,Swansea City,2,1,1.98818,1.44148,3417,2026-08-28T17:44:43+00:00
2017-03-12,2016/2017,Liverpool,Burnley,2,1,0.966335,0.83474,3419,2026-08-28T17:44:43+00:00
2017-03-18,2016/2017,West Bromwich Albion,Arsenal,3,1,2.11737,0.995221,3420,2026-08-28T17:44:43+00:00
2017-03-18,2016/2017,West Ham United,Leicester City,2,3,2.32174,2.17004,3421,2026-08-28T17:44:43+00:00
2017-03-18,2016/2017,Sunderland,Burnley,0,0,1.03287,1.18742,3423,2026-08-28T17:44:43+00:00
2017-03-18,2016/2017,Stoke City,Chelsea,1,2,0.952053,1.95538,3424,2026-08-28T17:44:43+00:00
2017-03-18,2016/2017,Everton,Hull City,4,0,2.63141,0.528692,3427,2026-08-28T17:44:43+00:00
2017-03-18,2016/2017,Crystal Palace,Watford,1,0,0.376326,0.190648,3428,2026-08-28T17:44:43+00:00
2017-03-18,2016/2017,AFC Bournemouth,Swansea City,2,0,1.00816,0.37687,3429,2026-08-28T17:44:43+00:00
2017-03-19,2016/2017,Tottenham Hotspur,Southampton,2,1,1.64328,0.839989,3422,2026-08-28T17:44:43+00:00
2017-03-19,2016/2017,Middlesbrough,Manchester United,1,3,1.09037,2.47484,3425,2026-08-28T17:44:43+00:00
2017-03-19,2016/2017,Manchester City,Liverpool,1,1,2.55464,1.94116,3426,2026-08-28T17:44:43+00:00
2017-04-01,2016/2017,Burnley,Tottenham Hotspur,0,2,0.44677,2.36346,3431,2026-08-28T17:44:43+00:00
2017-04-01,2016/2017,Chelsea,Crystal Palace,1,2,3.16805,1.57423,3432,2026-08-28T17:44:43+00:00
2017-04-01,2016/2017,Hull City,West Ham United,2,1,0.778704,1.24571,3433,2026-08-28T17:44:43+00:00
2017-04-01,2016/2017,Leicester City,Stoke City,2,0,1.97444,1.36671,3434,2026-08-28T17:44:43+00:00
2017-04-01,2016/2017,Liverpool,Everton,3,1,0.625343,1.44152,3435,2026-08-28T17:44:43+00:00
2017-04-01,2016/2017,Manchester United,West Bromwich Albion,0,0,0.986683,0.200297,3436,2026-08-28T17:44:43+00:00
2017-04-01,2016/2017,Southampton,AFC Bournemouth,0,0,1.00252,2.06307,3437,2026-08-28T17:44:43+00:00
2017-04-01,2016/2017,Watford,Sunderland,1,0,1.95828,0.349699,3439,2026-08-28T17:44:43+00:00
2017-04-02,2016/2017,Arsenal,Manchester City,2,2,0.738497,1.40021,3430,2026-08-28T17:44:43+00:00
2017-04-02,2016/2017,Swansea City,Middlesbrough,0,0,0.64382,0.748206,3438,2026-08-28T17:44:43+00:00
2017-04-04,2016/2017,Burnley,Stoke City,1,0,0.348885,1.17275,3441,2026-08-28T17:44:43+00:00
2017-04-04,2016/2017,Watford,West Bromwich Albion,2,0,0.691991,1.48109,3443,2026-08-28T17:44:43+00:00
2017-04-04,2016/2017,Leicester City,Sunderland,2,0,0.929134,0.7012,3445,2026-08-28T17:44:43+00:00
2017-04-04,2016/2017,Manchester United,Everton,1,1,1.67424,0.589122,3446,2026-08-28T17:44:43+00:00
2017-04-05,2016/2017,Arsenal,West Ham United,3,0,2.16023,0.303905,3440,2026-08-28T17:44:43+00:00
2017-04-05,2016/2017,Hull City,Middlesbrough,4,2,2.23261,1.30673,3442,2026-08-28T17:44:43+00:00
2017-04-05,2016/2017,Swansea City,Tottenham Hotspur,1,3,0.872579,2.2242,3444,2026-08-28T17:44:43+00:00
2017-04-05,2016/2017,Southampton,Crystal Palace,3,1,3.34327,1.73055,3447,2026-08-28T17:44:43+00:00
2017-04-05,2016/2017,Chelsea,Manchester City,2,1,1.36933,2.2614,3448,2026-08-28T17:44:43+00:00
2017-04-05,2016/2017,Liverpool,AFC Bournemouth,2,2,2.17263,1.31233,3449,2026-08-28T17:44:43+00:00
2017-04-08,2016/2017,AFC Bournemouth,Chelsea,1,3,0.384152,1.52126,3450,2026-08-28T17:44:43+00:00
2017-04-08,2016/2017,Stoke City,Liverpool,1,2,2.13972,1.02225,3451,2026-08-28T17:44:43+00:00
2017-04-08,2016/2017,Tottenham Hotspur,Watford,4,0,1.18779,0.369968,3453,2026-08-28T17:44:43+00:00
2017-04-08,2016/2017,West Bromwich Albion,Southampton,0,1,2.01721,0.910339,3454,2026-08-28T17:44:43+00:00
2017-04-08,2016/2017,West Ham United,Swansea City,1,0,1.20573,0.307666,3455,2026-08-28T17:44:43+00:00
2017-04-08,2016/2017,Middlesbrough,Burnley,0,0,0.684683,0.809899,3456,2026-08-28T17:44:43+00:00
2017-04-08,2016/2017,Manchester City,Hull City,3,1,2.33731,0.358364,3457,2026-08-28T17:44:43+00:00
2017-04-09,2016/2017,Sunderland,Manchester United,0,3,0.977316,1.6943,3452,2026-08-28T17:44:43+00:00
2017-04-09,2016/2017,Everton,Leicester City,4,2,2.64597,0.836095,3458,2026-08-28T17:44:43+00:00
2017-04-10,2016/2017,Crystal Palace,Arsenal,3,0,2.15968,0.44226,3459,2026-08-28T17:44:43+00:00
2017-04-15,2016/2017,Southampton,Manchester City,0,3,0.616753,2.74188,3462,2026-08-28T17:44:43+00:00
2017-04-15,2016/2017,Stoke City,Hull City,3,1,2.01829,1.17696,3463,2026-08-28T17:44:43+00:00
2017-04-15,2016/2017,Sunderland,West Ham United,2,2,1.14121,1.42815,3464,2026-08-28T17:44:43+00:00
2017-04-15,2016/2017,Tottenham Hotspur,AFC Bournemouth,4,0,3.28588,0.211502,3465,2026-08-28T17:44:43+00:00
2017-04-15,2016/2017,Watford,Swansea City,1,0,1.22039,0.641001,3466,2026-08-28T17:44:43+00:00
2017-04-15,2016/2017,Everton,Burnley,3,1,1.67352,1.1469,3467,2026-08-28T17:44:43+00:00
2017-04-15,2016/2017,Crystal Palace,Leicester City,2,2,1.67894,0.467725,3468,2026-08-28T17:44:43+00:00
2017-04-16,2016/2017,Manchester United,Chelsea,2,0,0.807128,0.132913,3460,2026-08-28T17:44:43+00:00
2017-04-16,2016/2017,West Bromwich Albion,Liverpool,0,1,0.590375,1.30017,3469,2026-08-28T17:44:43+00:00
2017-04-17,2016/2017,Middlesbrough,Arsenal,1,2,1.72075,1.0689,3461,2026-08-28T17:44:43+00:00
2017-04-22,2016/2017,AFC Bournemouth,Middlesbrough,4,0,3.27712,0.2072,3471,2026-08-28T17:44:43+00:00
2017-04-22,2016/2017,Hull City,Watford,2,0,1.42309,1.15869,3474,2026-08-28T17:44:43+00:00
2017-04-22,2016/2017,Swansea City,Stoke City,2,0,0.475636,1.69454,3478,2026-08-28T17:44:43+00:00
2017-04-22,2016/2017,West Ham United,Everton,0,0,0.668323,0.104476,3479,2026-08-28T17:44:43+00:00
2017-04-23,2016/2017,Burnley,Manchester United,0,2,0.342829,2.24747,3472,2026-08-28T17:44:43+00:00
2017-04-23,2016/2017,Liverpool,Crystal Palace,1,2,0.89449,1.21741,3476,2026-08-28T17:44:43+00:00
2017-04-25,2016/2017,Chelsea,Southampton,4,2,1.4438,1.32952,3473,2026-08-28T17:44:43+00:00
2017-04-26,2016/2017,Arsenal,Leicester City,1,0,0.410203,0.595173,3410,2026-08-28T17:44:43+00:00
2017-04-26,2016/2017,Middlesbrough,Sunderland,1,0,0.825839,0.445766,3413,2026-08-28T17:44:43+00:00
2017-04-26,2016/2017,Crystal Palace,Tottenham Hotspur,0,1,0.321722,1.00589,3415,2026-08-28T17:44:43+00:00
2017-04-27,2016/2017,Manchester City,Manchester United,0,0,1.41537,0.421251,3398,2026-08-28T17:44:43+00:00
2017-04-29,2016/2017,Crystal Palace,Burnley,0,2,0.633469,1.38569,3480,2026-08-28T17:44:43+00:00
2017-04-29,2016/2017,Southampton,Hull City,0,0,1.24844,0.472435,3484,2026-08-28T17:44:43+00:00
2017-04-29,2016/2017,Stoke City,West Ham United,0,0,1.35509,0.65149,3485,2026-08-28T17:44:43+00:00
2017-04-29,2016/2017,Sunderland,AFC Bournemouth,0,1,1.6667,1.53094,3486,2026-08-28T17:44:43+00:00
2017-04-29,2016/2017,West Bromwich Albion,Leicester City,0,1,0.809101,0.570664,3489,2026-08-28T17:44:43+00:00
2017-04-30,2016/2017,Everton,Chelsea,0,3,0.684516,1.81945,3481,2026-08-28T17:44:43+00:00
2017-04-30,2016/2017,Manchester United,Swansea City,1,1,1.99224,0.775713,3482,2026-08-28T17:44:43+00:00
2017-04-30,2016/2017,Middlesbrough,Manchester City,2,2,1.17715,3.10725,3483,2026-08-28T17:44:43+00:00
2017-04-30,2016/2017,Tottenham Hotspur,Arsenal,2,0,3.46042,0.589537,3487,2026-08-28T17:44:43+00:00
2017-05-01,2016/2017,Watford,Liverpool,0,1,0.436648,0.55669,3488,2026-08-28T17:44:43+00:00
2017-05-05,2016/2017,West Ham United,Tottenham Hotspur,1,0,2.21043,0.451017,3499,2026-08-28T17:44:43+00:00
2017-05-06,2016/2017,AFC Bournemouth,Stoke City,2,2,1.30668,2.3019,3491,2026-08-28T17:44:43+00:00
2017-05-06,2016/2017,Burnley,West Bromwich Albion,2,2,1.08649,0.82853,3492,2026-08-28T17:44:43+00:00
2017-05-06,2016/2017,Hull City,Sunderland,0,2,1.21734,1.95502,3494,2026-08-28T17:44:43+00:00
2017-05-06,2016/2017,Leicester City,Watford,3,0,1.00566,0.512433,3495,2026-08-28T17:44:43+00:00
2017-05-06,2016/2017,Manchester City,Crystal Palace,5,0,2.69837,0.241571,3497,2026-08-28T17:44:43+00:00
2017-05-06,2016/2017,Swansea City,Everton,1,0,2.09244,0.270186,3498,2026-08-28T17:44:43+00:00
2017-05-07,2016/2017,Arsenal,Manchester United,2,0,1.03986,0.576173,3490,2026-08-28T17:44:43+00:00
2017-05-07,2016/2017,Liverpool,Southampton,0,0,1.35967,0.182082,3496,2026-08-28T17:44:43+00:00
2017-05-08,2016/2017,Chelsea,Middlesbrough,3,0,2.28046,0.0718773,3493,2026-08-28T17:44:43+00:00
2017-05-10,2016/2017,Southampton,Arsenal,0,2,1.25259,1.35954,3390,2026-08-28T17:44:43+00:00
2017-05-12,2016/2017,Everton,Watford,1,0,1.12984,1.54861,3502,2026-08-28T17:44:43+00:00
2017-05-12,2016/2017,West Bromwich Albion,Chelsea,0,1,0.529155,1.76954,3508,2026-08-28T17:44:43+00:00
2017-05-13,2016/2017,AFC Bournemouth,Burnley,2,1,1.5499,1.1511,3500,2026-08-28T17:44:43+00:00
2017-05-13,2016/2017,Manchester City,Leicester City,2,1,1.98776,1.62503,3503,2026-08-28T17:44:43+00:00
2017-05-13,2016/2017,Middlesbrough,Southampton,1,2,1.32885,1.52569,3504,2026-08-28T17:44:43+00:00
2017-05-13,2016/2017,Stoke City,Arsenal,1,4,1.30239,2.63639,3505,2026-08-28T17:44:43+00:00
2017-05-13,2016/2017,Sunderland,Swansea City,0,2,1.03765,0.344096,3506,2026-08-28T17:44:43+00:00
2017-05-14,2016/2017,Crystal Palace,Hull City,4,0,2.73274,0.518148,3501,2026-08-28T17:44:43+00:00
2017-05-14,2016/2017,Tottenham Hotspur,Manchester United,2,1,2.10698,1.03696,3507,2026-08-28T17:44:43+00:00
2017-05-14,2016/2017,West Ham United,Liverpool,0,4,1.03963,3.28962,3509,2026-08-28T17:44:43+00:00
2017-05-15,2016/2017,Chelsea,Watford,4,3,2.65315,0.883368,3414,2026-08-28T17:44:43+00:00
2017-05-16,2016/2017,Arsenal,Sunderland,2,0,3.83905,0.271744,3470,2026-08-28T17:44:43+00:00
2017-05-16,2016/2017,Manchester City,West Bromwich Albion,3,1,2.58035,0.387741,3477,2026-08-28T17:44:43+00:00
2017-05-17,2016/2017,Southampton,Manchester United,0,0,1.66533,0.45805,3412,2026-08-28T17:44:43+00:00
2017-05-18,2016/2017,Leicester City,Tottenham Hotspur,1,6,0.725721,2.64912,3475,2026-08-28T17:44:43+00:00
2017-05-21,2016/2017,Arsenal,Everton,3,1,3.35075,1.8831,3510,2026-08-28T17:44:43+00:00
2017-05-21,2016/2017,Burnley,West Ham United,1,2,1.70802,1.67299,3511,2026-08-28T17:44:43+00:00
2017-05-21,2016/2017,Chelsea,Sunderland,5,1,2.73947,0.693994,3512,2026-08-28T17:44:43+00:00
2017-05-21,2016/2017,Hull City,Tottenham Hotspur,1,7,0.812723,3.89027,3513,2026-08-28T17:44:43+00:00
2017-05-21,2016/2017,Leicester City,AFC Bournemouth,1,1,2.45308,0.87072,3514,2026-08-28T17:44:43+00:00
2017-05-21,2016/2017,Liverpool,Middlesbrough,3,0,2.16957,0.899691,3515,2026-08-28T17:44:43+00:00
2017-05-21,2016/2017,Manchester United,Crystal Palace,2,0,1.0386,0.3016,3516,2026-08-28T17:44:43+00:00
2017-05-21,2016/2017,Southampton,Stoke City,0,1,1.3554,0.983464,3517,2026-08-28T17:44:43+00:00
2017-05-21,2016/2017,Swansea City,West Bromwich Albion,2,1,1.74555,1.60674,3518,2026-08-28T17:44:43+00:00
2017-05-21,2016/2017,Watford,Manchester City,0,5,0.826124,3.26614,3519,2026-08-28T17:44:43+00:00
2017-08-11,2017/2018,Arsenal,Leicester City,4,3,2.54329,1.46495,7119,2026-08-28T17:44:43+00:00
2017-08-12,2017/2018,Watford,Liverpool,3,3,2.17647,2.61549,7120,2026-08-28T17:44:43+00:00
2017-08-12,2017/2018,West Bromwich Albion,AFC Bournemouth,1,0,1.18399,0.378659,7121,2026-08-28T17:44:43+00:00
2017-08-12,2017/2018,Southampton,Swansea City,0,0,2.21748,0.406196,7122,2026-08-28T17:44:43+00:00
2017-08-12,2017/2018,Chelsea,Burnley,2,3,1.35651,0.564237,7123,2026-08-28T17:44:43+00:00
2017-08-12,2017/2018,Crystal Palace,Huddersfield Town,0,3,0.988934,1.73657,7124,2026-08-28T17:44:43+00:00
2017-08-12,2017/2018,Everton,Stoke City,1,0,0.720574,0.27644,7125,2026-08-28T17:44:43+00:00
2017-08-12,2017/2018,Brighton & Hove Albion,Manchester City,0,2,0.276343,1.86751,7126,2026-08-28T17:44:43+00:00
2017-08-13,2017/2018,Newcastle United,Tottenham Hotspur,0,2,0.634633,2.34418,7127,2026-08-28T17:44:43+00:00
2017-08-13,2017/2018,Manchester United,West Ham United,4,0,2.63853,0.62654,7128,2026-08-28T17:44:43+00:00
2017-08-19,2017/2018,Swansea City,Manchester United,0,4,0.304164,3.41021,7129,2026-08-28T17:44:43+00:00
2017-08-19,2017/2018,Southampton,West Ham United,3,2,2.1424,1.53269,7130,2026-08-28T17:44:43+00:00
2017-08-19,2017/2018,AFC Bournemouth,Watford,0,2,0.766694,2.17717,7131,2026-08-28T17:44:43+00:00
2017-08-19,2017/2018,Burnley,West Bromwich Albion,0,1,1.37242,0.653058,7132,2026-08-28T17:44:43+00:00
2017-08-19,2017/2018,Leicester City,Brighton & Hove Albion,2,0,1.88355,0.123075,7133,2026-08-28T17:44:43+00:00
2017-08-19,2017/2018,Liverpool,Crystal Palace,1,0,2.84978,0.727364,7134,2026-08-28T17:44:43+00:00
2017-08-19,2017/2018,Stoke City,Arsenal,1,0,0.692644,1.40658,7135,2026-08-28T17:44:43+00:00
2017-08-20,2017/2018,Huddersfield Town,Newcastle United,1,0,0.267008,0.973322,7136,2026-08-28T17:44:43+00:00
2017-08-20,2017/2018,Tottenham Hotspur,Chelsea,1,2,0.72428,0.834423,7137,2026-08-28T17:44:43+00:00
2017-08-21,2017/2018,Manchester City,Everton,1,1,1.14216,0.59971,7138,2026-08-28T17:44:43+00:00
2017-08-26,2017/2018,AFC Bournemouth,Manchester City,1,2,0.415402,1.76626,7139,2026-08-28T17:44:43+00:00
2017-08-26,2017/2018,Crystal Palace,Swansea City,0,2,0.818951,0.966783,7141,2026-08-28T17:44:43+00:00
2017-08-26,2017/2018,Newcastle United,West Ham United,3,0,2.76107,0.558484,7142,2026-08-28T17:44:43+00:00
2017-08-26,2017/2018,Watford,Brighton & Hove Albion,0,0,0.281459,0.952357,7143,2026-08-28T17:44:43+00:00
2017-08-26,2017/2018,Huddersfield Town,Southampton,0,0,1.51605,0.795911,7144,2026-08-28T17:44:43+00:00
2017-08-26,2017/2018,Manchester United,Leicester City,2,0,2.73725,0.670573,7145,2026-08-28T17:44:43+00:00
2017-08-27,2017/2018,Chelsea,Everton,2,0,1.16991,0.326655,7140,2026-08-28T17:44:43+00:00
2017-08-27,2017/2018,West Bromwich Albion,Stoke City,1,1,0.875132,0.980905,7146,2026-08-28T17:44:43+00:00
2017-08-27,2017/2018,Tottenham Hotspur,Burnley,1,1,2.3497,0.670943,7147,2026-08-28T17:44:43+00:00
2017-08-27,2017/2018,Liverpool,Arsenal,4,0,3.45998,0.484816,7148,2026-08-28T17:44:43+00:00
2017-09-09,2017/2018,Manchester City,Liverpool,5,0,3.14589,0.665186,7149,2026-08-28T17:44:43+00:00
2017-09-09,2017/2018,Southampton,Watford,0,2,0.331259,0.57794,7150,2026-08-28T17:44:43+00:00
2017-09-09,2017/2018,Leicester City,Chelsea,1,2,1.34903,1.03943,7151,2026-08-28T17:44:43+00:00
2017-09-09,2017/2018,Arsenal,AFC Bournemouth,3,0,2.48732,0.577291,7152,2026-08-28T17:44:43+00:00
2017-09-09,2017/2018,Brighton & Hove Albion,West Bromwich Albion,3,1,0.396771,0.866679,7153,2026-08-28T17:44:43+00:00
2017-09-09,2017/2018,Everton,Tottenham Hotspur,0,3,1.15144,2.17535,7154,2026-08-28T17:44:43+00:00
2017-09-09,2017/2018,Stoke City,Manchester United,2,2,1.49928,1.96635,7155,2026-08-28T17:44:43+00:00
2017-09-10,2017/2018,Burnley,Crystal Palace,1,0,0.429329,1.72996,7156,2026-08-28T17:44:43+00:00
2017-09-10,2017/2018,Swansea City,Newcastle United,0,1,1.48574,1.03177,7157,2026-08-28T17:44:43+00:00
2017-09-11,2017/2018,West Ham United,Huddersfield Town,2,0,1.94969,0.339338,7158,2026-08-28T17:44:43+00:00
2017-09-15,2017/2018,AFC Bournemouth,Brighton & Hove Albion,2,1,1.39529,0.874276,7159,2026-08-28T17:44:43+00:00
2017-09-16,2017/2018,Crystal Palace,Southampton,0,1,2.03243,1.11428,7160,2026-08-28T17:44:43+00:00
2017-09-16,2017/2018,Huddersfield Town,Leicester City,1,1,0.700349,1.24181,7161,2026-08-28T17:44:43+00:00
2017-09-16,2017/2018,Liverpool,Burnley,1,1,2.18727,0.334402,7162,2026-08-28T17:44:43+00:00
2017-09-16,2017/2018,Newcastle United,Stoke City,2,1,2.6598,0.675783,7163,2026-08-28T17:44:43+00:00
2017-09-16,2017/2018,Watford,Manchester City,0,6,0.803933,3.99349,7164,2026-08-28T17:44:43+00:00
2017-09-16,2017/2018,West Bromwich Albion,West Ham United,0,0,0.781891,0.266344,7165,2026-08-28T17:44:43+00:00
2017-09-16,2017/2018,Tottenham Hotspur,Swansea City,0,0,1.17894,0.154074,7166,2026-08-28T17:44:43+00:00
2017-09-17,2017/2018,Chelsea,Arsenal,0,0,0.762129,1.42208,7167,2026-08-28T17:44:43+00:00
2017-09-17,2017/2018,Manchester United,Everton,4,0,3.28722,1.06298,7168,2026-08-28T17:44:43+00:00
2017-09-23,2017/2018,West Ham United,Tottenham Hotspur,2,3,0.67667,1.45327,7169,2026-08-28T17:44:43+00:00
2017-09-23,2017/2018,Stoke City,Chelsea,0,4,0.600959,1.59815,7170,2026-08-28T17:44:43+00:00
2017-09-23,2017/2018,Swansea City,Watford,1,2,1.50811,1.25817,7171,2026-08-28T17:44:43+00:00
2017-09-23,2017/2018,Southampton,Manchester United,0,1,0.802062,1.07247,7172,2026-08-28T17:44:43+00:00
2017-09-23,2017/2018,Manchester City,Crystal Palace,5,0,5.72543,0.611018,7173,2026-08-28T17:44:43+00:00
2017-09-23,2017/2018,Burnley,Huddersfield Town,0,0,0.369454,0.312561,7174,2026-08-28T17:44:43+00:00
2017-09-23,2017/2018,Everton,AFC Bournemouth,2,1,2.21092,0.384728,7175,2026-08-28T17:44:43+00:00
2017-09-23,2017/2018,Leicester City,Liverpool,2,3,2.88766,1.92902,7176,2026-08-28T17:44:43+00:00
2017-09-24,2017/2018,Brighton & Hove Albion,Newcastle United,1,0,0.507341,1.37001,7177,2026-08-28T17:44:43+00:00
2017-09-25,2017/2018,Arsenal,West Bromwich Albion,2,0,2.39316,0.766652,7178,2026-08-28T17:44:43+00:00
2017-09-30,2017/2018,Huddersfield Town,Tottenham Hotspur,0,4,0.196648,1.56089,7179,2026-08-28T17:44:43+00:00
2017-09-30,2017/2018,Manchester United,Crystal Palace,4,0,3.47508,0.244321,7180,2026-08-28T17:44:43+00:00
2017-09-30,2017/2018,Stoke City,Southampton,2,1,2.68136,1.42781,7181,2026-08-28T17:44:43+00:00
2017-09-30,2017/2018,West Bromwich Albion,Watford,2,2,1.93896,1.62462,7182,2026-08-28T17:44:43+00:00
2017-09-30,2017/2018,West Ham United,Swansea City,1,0,0.692185,0.178568,7183,2026-08-28T17:44:43+00:00
2017-09-30,2017/2018,AFC Bournemouth,Leicester City,0,0,1.39901,0.594808,7184,2026-08-28T17:44:43+00:00
2017-09-30,2017/2018,Chelsea,Manchester City,0,1,0.911532,1.23068,7185,2026-08-28T17:44:43+00:00
2017-10-01,2017/2018,Arsenal,Brighton & Hove Albion,2,0,2.47818,0.386343,7186,2026-08-28T17:44:43+00:00
2017-10-01,2017/2018,Everton,Burnley,0,1,0.93376,0.383977,7187,2026-08-28T17:44:43+00:00
2017-10-01,2017/2018,Newcastle United,Liverpool,1,1,0.280437,1.64475,7188,2026-08-28T17:44:43+00:00
2017-10-14,2017/2018,Burnley,West Ham United,1,1,0.70219,0.835192,7190,2026-08-28T17:44:43+00:00
2017-10-14,2017/2018,Crystal Palace,Chelsea,2,1,1.51873,0.651919,7191,2026-08-28T17:44:43+00:00
2017-10-14,2017/2018,Liverpool,Manchester United,0,0,1.92702,0.230358,7193,2026-08-28T17:44:43+00:00
2017-10-14,2017/2018,Manchester City,Stoke City,7,2,4.45388,0.681236,7194,2026-08-28T17:44:43+00:00
2017-10-14,2017/2018,Swansea City,Huddersfield Town,2,0,1.65446,0.596086,7196,2026-08-28T17:44:43+00:00
2017-10-14,2017/2018,Tottenham Hotspur,AFC Bournemouth,1,0,1.95684,0.17504,7197,2026-08-28T17:44:43+00:00
2017-10-14,2017/2018,Watford,Arsenal,2,1,1.63418,0.988468,7198,2026-08-28T17:44:43+00:00
2017-10-15,2017/2018,Brighton & Hove Albion,Everton,1,1,1.05884,1.45518,7189,2026-08-28T17:44:43+00:00
2017-10-15,2017/2018,Southampton,Newcastle United,2,2,1.71445,0.950997,7195,2026-08-28T17:44:43+00:00
2017-10-16,2017/2018,Leicester City,West Bromwich Albion,1,1,0.964277,0.155254,7192,2026-08-28T17:44:43+00:00
2017-10-20,2017/2018,West Ham United,Brighton & Hove Albion,0,3,0.569111,1.98345,7208,2026-08-28T17:44:43+00:00
2017-10-21,2017/2018,Chelsea,Watford,4,2,1.78315,1.79693,7199,2026-08-28T17:44:43+00:00
2017-10-21,2017/2018,Huddersfield Town,Manchester United,2,1,1.26744,0.807135,7201,2026-08-28T17:44:43+00:00
2017-10-21,2017/2018,Manchester City,Burnley,3,0,3.71812,0.14859,7202,2026-08-28T17:44:43+00:00
2017-10-21,2017/2018,Newcastle United,Crystal Palace,1,0,0.270313,0.566845,7203,2026-08-28T17:44:43+00:00
2017-10-21,2017/2018,Southampton,West Bromwich Albion,1,0,2.02288,0.504128,7204,2026-08-28T17:44:43+00:00
2017-10-21,2017/2018,Stoke City,AFC Bournemouth,1,2,1.60117,1.11834,7205,2026-08-28T17:44:43+00:00
2017-10-21,2017/2018,Swansea City,Leicester City,1,2,0.559618,1.80814,7206,2026-08-28T17:44:43+00:00
2017-10-22,2017/2018,Everton,Arsenal,2,5,0.810989,3.86029,7200,2026-08-28T17:44:43+00:00
2017-10-22,2017/2018,Tottenham Hotspur,Liverpool,4,1,2.62043,0.667771,7207,2026-08-28T17:44:43+00:00
2017-10-28,2017/2018,Arsenal,Swansea City,2,1,2.37777,0.8355,7209,2026-08-28T17:44:43+00:00
2017-10-28,2017/2018,AFC Bournemouth,Chelsea,0,1,0.455055,1.78362,7210,2026-08-28T17:44:43+00:00
2017-10-28,2017/2018,Crystal Palace,West Ham United,2,2,2.91672,0.742845,7213,2026-08-28T17:44:43+00:00
2017-10-28,2017/2018,West Bromwich Albion,Manchester City,2,3,1.11852,2.77085,7215,2026-08-28T17:44:43+00:00
2017-10-28,2017/2018,Watford,Stoke City,0,1,1.13448,0.778883,7216,2026-08-28T17:44:43+00:00
2017-10-28,2017/2018,Liverpool,Huddersfield Town,3,0,2.14257,0.0554802,7217,2026-08-28T17:44:43+00:00
2017-10-28,2017/2018,Manchester United,Tottenham Hotspur,1,0,0.943496,1.08708,7218,2026-08-28T17:44:43+00:00
2017-10-29,2017/2018,Brighton & Hove Albion,Southampton,1,1,1.50533,0.54364,7211,2026-08-28T17:44:43+00:00
2017-10-29,2017/2018,Leicester City,Everton,2,0,1.36768,0.575236,7214,2026-08-28T17:44:43+00:00
2017-10-30,2017/2018,Burnley,Newcastle United,1,0,1.0271,0.516369,7212,2026-08-28T17:44:43+00:00
2017-11-04,2017/2018,Huddersfield Town,West Bromwich Albion,1,0,0.260436,0.382005,7221,2026-08-28T17:44:43+00:00
2017-11-04,2017/2018,Newcastle United,AFC Bournemouth,0,1,0.676091,1.28703,7222,2026-08-28T17:44:43+00:00
2017-11-04,2017/2018,Southampton,Burnley,0,1,0.789259,0.137743,7223,2026-08-28T17:44:43+00:00
2017-11-04,2017/2018,Stoke City,Leicester City,2,2,1.22988,1.39563,7224,2026-08-28T17:44:43+00:00
2017-11-04,2017/2018,Swansea City,Brighton & Hove Albion,0,1,1.24557,0.874927,7225,2026-08-28T17:44:43+00:00
2017-11-04,2017/2018,West Ham United,Liverpool,1,4,1.13045,2.8773,7227,2026-08-28T17:44:43+00:00
2017-11-05,2017/2018,Chelsea,Manchester United,1,0,1.8417,0.773586,7219,2026-08-28T17:44:43+00:00
2017-11-05,2017/2018,Everton,Watford,3,2,2.5796,2.05534,7220,2026-08-28T17:44:43+00:00
2017-11-05,2017/2018,Tottenham Hotspur,Crystal Palace,1,0,0.991813,1.10222,7226,2026-08-28T17:44:43+00:00
2017-11-05,2017/2018,Manchester City,Arsenal,3,1,2.15028,0.340407,7228,2026-08-28T17:44:43+00:00
2017-11-18,2017/2018,West Bromwich Albion,Chelsea,0,4,0.590655,1.71709,7229,2026-08-28T17:44:43+00:00
2017-11-18,2017/2018,Liverpool,Southampton,3,0,2.06277,0.563886,7231,2026-08-28T17:44:43+00:00
2017-11-18,2017/2018,Manchester United,Newcastle United,4,1,2.57424,1.08708,7232,2026-08-28T17:44:43+00:00
2017-11-18,2017/2018,Burnley,Swansea City,2,0,1.5427,0.431402,7233,2026-08-28T17:44:43+00:00
2017-11-18,2017/2018,Crystal Palace,Everton,2,2,2.02983,1.68728,7234,2026-08-28T17:44:43+00:00
2017-11-18,2017/2018,Leicester City,Manchester City,0,2,0.0970457,2.40056,7235,2026-08-28T17:44:43+00:00
2017-11-18,2017/2018,Arsenal,Tottenham Hotspur,2,0,2.24246,0.591192,7236,2026-08-28T17:44:43+00:00
2017-11-18,2017/2018,AFC Bournemouth,Huddersfield Town,4,0,1.38782,1.1633,7237,2026-08-28T17:44:43+00:00
2017-11-19,2017/2018,Watford,West Ham United,2,0,1.24547,1.43369,7230,2026-08-28T17:44:43+00:00
2017-11-20,2017/2018,Brighton & Hove Albion,Stoke City,2,2,0.490058,1.20507,7238,2026-08-28T17:44:43+00:00
2017-11-24,2017/2018,West Ham United,Leicester City,1,1,0.775297,0.453851,7247,2026-08-28T17:44:43+00:00
2017-11-25,2017/2018,Tottenham Hotspur,West Bromwich Albion,1,1,1.91526,0.71711,7239,2026-08-28T17:44:43+00:00
2017-11-25,2017/2018,Swansea City,AFC Bournemouth,0,0,0.879594,0.449075,7240,2026-08-28T17:44:43+00:00
2017-11-25,2017/2018,Newcastle United,Watford,0,3,0.86002,2.05844,7242,2026-08-28T17:44:43+00:00
2017-11-25,2017/2018,Manchester United,Brighton & Hove Albion,1,0,1.50148,0.565072,7243,2026-08-28T17:44:43+00:00
2017-11-25,2017/2018,Liverpool,Chelsea,1,1,1.50368,0.739983,7244,2026-08-28T17:44:43+00:00
2017-11-25,2017/2018,Crystal Palace,Stoke City,2,1,1.48339,0.628292,7246,2026-08-28T17:44:43+00:00
2017-11-26,2017/2018,Southampton,Everton,4,1,1.97034,0.147724,7241,2026-08-28T17:44:43+00:00
2017-11-26,2017/2018,Huddersfield Town,Manchester City,1,2,0.537698,2.66178,7245,2026-08-28T17:44:43+00:00
2017-11-26,2017/2018,Burnley,Arsenal,0,1,0.402745,1.75184,7248,2026-08-28T17:44:43+00:00
2017-11-28,2017/2018,Leicester City,Tottenham Hotspur,2,1,0.924575,2.50552,7249,2026-08-28T17:44:43+00:00
2017-11-28,2017/2018,Brighton & Hove Albion,Crystal Palace,0,0,0.475162,0.584296,7250,2026-08-28T17:44:43+00:00
2017-11-28,2017/2018,Watford,Manchester United,2,4,1.29277,1.63491,7251,2026-08-28T17:44:43+00:00
2017-11-28,2017/2018,West Bromwich Albion,Newcastle United,2,2,0.845327,1.1342,7252,2026-08-28T17:44:43+00:00
2017-11-29,2017/2018,AFC Bournemouth,Burnley,1,2,0.915088,1.08519,7253,2026-08-28T17:44:43+00:00
2017-11-29,2017/2018,Arsenal,Huddersfield Town,5,0,4.47889,0.475716,7254,2026-08-28T17:44:43+00:00
2017-11-29,2017/2018,Chelsea,Swansea City,1,0,2.30012,0.0411427,7255,2026-08-28T17:44:43+00:00
2017-11-29,2017/2018,Everton,West Ham United,4,0,1.76497,1.03658,7256,2026-08-28T17:44:43+00:00
2017-11-29,2017/2018,Manchester City,Southampton,2,1,1.64952,1.7066,7257,2026-08-28T17:44:43+00:00
2017-11-29,2017/2018,Stoke City,Liverpool,0,3,0.846748,2.58757,7258,2026-08-28T17:44:43+00:00
2017-12-02,2017/2018,Chelsea,Newcastle United,3,1,3.07794,0.519549,7259,2026-08-28T17:44:43+00:00
2017-12-02,2017/2018,Everton,Huddersfield Town,2,0,0.820024,0.223429,7260,2026-08-28T17:44:43+00:00
2017-12-02,2017/2018,Leicester City,Burnley,1,0,1.61269,0.789388,7261,2026-08-28T17:44:43+00:00
2017-12-02,2017/2018,Stoke City,Swansea City,2,1,1.24743,0.320601,7263,2026-08-28T17:44:43+00:00
2017-12-02,2017/2018,Watford,Tottenham Hotspur,1,1,0.352672,0.788817,7264,2026-08-28T17:44:43+00:00
2017-12-02,2017/2018,West Bromwich Albion,Crystal Palace,0,0,1.65178,0.80924,7265,2026-08-28T17:44:43+00:00
2017-12-02,2017/2018,Arsenal,Manchester United,1,3,4.24057,2.06831,7266,2026-08-28T17:44:43+00:00
2017-12-02,2017/2018,Brighton & Hove Albion,Liverpool,1,5,1.65878,1.77566,7268,2026-08-28T17:44:43+00:00
2017-12-03,2017/2018,Manchester City,West Ham United,2,1,2.45603,0.474483,7262,2026-08-28T17:44:43+00:00
2017-12-03,2017/2018,AFC Bournemouth,Southampton,1,1,1.11195,1.00264,7267,2026-08-28T17:44:43+00:00
2017-12-09,2017/2018,West Ham United,Chelsea,1,0,0.418127,1.18891,7269,2026-08-28T17:44:43+00:00
2017-12-09,2017/2018,Tottenham Hotspur,Stoke City,5,1,4.01925,0.749296,7270,2026-08-28T17:44:43+00:00
2017-12-09,2017/2018,Swansea City,West Bromwich Albion,1,0,1.01101,0.25228,7271,2026-08-28T17:44:43+00:00
2017-12-09,2017/2018,Burnley,Watford,1,0,0.485632,0.819233,7272,2026-08-28T17:44:43+00:00
2017-12-09,2017/2018,Crystal Palace,AFC Bournemouth,2,2,4.61208,0.962374,7273,2026-08-28T17:44:43+00:00
2017-12-09,2017/2018,Huddersfield Town,Brighton & Hove Albion,2,0,2.68125,0.273809,7274,2026-08-28T17:44:43+00:00
2017-12-09,2017/2018,Newcastle United,Leicester City,2,3,0.964657,0.444099,7277,2026-08-28T17:44:43+00:00
2017-12-10,2017/2018,Liverpool,Everton,1,1,1.89569,0.823217,7275,2026-08-28T17:44:43+00:00
2017-12-10,2017/2018,Manchester United,Manchester City,1,2,1.43756,2.03041,7276,2026-08-28T17:44:43+00:00
2017-12-10,2017/2018,Southampton,Arsenal,1,1,1.21942,0.608352,7278,2026-08-28T17:44:43+00:00
2017-12-12,2017/2018,Burnley,Stoke City,1,0,0.360081,0.916344,7279,2026-08-28T17:44:43+00:00
2017-12-12,2017/2018,Huddersfield Town,Chelsea,1,3,0.476748,1.8707,7280,2026-08-28T17:44:43+00:00
2017-12-12,2017/2018,Crystal Palace,Watford,2,1,1.10545,1.40441,7282,2026-08-28T17:44:43+00:00
2017-12-13,2017/2018,Swansea City,Manchester City,0,4,0.589496,3.56828,7281,2026-08-28T17:44:43+00:00
2017-12-13,2017/2018,Manchester United,AFC Bournemouth,1,0,1.24043,0.815792,7283,2026-08-28T17:44:43+00:00
2017-12-13,2017/2018,Newcastle United,Everton,0,1,0.570658,1.38719,7284,2026-08-28T17:44:43+00:00
2017-12-13,2017/2018,Southampton,Leicester City,1,4,1.11749,2.24579,7285,2026-08-28T17:44:43+00:00
2017-12-13,2017/2018,West Ham United,Arsenal,0,0,0.405172,1.02186,7286,2026-08-28T17:44:43+00:00
2017-12-13,2017/2018,Liverpool,West Bromwich Albion,0,0,2.13915,0.520382,7287,2026-08-28T17:44:43+00:00
2017-12-13,2017/2018,Tottenham Hotspur,Brighton & Hove Albion,2,0,1.87344,0.315616,7288,2026-08-28T17:44:43+00:00
2017-12-16,2017/2018,Arsenal,Newcastle United,1,0,2.02472,0.286547,7289,2026-08-28T17:44:43+00:00
2017-12-16,2017/2018,Brighton & Hove Albion,Burnley,0,0,1.49029,1.32536,7291,2026-08-28T17:44:43+00:00
2017-12-16,2017/2018,Chelsea,Southampton,1,0,1.29018,0.587081,7292,2026-08-28T17:44:43+00:00
2017-12-16,2017/2018,Leicester City,Crystal Palace,0,3,0.758241,2.25889,7294,2026-08-28T17:44:43+00:00
2017-12-16,2017/2018,Watford,Huddersfield Town,1,4,0.589103,3.49193,7296,2026-08-28T17:44:43+00:00
2017-12-16,2017/2018,Stoke City,West Ham United,0,3,0.983293,3.08244,7297,2026-08-28T17:44:43+00:00
2017-12-16,2017/2018,Manchester City,Tottenham Hotspur,4,1,4.14588,0.182456,7298,2026-08-28T17:44:43+00:00
2017-12-17,2017/2018,AFC Bournemouth,Liverpool,0,4,0.539178,3.25041,7290,2026-08-28T17:44:43+00:00
2017-12-17,2017/2018,West Bromwich Albion,Manchester United,1,2,1.076,0.898984,7295,2026-08-28T17:44:43+00:00
2017-12-18,2017/2018,Everton,Swansea City,3,1,2.01756,0.766224,7293,2026-08-28T17:44:43+00:00
2017-12-22,2017/2018,Arsenal,Liverpool,3,3,1.13104,2.05947,7301,2026-08-28T17:44:43+00:00
2017-12-23,2017/2018,Swansea City,Crystal Palace,1,1,0.546613,1.25546,7299,2026-08-28T17:44:43+00:00
2017-12-23,2017/2018,West Ham United,Newcastle United,2,3,2.31898,1.90622,7300,2026-08-28T17:44:43+00:00
2017-12-23,2017/2018,Leicester City,Manchester United,2,2,1.56465,2.15281,7302,2026-08-28T17:44:43+00:00
2017-12-23,2017/2018,Everton,Chelsea,0,0,0.342403,1.84971,7303,2026-08-28T17:44:43+00:00
2017-12-23,2017/2018,Burnley,Tottenham Hotspur,0,3,0.159735,3.30947,7304,2026-08-28T17:44:43+00:00
2017-12-23,2017/2018,Brighton & Hove Albion,Watford,1,0,1.40139,1.30044,7305,2026-08-28T17:44:43+00:00
2017-12-23,2017/2018,Stoke City,West Bromwich Albion,3,1,1.7986,2.0544,7306,2026-08-28T17:44:43+00:00
2017-12-23,2017/2018,Southampton,Huddersfield Town,1,1,1.73805,1.09381,7307,2026-08-28T17:44:43+00:00
2017-12-23,2017/2018,Manchester City,AFC Bournemouth,4,0,1.55724,0.334896,7308,2026-08-28T17:44:43+00:00
2017-12-26,2017/2018,AFC Bournemouth,West Ham United,3,3,2.84928,1.87596,7309,2026-08-28T17:44:43+00:00
2017-12-26,2017/2018,Chelsea,Brighton & Hove Albion,2,0,2.16934,0.452601,7310,2026-08-28T17:44:43+00:00
2017-12-26,2017/2018,Huddersfield Town,Stoke City,1,1,1.8756,1.19984,7312,2026-08-28T17:44:43+00:00
2017-12-26,2017/2018,Liverpool,Swansea City,5,0,3.06422,0.2719,7313,2026-08-28T17:44:43+00:00
2017-12-26,2017/2018,Manchester United,Burnley,2,2,1.80763,0.786214,7314,2026-08-28T17:44:43+00:00
2017-12-26,2017/2018,Tottenham Hotspur,Southampton,5,2,3.08413,0.591118,7316,2026-08-28T17:44:43+00:00
2017-12-26,2017/2018,Watford,Leicester City,2,1,1.43009,1.54771,7317,2026-08-28T17:44:43+00:00
2017-12-26,2017/2018,West Bromwich Albion,Everton,0,0,1.18168,0.405775,7318,2026-08-28T17:44:43+00:00
2017-12-27,2017/2018,Newcastle United,Manchester City,0,1,0.174705,1.93187,7315,2026-08-28T17:44:43+00:00
2017-12-28,2017/2018,Crystal Palace,Arsenal,2,3,1.14522,1.84104,7311,2026-08-28T17:44:43+00:00
2017-12-30,2017/2018,AFC Bournemouth,Everton,2,1,1.39955,0.599608,7319,2026-08-28T17:44:43+00:00
2017-12-30,2017/2018,Chelsea,Stoke City,5,0,3.09527,0.28218,7320,2026-08-28T17:44:43+00:00
2017-12-30,2017/2018,Huddersfield Town,Burnley,0,0,0.049118,1.20923,7322,2026-08-28T17:44:43+00:00
2017-12-30,2017/2018,Liverpool,Leicester City,2,1,2.56607,0.789667,7323,2026-08-28T17:44:43+00:00
2017-12-30,2017/2018,Manchester United,Southampton,0,0,1.87247,0.85013,7324,2026-08-28T17:44:43+00:00
2017-12-30,2017/2018,Newcastle United,Brighton & Hove Albion,0,0,0.504379,0.630058,7325,2026-08-28T17:44:43+00:00
2017-12-30,2017/2018,Watford,Swansea City,1,2,1.17794,1.31479,7327,2026-08-28T17:44:43+00:00
2017-12-31,2017/2018,Crystal Palace,Manchester City,0,0,1.72153,1.09586,7321,2026-08-28T17:44:43+00:00
2017-12-31,2017/2018,West Bromwich Albion,Arsenal,1,1,1.39429,0.917801,7328,2026-08-28T17:44:43+00:00
2018-01-01,2017/2018,Brighton & Hove Albion,AFC Bournemouth,2,2,2.37332,1.28248,7331,2026-08-28T17:44:43+00:00
2018-01-01,2017/2018,Burnley,Liverpool,1,2,0.900466,1.62514,7332,2026-08-28T17:44:43+00:00
2018-01-01,2017/2018,Everton,Manchester United,0,2,1.23952,1.26247,7333,2026-08-28T17:44:43+00:00
2018-01-01,2017/2018,Leicester City,Huddersfield Town,3,0,1.45074,0.226625,7334,2026-08-28T17:44:43+00:00
2018-01-01,2017/2018,Stoke City,Newcastle United,0,1,1.50029,2.02028,7337,2026-08-28T17:44:43+00:00
2018-01-02,2017/2018,West Ham United,West Bromwich Albion,2,1,1.0594,0.63538,7329,2026-08-28T17:44:43+00:00
2018-01-02,2017/2018,Manchester City,Watford,3,1,2.77398,0.965283,7335,2026-08-28T17:44:43+00:00
2018-01-02,2017/2018,Southampton,Crystal Palace,1,2,0.445301,1.34294,7336,2026-08-28T17:44:43+00:00
2018-01-02,2017/2018,Swansea City,Tottenham Hotspur,0,2,0.397789,1.61843,7338,2026-08-28T17:44:43+00:00
2018-01-03,2017/2018,Arsenal,Chelsea,2,2,1.23205,3.0768,7330,2026-08-28T17:44:43+00:00
2018-01-04,2017/2018,Tottenham Hotspur,West Ham United,1,1,1.64908,0.612933,7326,2026-08-28T17:44:43+00:00
2018-01-13,2017/2018,Chelsea,Leicester City,0,0,0.622946,1.36341,7340,2026-08-28T17:44:43+00:00
2018-01-13,2017/2018,Crystal Palace,Burnley,1,0,1.80971,0.907849,7341,2026-08-28T17:44:43+00:00
2018-01-13,2017/2018,Huddersfield Town,West Ham United,1,4,0.681,0.986853,7342,2026-08-28T17:44:43+00:00
2018-01-13,2017/2018,Newcastle United,Swansea City,1,1,1.8273,0.895774,7345,2026-08-28T17:44:43+00:00
2018-01-13,2017/2018,Tottenham Hotspur,Everton,4,0,4.21366,0.290345,7346,2026-08-28T17:44:43+00:00
2018-01-13,2017/2018,Watford,Southampton,2,2,1.67369,0.857637,7347,2026-08-28T17:44:43+00:00
2018-01-13,2017/2018,West Bromwich Albion,Brighton & Hove Albion,2,0,1.38478,0.530765,7348,2026-08-28T17:44:43+00:00
2018-01-14,2017/2018,AFC Bournemouth,Arsenal,2,1,0.822285,1.00956,7339,2026-08-28T17:44:43+00:00
2018-01-14,2017/2018,Liverpool,Manchester City,4,3,1.01595,0.722959,7343,2026-08-28T17:44:43+00:00
2018-01-15,2017/2018,Manchester United,Stoke City,3,0,1.9485,1.47603,7344,2026-08-28T17:44:43+00:00
2018-01-20,2017/2018,Arsenal,Crystal Palace,4,1,3.56519,0.501202,7349,2026-08-28T17:44:43+00:00
2018-01-20,2017/2018,Brighton & Hove Albion,Chelsea,0,4,0.881174,1.52008,7350,2026-08-28T17:44:43+00:00
2018-01-20,2017/2018,Burnley,Manchester United,0,1,0.568215,0.860828,7351,2026-08-28T17:44:43+00:00
2018-01-20,2017/2018,Everton,West Bromwich Albion,1,1,0.92355,1.34998,7352,2026-08-28T17:44:43+00:00
2018-01-20,2017/2018,Leicester City,Watford,2,0,1.51932,0.740795,7353,2026-08-28T17:44:43+00:00
2018-01-20,2017/2018,Manchester City,Newcastle United,3,1,2.5505,0.992018,7354,2026-08-28T17:44:43+00:00
2018-01-20,2017/2018,Stoke City,Huddersfield Town,2,0,0.987799,0.238458,7356,2026-08-28T17:44:43+00:00
2018-01-20,2017/2018,West Ham United,AFC Bournemouth,1,1,0.980241,0.501886,7358,2026-08-28T17:44:43+00:00
2018-01-21,2017/2018,Southampton,Tottenham Hotspur,1,1,1.15209,1.30653,7355,2026-08-28T17:44:43+00:00
2018-01-22,2017/2018,Swansea City,Liverpool,1,0,0.498742,2.19675,7357,2026-08-28T17:44:43+00:00
2018-01-30,2017/2018,Huddersfield Town,Liverpool,0,3,0.288048,2.05148,7359,2026-08-28T17:44:43+00:00
2018-01-30,2017/2018,West Ham United,Crystal Palace,1,1,1.11632,1.15809,7360,2026-08-28T17:44:43+00:00
2018-01-30,2017/2018,Swansea City,Arsenal,3,1,2.37911,1.15616,7361,2026-08-28T17:44:43+00:00
2018-01-31,2017/2018,Chelsea,AFC Bournemouth,0,3,1.14795,1.42447,7362,2026-08-28T17:44:43+00:00
2018-01-31,2017/2018,Southampton,Brighton & Hove Albion,1,1,1.27393,1.07907,7363,2026-08-28T17:44:43+00:00
2018-01-31,2017/2018,Newcastle United,Burnley,1,1,2.52275,1.22828,7364,2026-08-28T17:44:43+00:00
2018-01-31,2017/2018,Everton,Leicester City,2,1,1.53072,2.65018,7365,2026-08-28T17:44:43+00:00
2018-01-31,2017/2018,Manchester City,West Bromwich Albion,3,0,2.68955,0.118043,7366,2026-08-28T17:44:43+00:00
2018-01-31,2017/2018,Tottenham Hotspur,Manchester United,2,0,2.0117,0.817997,7367,2026-08-28T17:44:43+00:00
2018-01-31,2017/2018,Stoke City,Watford,0,0,0.722172,0.740773,7368,2026-08-28T17:44:43+00:00
2018-02-03,2017/2018,Arsenal,Everton,5,1,3.19622,1.49065,7369,2026-08-28T17:44:43+00:00
2018-02-03,2017/2018,AFC Bournemouth,Stoke City,2,1,1.91091,0.721222,7370,2026-08-28T17:44:43+00:00
2018-02-03,2017/2018,Brighton & Hove Albion,West Ham United,3,1,1.64227,0.443751,7371,2026-08-28T17:44:43+00:00
2018-02-03,2017/2018,Burnley,Manchester City,1,1,0.795971,2.24914,7372,2026-08-28T17:44:43+00:00
2018-02-03,2017/2018,Leicester City,Swansea City,1,1,1.48466,0.569943,7374,2026-08-28T17:44:43+00:00
2018-02-03,2017/2018,Manchester United,Huddersfield Town,2,0,1.63389,0.13049,7376,2026-08-28T17:44:43+00:00
2018-02-03,2017/2018,West Bromwich Albion,Southampton,2,3,0.876603,0.99695,7378,2026-08-28T17:44:43+00:00
2018-02-04,2017/2018,Crystal Palace,Newcastle United,1,1,3.00238,1.14408,7373,2026-08-28T17:44:43+00:00
2018-02-04,2017/2018,Liverpool,Tottenham Hotspur,2,2,1.28962,2.54392,7375,2026-08-28T17:44:43+00:00
2018-02-05,2017/2018,Watford,Chelsea,4,1,2.12696,0.573557,7377,2026-08-28T17:44:43+00:00
2018-02-10,2017/2018,Everton,Crystal Palace,3,1,1.48792,1.65713,7380,2026-08-28T17:44:43+00:00
2018-02-10,2017/2018,Manchester City,Leicester City,5,1,2.59121,0.109716,7382,2026-08-28T17:44:43+00:00
2018-02-10,2017/2018,Stoke City,Brighton & Hove Albion,1,1,1.39547,0.897856,7385,2026-08-28T17:44:43+00:00
2018-02-10,2017/2018,Swansea City,Burnley,1,0,0.843332,0.430729,7386,2026-08-28T17:44:43+00:00
2018-02-10,2017/2018,Tottenham Hotspur,Arsenal,1,0,2.63564,0.487297,7387,2026-08-28T17:44:43+00:00
2018-02-10,2017/2018,West Ham United,Watford,2,0,1.83359,0.799928,7388,2026-08-28T17:44:43+00:00
2018-02-11,2017/2018,Huddersfield Town,AFC Bournemouth,4,1,2.56699,0.433555,7381,2026-08-28T17:44:43+00:00
2018-02-11,2017/2018,Newcastle United,Manchester United,1,0,0.676656,1.71995,7383,2026-08-28T17:44:43+00:00
2018-02-11,2017/2018,Southampton,Liverpool,0,2,0.854343,2.35575,7384,2026-08-28T17:44:43+00:00
2018-02-12,2017/2018,Chelsea,West Bromwich Albion,3,0,2.37995,0.628806,7379,2026-08-28T17:44:43+00:00
2018-02-24,2017/2018,AFC Bournemouth,Newcastle United,2,2,1.20646,4.23567,7390,2026-08-28T17:44:43+00:00
2018-02-24,2017/2018,Brighton & Hove Albion,Swansea City,4,1,3.2913,0.443169,7391,2026-08-28T17:44:43+00:00
2018-02-24,2017/2018,Watford,Everton,1,0,0.606929,0.665127,7392,2026-08-28T17:44:43+00:00
2018-02-24,2017/2018,West Bromwich Albion,Huddersfield Town,1,2,1.50162,1.18101,7394,2026-08-28T17:44:43+00:00
2018-02-24,2017/2018,Liverpool,West Ham United,4,1,3.9205,0.33527,7395,2026-08-28T17:44:43+00:00
2018-02-24,2017/2018,Leicester City,Stoke City,1,1,1.12487,0.166078,7396,2026-08-28T17:44:43+00:00
2018-02-24,2017/2018,Burnley,Southampton,1,1,1.28178,0.65898,7398,2026-08-28T17:44:43+00:00
2018-02-25,2017/2018,Manchester United,Chelsea,2,1,1.30036,1.68958,7393,2026-08-28T17:44:43+00:00
2018-02-25,2017/2018,Crystal Palace,Tottenham Hotspur,0,1,0.184958,1.65074,7397,2026-08-28T17:44:43+00:00
2018-03-01,2017/2018,Arsenal,Manchester City,0,3,1.30172,1.92605,7389,2026-08-28T17:44:43+00:00
2018-03-03,2017/2018,Burnley,Everton,2,1,2.33524,1.79993,7400,2026-08-28T17:44:43+00:00
2018-03-03,2017/2018,Leicester City,AFC Bournemouth,1,1,2.97799,1.4035,7402,2026-08-28T17:44:43+00:00
2018-03-03,2017/2018,Liverpool,Newcastle United,2,0,1.56935,0.255322,7403,2026-08-28T17:44:43+00:00
2018-03-03,2017/2018,Southampton,Stoke City,0,0,0.982895,0.385303,7405,2026-08-28T17:44:43+00:00
2018-03-03,2017/2018,Swansea City,West Ham United,4,1,2.30838,0.497211,7406,2026-08-28T17:44:43+00:00
2018-03-03,2017/2018,Tottenham Hotspur,Huddersfield Town,2,0,1.63794,0.138106,7407,2026-08-28T17:44:43+00:00
2018-03-03,2017/2018,Watford,West Bromwich Albion,1,0,1.23526,1.09115,7408,2026-08-28T17:44:43+00:00
2018-03-04,2017/2018,Brighton & Hove Albion,Arsenal,2,1,1.48498,0.801513,7399,2026-08-28T17:44:43+00:00
2018-03-04,2017/2018,Manchester City,Chelsea,1,0,0.953312,0.118301,7404,2026-08-28T17:44:43+00:00
2018-03-05,2017/2018,Crystal Palace,Manchester United,2,3,0.74138,1.25439,7401,2026-08-28T17:44:43+00:00
2018-03-10,2017/2018,Chelsea,Crystal Palace,2,1,3.87829,1.13893,7411,2026-08-28T17:44:43+00:00
2018-03-10,2017/2018,Everton,Brighton & Hove Albion,2,0,1.68868,0.321797,7412,2026-08-28T17:44:43+00:00
2018-03-10,2017/2018,Huddersfield Town,Swansea City,0,0,1.39381,0,7413,2026-08-28T17:44:43+00:00
2018-03-10,2017/2018,Manchester United,Liverpool,2,1,0.845051,0.777089,7414,2026-08-28T17:44:43+00:00
2018-03-10,2017/2018,Newcastle United,Southampton,3,0,1.35847,0.496723,7415,2026-08-28T17:44:43+00:00
2018-03-10,2017/2018,West Bromwich Albion,Leicester City,1,4,0.360925,1.86524,7417,2026-08-28T17:44:43+00:00
2018-03-10,2017/2018,West Ham United,Burnley,0,3,0.72673,1.41929,7418,2026-08-28T17:44:43+00:00
2018-03-11,2017/2018,Arsenal,Watford,3,0,2.38263,1.54676,7409,2026-08-28T17:44:43+00:00
2018-03-11,2017/2018,AFC Bournemouth,Tottenham Hotspur,1,4,1.17387,2.53124,7410,2026-08-28T17:44:43+00:00
2018-03-12,2017/2018,Stoke City,Manchester City,0,2,0.157023,1.64562,7416,2026-08-28T17:44:43+00:00
2018-03-17,2017/2018,AFC Bournemouth,West Bromwich Albion,2,1,0.685329,1.74488,7419,2026-08-28T17:44:43+00:00
2018-03-17,2017/2018,Huddersfield Town,Crystal Palace,0,2,0.220381,2.74705,7421,2026-08-28T17:44:43+00:00
2018-03-17,2017/2018,Liverpool,Watford,5,0,1.81208,0.35476,7423,2026-08-28T17:44:43+00:00
2018-03-17,2017/2018,Stoke City,Everton,1,2,0.894266,2.97881,7425,2026-08-28T17:44:43+00:00
2018-03-31,2017/2018,Brighton & Hove Albion,Leicester City,0,2,1.60322,1.26582,7430,2026-08-28T17:44:43+00:00
2018-03-31,2017/2018,Crystal Palace,Liverpool,1,2,1.90868,1.72037,7432,2026-08-28T17:44:43+00:00
2018-03-31,2017/2018,Everton,Manchester City,1,3,0.859628,1.91312,7433,2026-08-28T17:44:43+00:00
2018-03-31,2017/2018,West Ham United,Southampton,3,0,1.44971,0.446641,7434,2026-08-28T17:44:43+00:00
2018-03-31,2017/2018,Manchester United,Swansea City,2,0,2.14368,0.138813,7435,2026-08-28T17:44:43+00:00
2018-03-31,2017/2018,Newcastle United,Huddersfield Town,1,0,2.53617,0.280847,7436,2026-08-28T17:44:43+00:00
2018-03-31,2017/2018,Watford,AFC Bournemouth,2,2,0.76133,2.1146,7437,2026-08-28T17:44:43+00:00
2018-03-31,2017/2018,West Bromwich Albion,Burnley,1,2,0.394723,1.41534,7438,2026-08-28T17:44:43+00:00
2018-04-01,2017/2018,Arsenal,Stoke City,3,0,3.56649,0.342516,7429,2026-08-28T17:44:43+00:00
2018-04-01,2017/2018,Chelsea,Tottenham Hotspur,1,3,1.209,1.3895,7431,2026-08-28T17:44:43+00:00
2018-04-07,2017/2018,AFC Bournemouth,Crystal Palace,2,2,2.09227,1.14558,7440,2026-08-28T17:44:43+00:00
2018-04-07,2017/2018,Brighton & Hove Albion,Huddersfield Town,1,1,1.53244,1.48964,7441,2026-08-28T17:44:43+00:00
2018-04-07,2017/2018,Everton,Liverpool,0,0,0.723427,0.947321,7443,2026-08-28T17:44:43+00:00
2018-04-07,2017/2018,Leicester City,Newcastle United,1,2,1.09224,0.285116,7444,2026-08-28T17:44:43+00:00
2018-04-07,2017/2018,Manchester City,Manchester United,2,3,3.42967,1.21683,7445,2026-08-28T17:44:43+00:00
2018-04-07,2017/2018,Stoke City,Tottenham Hotspur,1,2,1.40115,1.79894,7446,2026-08-28T17:44:43+00:00
2018-04-07,2017/2018,Watford,Burnley,1,2,1.36685,1.38319,7447,2026-08-28T17:44:43+00:00
2018-04-07,2017/2018,West Bromwich Albion,Swansea City,1,1,1.22912,0.655729,7448,2026-08-28T17:44:43+00:00
2018-04-08,2017/2018,Arsenal,Southampton,3,2,1.58895,2.16699,7439,2026-08-28T17:44:43+00:00
2018-04-08,2017/2018,Chelsea,West Ham United,1,1,2.12073,0.302554,7442,2026-08-28T17:44:43+00:00
2018-04-14,2017/2018,Burnley,Leicester City,2,1,1.05951,1.99812,7449,2026-08-28T17:44:43+00:00
2018-04-14,2017/2018,Crystal Palace,Brighton & Hove Albion,3,2,2.49925,1.54485,7450,2026-08-28T17:44:43+00:00
2018-04-14,2017/2018,Huddersfield Town,Watford,1,0,0.929512,0.306273,7451,2026-08-28T17:44:43+00:00
2018-04-14,2017/2018,Liverpool,AFC Bournemouth,3,0,2.6402,0.540593,7452,2026-08-28T17:44:43+00:00
2018-04-14,2017/2018,Southampton,Chelsea,2,3,1.2922,0.663817,7455,2026-08-28T17:44:43+00:00
2018-04-14,2017/2018,Swansea City,Everton,1,1,1.19751,1.61456,7456,2026-08-28T17:44:43+00:00
2018-04-14,2017/2018,Tottenham Hotspur,Manchester City,1,3,0.445014,3.61987,7457,2026-08-28T17:44:43+00:00
2018-04-15,2017/2018,Manchester United,West Bromwich Albion,0,1,0.639748,0.824508,7453,2026-08-28T17:44:43+00:00
2018-04-15,2017/2018,Newcastle United,Arsenal,2,1,0.888452,1.41538,7454,2026-08-28T17:44:43+00:00
2018-04-16,2017/2018,West Ham United,Stoke City,1,1,0.807456,1.41085,7458,2026-08-28T17:44:43+00:00
2018-04-17,2017/2018,Brighton & Hove Albion,Tottenham Hotspur,1,1,0.988099,1.36248,7462,2026-08-28T17:44:43+00:00
2018-04-18,2017/2018,AFC Bournemouth,Manchester United,0,2,1.18301,1.61597,7463,2026-08-28T17:44:43+00:00
2018-04-19,2017/2018,Burnley,Chelsea,1,2,0.221642,1.7717,7420,2026-08-28T17:44:43+00:00
2018-04-19,2017/2018,Leicester City,Southampton,0,0,0.515248,0.651171,7464,2026-08-28T17:44:43+00:00
2018-04-21,2017/2018,Watford,Crystal Palace,0,0,0.59455,0.182325,7467,2026-08-28T17:44:43+00:00
2018-04-21,2017/2018,West Bromwich Albion,Liverpool,2,2,1.39669,1.6393,7468,2026-08-28T17:44:43+00:00
2018-04-22,2017/2018,Arsenal,West Ham United,4,1,2.07299,0.623161,7459,2026-08-28T17:44:43+00:00
2018-04-22,2017/2018,Manchester City,Swansea City,5,0,3.41675,0.297493,7465,2026-08-28T17:44:43+00:00
2018-04-22,2017/2018,Stoke City,Burnley,1,1,0.356095,1.61309,7466,2026-08-28T17:44:43+00:00
2018-04-23,2017/2018,Everton,Newcastle United,1,0,0.948534,0.480957,7461,2026-08-28T17:44:43+00:00
2018-04-28,2017/2018,Burnley,Brighton & Hove Albion,0,0,1.54596,0.378409,7469,2026-08-28T17:44:43+00:00
2018-04-28,2017/2018,Crystal Palace,Leicester City,5,0,2.7876,0.941395,7470,2026-08-28T17:44:43+00:00
2018-04-28,2017/2018,Huddersfield Town,Everton,0,2,0.56538,0.943754,7471,2026-08-28T17:44:43+00:00
2018-04-28,2017/2018,Liverpool,Stoke City,0,0,2.11658,0.777827,7472,2026-08-28T17:44:43+00:00
2018-04-28,2017/2018,Newcastle United,West Bromwich Albion,0,1,1.58397,0.703096,7474,2026-08-28T17:44:43+00:00
2018-04-28,2017/2018,Southampton,AFC Bournemouth,2,1,1.72584,1.01741,7475,2026-08-28T17:44:43+00:00
2018-04-28,2017/2018,Swansea City,Chelsea,0,1,0.502964,1.45426,7476,2026-08-28T17:44:43+00:00
2018-04-29,2017/2018,Manchester United,Arsenal,2,1,1.54667,0.651541,7473,2026-08-28T17:44:43+00:00
2018-04-29,2017/2018,West Ham United,Manchester City,1,4,0.228917,2.29076,7478,2026-08-28T17:44:43+00:00
2018-04-30,2017/2018,Tottenham Hotspur,Watford,2,0,1.76757,1.36928,7477,2026-08-28T17:44:43+00:00
2018-05-04,2017/2018,Brighton & Hove Albion,Manchester United,1,0,0.922771,0.652444,7484,2026-08-28T17:44:43+00:00
2018-05-05,2017/2018,Leicester City,West Ham United,0,2,0.391738,1.43027,7479,2026-08-28T17:44:43+00:00
2018-05-05,2017/2018,Stoke City,Crystal Palace,1,2,0.750175,1.31471,7481,2026-08-28T17:44:43+00:00
2018-05-05,2017/2018,Watford,Newcastle United,2,1,2.81246,0.613901,7482,2026-08-28T17:44:43+00:00
2018-05-05,2017/2018,West Bromwich Albion,Tottenham Hotspur,1,0,1.21792,0.969481,7483,2026-08-28T17:44:43+00:00
2018-05-05,2017/2018,Everton,Southampton,1,1,0.420891,0.634996,7486,2026-08-28T17:44:43+00:00
2018-05-05,2017/2018,AFC Bournemouth,Swansea City,1,0,1.69618,1.0138,7488,2026-08-28T17:44:43+00:00
2018-05-06,2017/2018,Manchester City,Huddersfield Town,0,0,0.78641,0.54565,7480,2026-08-28T17:44:43+00:00
2018-05-06,2017/2018,Chelsea,Liverpool,1,0,0.806168,0.427002,7485,2026-08-28T17:44:43+00:00
2018-05-06,2017/2018,Arsenal,Burnley,5,0,2.92408,0.21671,7487,2026-08-28T17:44:43+00:00
2018-05-08,2017/2018,Swansea City,Southampton,0,1,0.389621,1.48865,7426,2026-08-28T17:44:43+00:00
2018-05-09,2017/2018,Leicester City,Arsenal,3,1,2.19801,1.54443,7422,2026-08-28T17:44:43+00:00
2018-05-09,2017/2018,Manchester City,Brighton & Hove Albion,3,1,1.64765,1.00939,7424,2026-08-28T17:44:43+00:00
2018-05-09,2017/2018,Tottenham Hotspur,Newcastle United,1,0,0.835241,0.829699,7427,2026-08-28T17:44:43+00:00
2018-05-09,2017/2018,Chelsea,Huddersfield Town,1,1,2.25256,0.631021,7460,2026-08-28T17:44:43+00:00
2018-05-10,2017/2018,West Ham United,Manchester United,0,0,0.783043,0.596075,7428,2026-08-28T17:44:43+00:00
2018-05-13,2017/2018,West Ham United,Everton,3,1,1.18299,1.67867,7489,2026-08-28T17:44:43+00:00
2018-05-13,2017/2018,Tottenham Hotspur,Leicester City,5,4,1.83248,1.27359,7490,2026-08-28T17:44:43+00:00
2018-05-13,2017/2018,Swansea City,Stoke City,1,2,1.70936,1.75436,7491,2026-08-28T17:44:43+00:00
2018-05-13,2017/2018,Burnley,AFC Bournemouth,1,2,1.16179,1.38551,7492,2026-08-28T17:44:43+00:00
2018-05-13,2017/2018,Crystal Palace,West Bromwich Albion,2,0,2.36491,0.216004,7493,2026-08-28T17:44:43+00:00
2018-05-13,2017/2018,Huddersfield Town,Arsenal,0,1,1.31031,2.3322,7494,2026-08-28T17:44:43+00:00
2018-05-13,2017/2018,Liverpool,Brighton & Hove Albion,4,0,3.50981,0.0408165,7495,2026-08-28T17:44:43+00:00
2018-05-13,2017/2018,Manchester United,Watford,1,0,0.45805,0.654288,7496,2026-08-28T17:44:43+00:00
2018-05-13,2017/2018,Newcastle United,Chelsea,3,0,2.24197,0.843284,7497,2026-08-28T17:44:43+00:00
2018-05-13,2017/2018,Southampton,Manchester City,0,1,0.506624,0.765614,7498,2026-08-28T17:44:43+00:00
2018-08-10,2018/2019,Manchester United,Leicester City,2,1,1.5137,1.73813,9197,2026-08-28T17:44:43+00:00
2018-08-11,2018/2019,Newcastle United,Tottenham Hotspur,1,2,0.974497,2.58097,9198,2026-08-28T17:44:43+00:00
2018-08-11,2018/2019,Watford,Brighton & Hove Albion,2,0,1.42372,0.45504,9199,2026-08-28T17:44:43+00:00
2018-08-11,2018/2019,Huddersfield Town,Chelsea,0,3,0.396115,2.31427,9200,2026-08-28T17:44:43+00:00
2018-08-11,2018/2019,Fulham,Crystal Palace,0,2,0.638076,1.07816,9201,2026-08-28T17:44:43+00:00
2018-08-11,2018/2019,AFC Bournemouth,Cardiff City,2,0,2.60022,1.50693,9202,2026-08-28T17:44:43+00:00
2018-08-11,2018/2019,Wolverhampton Wanderers,Everton,2,2,0.891038,0.715382,9203,2026-08-28T17:44:43+00:00
2018-08-12,2018/2019,Southampton,Burnley,0,0,1.01994,1.40827,9204,2026-08-28T17:44:43+00:00
2018-08-12,2018/2019,Liverpool,West Ham United,4,0,4.34421,0.404253,9205,2026-08-28T17:44:43+00:00
2018-08-12,2018/2019,Arsenal,Manchester City,0,2,0.445187,2.0178,9206,2026-08-28T17:44:43+00:00
2018-08-18,2018/2019,Cardiff City,Newcastle United,0,0,1.15521,1.55405,9207,2026-08-28T17:44:43+00:00
2018-08-18,2018/2019,West Ham United,AFC Bournemouth,1,2,1.10275,1.69077,9208,2026-08-28T17:44:43+00:00
2018-08-18,2018/2019,Tottenham Hotspur,Fulham,3,1,3.26713,1.44253,9209,2026-08-28T17:44:43+00:00
2018-08-18,2018/2019,Leicester City,Wolverhampton Wanderers,2,0,0.222843,1.09349,9210,2026-08-28T17:44:43+00:00
2018-08-18,2018/2019,Everton,Southampton,2,1,2.02004,1.77471,9211,2026-08-28T17:44:43+00:00
2018-08-18,2018/2019,Chelsea,Arsenal,3,2,1.71799,2.45798,9212,2026-08-28T17:44:43+00:00
2018-08-19,2018/2019,Manchester City,Huddersfield Town,6,1,4.60356,0.663731,9213,2026-08-28T17:44:43+00:00
2018-08-19,2018/2019,Burnley,Watford,1,3,0.392642,1.9171,9214,2026-08-28T17:44:43+00:00
2018-08-19,2018/2019,Brighton & Hove Albion,Manchester United,3,2,1.63672,1.56579,9215,2026-08-28T17:44:43+00:00
2018-08-20,2018/2019,Crystal Palace,Liverpool,0,2,0.368608,2.82183,9216,2026-08-28T17:44:43+00:00
2018-08-25,2018/2019,Wolverhampton Wanderers,Manchester City,1,1,1.26376,1.84293,9217,2026-08-28T17:44:43+00:00
2018-08-25,2018/2019,Southampton,Leicester City,1,2,0.542494,0.517935,9218,2026-08-28T17:44:43+00:00
2018-08-25,2018/2019,Huddersfield Town,Cardiff City,0,0,0.203453,1.06351,9219,2026-08-28T17:44:43+00:00
2018-08-25,2018/2019,AFC Bournemouth,Everton,2,2,2.5887,0.543665,9221,2026-08-28T17:44:43+00:00
2018-08-25,2018/2019,Arsenal,West Ham United,3,1,1.7852,1.17924,9222,2026-08-28T17:44:43+00:00
2018-08-25,2018/2019,Liverpool,Brighton & Hove Albion,1,0,1.81412,0.535616,9223,2026-08-28T17:44:43+00:00
2018-08-26,2018/2019,Fulham,Burnley,4,2,1.92459,1.56882,9220,2026-08-28T17:44:43+00:00
2018-08-26,2018/2019,Watford,Crystal Palace,2,1,1.14596,1.21905,9224,2026-08-28T17:44:43+00:00
2018-08-26,2018/2019,Newcastle United,Chelsea,1,2,0.209337,1.49669,9225,2026-08-28T17:44:43+00:00
2018-08-27,2018/2019,Manchester United,Tottenham Hotspur,0,3,1.40321,1.80811,9226,2026-08-28T17:44:43+00:00
2018-09-01,2018/2019,Leicester City,Liverpool,1,2,0.981217,1.22722,9227,2026-08-28T17:44:43+00:00
2018-09-01,2018/2019,West Ham United,Wolverhampton Wanderers,0,1,0.888887,1.22301,9228,2026-08-28T17:44:43+00:00
2018-09-01,2018/2019,Everton,Huddersfield Town,1,1,0.616013,0.660035,9229,2026-08-28T17:44:43+00:00
2018-09-01,2018/2019,Crystal Palace,Southampton,0,2,2.35193,3.13612,9230,2026-08-28T17:44:43+00:00
2018-09-01,2018/2019,Chelsea,AFC Bournemouth,2,0,1.16408,0.950959,9231,2026-08-28T17:44:43+00:00
2018-09-01,2018/2019,Brighton & Hove Albion,Fulham,2,2,2.68216,1.51555,9233,2026-08-28T17:44:43+00:00
2018-09-01,2018/2019,Manchester City,Newcastle United,2,1,2.46904,0.554763,9234,2026-08-28T17:44:43+00:00
2018-09-02,2018/2019,Burnley,Manchester United,0,2,1.09923,2.90359,9232,2026-08-28T17:44:43+00:00
2018-09-02,2018/2019,Cardiff City,Arsenal,2,3,0.77426,1.41005,9235,2026-08-28T17:44:43+00:00
2018-09-02,2018/2019,Watford,Tottenham Hotspur,2,1,0.454309,0.582521,9236,2026-08-28T17:44:43+00:00
2018-09-15,2018/2019,Tottenham Hotspur,Liverpool,1,2,0.788168,3.01015,9237,2026-08-28T17:44:43+00:00
2018-09-15,2018/2019,Newcastle United,Arsenal,1,2,0.412121,0.90461,9238,2026-08-28T17:44:43+00:00
2018-09-15,2018/2019,Manchester City,Fulham,3,0,4.91621,0.342698,9239,2026-08-28T17:44:43+00:00
2018-09-15,2018/2019,Huddersfield Town,Crystal Palace,0,1,0.87744,0.746631,9240,2026-08-28T17:44:43+00:00
2018-09-15,2018/2019,Chelsea,Cardiff City,4,1,2.67145,0.8276,9241,2026-08-28T17:44:43+00:00
2018-09-15,2018/2019,AFC Bournemouth,Leicester City,4,2,2.22726,1.82502,9242,2026-08-28T17:44:43+00:00
2018-09-15,2018/2019,Watford,Manchester United,1,2,1.17523,1.64902,9243,2026-08-28T17:44:43+00:00
2018-09-16,2018/2019,Wolverhampton Wanderers,Burnley,1,0,3.3916,0.208994,9244,2026-08-28T17:44:43+00:00
2018-09-16,2018/2019,Everton,West Ham United,1,3,1.26774,1.52437,9245,2026-08-28T17:44:43+00:00
2018-09-17,2018/2019,Southampton,Brighton & Hove Albion,2,2,2.19521,1.97094,9246,2026-08-28T17:44:43+00:00
2018-09-22,2018/2019,Fulham,Watford,1,1,1.77245,1.76133,9247,2026-08-28T17:44:43+00:00
2018-09-22,2018/2019,Manchester United,Wolverhampton Wanderers,1,1,0.62283,1.1185,9248,2026-08-28T17:44:43+00:00
2018-09-22,2018/2019,Liverpool,Southampton,3,0,1.77893,0.310467,9249,2026-08-28T17:44:43+00:00
2018-09-22,2018/2019,Leicester City,Huddersfield Town,3,1,1.80404,0.688176,9250,2026-08-28T17:44:43+00:00
2018-09-22,2018/2019,Crystal Palace,Newcastle United,0,0,0.930793,0.229309,9251,2026-08-28T17:44:43+00:00
2018-09-22,2018/2019,Cardiff City,Manchester City,0,5,0.0980726,3.08415,9252,2026-08-28T17:44:43+00:00
2018-09-22,2018/2019,Burnley,AFC Bournemouth,4,0,2.29417,0.976413,9253,2026-08-28T17:44:43+00:00
2018-09-22,2018/2019,Brighton & Hove Albion,Tottenham Hotspur,1,2,0.817174,2.11655,9254,2026-08-28T17:44:43+00:00
2018-09-23,2018/2019,West Ham United,Chelsea,0,0,1.0177,1.88344,9255,2026-08-28T17:44:43+00:00
2018-09-23,2018/2019,Arsenal,Everton,2,0,0.930544,1.06523,9256,2026-08-28T17:44:43+00:00
2018-09-29,2018/2019,West Ham United,Manchester United,3,1,1.3029,0.865739,9257,2026-08-28T17:44:43+00:00
2018-09-29,2018/2019,Wolverhampton Wanderers,Southampton,2,0,1.42507,0.679627,9258,2026-08-28T17:44:43+00:00
2018-09-29,2018/2019,Newcastle United,Leicester City,0,2,0.397301,1.34341,9259,2026-08-28T17:44:43+00:00
2018-09-29,2018/2019,Manchester City,Brighton & Hove Albion,2,0,2.90697,0.23023,9260,2026-08-28T17:44:43+00:00
2018-09-29,2018/2019,Huddersfield Town,Tottenham Hotspur,0,2,0.339245,2.33733,9261,2026-08-28T17:44:43+00:00
2018-09-29,2018/2019,Everton,Fulham,3,0,2.31538,0.536317,9262,2026-08-28T17:44:43+00:00
2018-09-29,2018/2019,Arsenal,Watford,2,0,1.57061,2.62141,9263,2026-08-28T17:44:43+00:00
2018-09-29,2018/2019,Chelsea,Liverpool,1,1,1.77638,1.74071,9264,2026-08-28T17:44:43+00:00
2018-09-30,2018/2019,Cardiff City,Burnley,1,2,1.56707,0.111527,9265,2026-08-28T17:44:43+00:00
2018-10-01,2018/2019,AFC Bournemouth,Crystal Palace,2,1,1.97143,0.385841,9266,2026-08-28T17:44:43+00:00
2018-10-05,2018/2019,Brighton & Hove Albion,West Ham United,1,0,1.02566,1.43652,9267,2026-08-28T17:44:43+00:00
2018-10-06,2018/2019,Watford,AFC Bournemouth,0,4,1.06613,3.28471,9268,2026-08-28T17:44:43+00:00
2018-10-06,2018/2019,Tottenham Hotspur,Cardiff City,1,0,2.6517,1.13843,9269,2026-08-28T17:44:43+00:00
2018-10-06,2018/2019,Leicester City,Everton,1,2,1.10472,1.14952,9270,2026-08-28T17:44:43+00:00
2018-10-06,2018/2019,Crystal Palace,Wolverhampton Wanderers,0,1,1.03714,0.755654,9271,2026-08-28T17:44:43+00:00
2018-10-06,2018/2019,Burnley,Huddersfield Town,1,1,0.353128,1.02549,9272,2026-08-28T17:44:43+00:00
2018-10-06,2018/2019,Manchester United,Newcastle United,3,2,2.40631,1.55962,9273,2026-08-28T17:44:43+00:00
2018-10-07,2018/2019,Fulham,Arsenal,1,5,1.31588,1.13706,9274,2026-08-28T17:44:43+00:00
2018-10-07,2018/2019,Southampton,Chelsea,0,3,1.487,3.54699,9275,2026-08-28T17:44:43+00:00
2018-10-07,2018/2019,Liverpool,Manchester City,0,0,0.433994,1.07481,9276,2026-08-28T17:44:43+00:00
2018-10-20,2018/2019,Chelsea,Manchester United,2,2,2.21163,1.11454,9277,2026-08-28T17:44:43+00:00
2018-10-20,2018/2019,Wolverhampton Wanderers,Watford,0,2,0.47391,1.0684,9278,2026-08-28T17:44:43+00:00
2018-10-20,2018/2019,West Ham United,Tottenham Hotspur,0,1,0.544268,1.11777,9279,2026-08-28T17:44:43+00:00
2018-10-20,2018/2019,Newcastle United,Brighton & Hove Albion,0,1,1.71169,0.675798,9280,2026-08-28T17:44:43+00:00
2018-10-20,2018/2019,Manchester City,Burnley,5,0,4.48577,0.370236,9281,2026-08-28T17:44:43+00:00
2018-10-20,2018/2019,Cardiff City,Fulham,4,2,1.7562,0.947712,9282,2026-08-28T17:44:43+00:00
2018-10-20,2018/2019,AFC Bournemouth,Southampton,0,0,0.840403,0.589633,9283,2026-08-28T17:44:43+00:00
2018-10-20,2018/2019,Huddersfield Town,Liverpool,0,1,0.638341,0.663819,9284,2026-08-28T17:44:43+00:00
2018-10-21,2018/2019,Everton,Crystal Palace,2,0,1.92794,1.50174,9285,2026-08-28T17:44:43+00:00
2018-10-22,2018/2019,Arsenal,Leicester City,3,1,2.91637,0.932491,9286,2026-08-28T17:44:43+00:00
2018-10-27,2018/2019,Liverpool,Cardiff City,4,1,2.30176,0.643117,9288,2026-08-28T17:44:43+00:00
2018-10-27,2018/2019,Fulham,AFC Bournemouth,0,3,0.383833,2.10555,9289,2026-08-28T17:44:43+00:00
2018-10-27,2018/2019,Brighton & Hove Albion,Wolverhampton Wanderers,1,0,1.01337,1.38027,9290,2026-08-28T17:44:43+00:00
2018-10-27,2018/2019,Watford,Huddersfield Town,3,0,2.29622,0.479655,9291,2026-08-28T17:44:43+00:00
2018-10-27,2018/2019,Southampton,Newcastle United,0,0,1.19216,0.297646,9292,2026-08-28T17:44:43+00:00
2018-10-27,2018/2019,Leicester City,West Ham United,1,1,1.95344,1.56009,9293,2026-08-28T17:44:43+00:00
2018-10-28,2018/2019,Manchester United,Everton,2,1,2.51393,1.67348,9287,2026-08-28T17:44:43+00:00
2018-10-28,2018/2019,Crystal Palace,Arsenal,2,2,2.38115,0.845197,9294,2026-08-28T17:44:43+00:00
2018-10-28,2018/2019,Burnley,Chelsea,0,4,0.269828,3.01621,9295,2026-08-28T17:44:43+00:00
2018-10-29,2018/2019,Tottenham Hotspur,Manchester City,0,1,0.442436,1.93588,9296,2026-08-28T17:44:43+00:00
2018-11-03,2018/2019,AFC Bournemouth,Manchester United,1,2,1.928,3.29249,9297,2026-08-28T17:44:43+00:00
2018-11-03,2018/2019,West Ham United,Burnley,4,2,2.55739,0.882514,9298,2026-08-28T17:44:43+00:00
2018-11-03,2018/2019,Newcastle United,Watford,1,0,0.691575,2.5452,9299,2026-08-28T17:44:43+00:00
2018-11-03,2018/2019,Everton,Brighton & Hove Albion,3,1,2.59305,0.676348,9301,2026-08-28T17:44:43+00:00
2018-11-03,2018/2019,Cardiff City,Leicester City,0,1,0.922262,2.18288,9302,2026-08-28T17:44:43+00:00
2018-11-03,2018/2019,Arsenal,Liverpool,1,1,1.62321,1.19558,9303,2026-08-28T17:44:43+00:00
2018-11-03,2018/2019,Wolverhampton Wanderers,Tottenham Hotspur,2,3,2.40643,1.63123,9304,2026-08-28T17:44:43+00:00
2018-11-04,2018/2019,Manchester City,Southampton,6,1,2.76272,1.81466,9300,2026-08-28T17:44:43+00:00
2018-11-04,2018/2019,Chelsea,Crystal Palace,3,1,1.88741,0.454547,9305,2026-08-28T17:44:43+00:00
2018-11-05,2018/2019,Huddersfield Town,Fulham,1,0,0.51433,0.354166,9306,2026-08-28T17:44:43+00:00
2018-11-10,2018/2019,Cardiff City,Brighton & Hove Albion,2,1,1.94297,0.767044,9307,2026-08-28T17:44:43+00:00
2018-11-10,2018/2019,Southampton,Watford,1,1,1.20211,1.07573,9308,2026-08-28T17:44:43+00:00
2018-11-10,2018/2019,Newcastle United,AFC Bournemouth,2,1,2.57545,1.91687,9309,2026-08-28T17:44:43+00:00
2018-11-10,2018/2019,Leicester City,Burnley,0,0,1.5091,0.368393,9310,2026-08-28T17:44:43+00:00
2018-11-10,2018/2019,Huddersfield Town,West Ham United,1,1,1.17524,1.44113,9311,2026-08-28T17:44:43+00:00
2018-11-10,2018/2019,Crystal Palace,Tottenham Hotspur,0,1,0.688016,1.55381,9312,2026-08-28T17:44:43+00:00
2018-11-11,2018/2019,Liverpool,Fulham,2,0,2.22417,0.571301,9313,2026-08-28T17:44:43+00:00
2018-11-11,2018/2019,Chelsea,Everton,0,0,1.16298,0.198027,9314,2026-08-28T17:44:43+00:00
2018-11-11,2018/2019,Manchester City,Manchester United,3,1,2.02764,0.97089,9315,2026-08-28T17:44:43+00:00
2018-11-11,2018/2019,Arsenal,Wolverhampton Wanderers,1,1,0.965843,1.86549,9316,2026-08-28T17:44:43+00:00
2018-11-24,2018/2019,West Ham United,Manchester City,0,4,0.829504,2.95852,9317,2026-08-28T17:44:43+00:00
2018-11-24,2018/2019,Watford,Liverpool,0,3,0.673382,1.45314,9318,2026-08-28T17:44:43+00:00
2018-11-24,2018/2019,Manchester United,Crystal Palace,0,0,1.34245,1.05292,9319,2026-08-28T17:44:43+00:00
2018-11-24,2018/2019,Fulham,Southampton,3,2,1.3875,1.67163,9320,2026-08-28T17:44:43+00:00
2018-11-24,2018/2019,Everton,Cardiff City,1,0,2.48066,0.879108,9321,2026-08-28T17:44:43+00:00
2018-11-24,2018/2019,Brighton & Hove Albion,Leicester City,1,1,0.862315,1.12521,9322,2026-08-28T17:44:43+00:00
2018-11-24,2018/2019,Tottenham Hotspur,Chelsea,3,1,3.34649,0.962804,9323,2026-08-28T17:44:43+00:00
2018-11-25,2018/2019,AFC Bournemouth,Arsenal,1,2,0.650884,1.71044,9324,2026-08-28T17:44:43+00:00
2018-11-25,2018/2019,Wolverhampton Wanderers,Huddersfield Town,0,2,0.701036,0.627281,9325,2026-08-28T17:44:43+00:00
2018-11-26,2018/2019,Burnley,Newcastle United,1,2,1.49487,1.67701,9326,2026-08-28T17:44:43+00:00
2018-11-30,2018/2019,Cardiff City,Wolverhampton Wanderers,2,1,1.09264,0.987623,9335,2026-08-28T17:44:43+00:00
2018-12-01,2018/2019,Southampton,Manchester United,2,2,0.623954,0.904803,9327,2026-08-28T17:44:43+00:00
2018-12-01,2018/2019,Newcastle United,West Ham United,0,3,1.12583,2.62697,9328,2026-08-28T17:44:43+00:00
2018-12-01,2018/2019,Manchester City,AFC Bournemouth,3,1,2.83557,0.715009,9329,2026-08-28T17:44:43+00:00
2018-12-01,2018/2019,Leicester City,Watford,2,0,1.41758,1.19923,9331,2026-08-28T17:44:43+00:00
2018-12-01,2018/2019,Huddersfield Town,Brighton & Hove Albion,1,2,0.558083,1.67998,9332,2026-08-28T17:44:43+00:00
2018-12-01,2018/2019,Crystal Palace,Burnley,2,0,2.03785,0.302477,9333,2026-08-28T17:44:43+00:00
2018-12-02,2018/2019,Liverpool,Everton,1,0,3.07574,1.23014,9330,2026-08-28T17:44:43+00:00
2018-12-02,2018/2019,Chelsea,Fulham,2,0,2.17105,0.285256,9334,2026-08-28T17:44:43+00:00
2018-12-02,2018/2019,Arsenal,Tottenham Hotspur,4,2,2.71421,1.0926,9336,2026-08-28T17:44:43+00:00
2018-12-04,2018/2019,Brighton & Hove Albion,Crystal Palace,3,1,1.2521,1.5329,9337,2026-08-28T17:44:43+00:00
2018-12-04,2018/2019,AFC Bournemouth,Huddersfield Town,2,1,1.07393,1.5631,9338,2026-08-28T17:44:43+00:00
2018-12-04,2018/2019,West Ham United,Cardiff City,3,1,1.57488,1.93448,9340,2026-08-28T17:44:43+00:00
2018-12-04,2018/2019,Watford,Manchester City,1,2,1.672,2.51933,9341,2026-08-28T17:44:43+00:00
2018-12-05,2018/2019,Wolverhampton Wanderers,Chelsea,2,1,0.682893,1.10702,9339,2026-08-28T17:44:43+00:00
2018-12-05,2018/2019,Fulham,Leicester City,1,1,1.47593,1.21575,9342,2026-08-28T17:44:43+00:00
2018-12-05,2018/2019,Burnley,Liverpool,1,3,1.05809,2.73897,9343,2026-08-28T17:44:43+00:00
2018-12-05,2018/2019,Manchester United,Arsenal,2,2,1.33679,1.73226,9344,2026-08-28T17:44:43+00:00
2018-12-05,2018/2019,Everton,Newcastle United,1,1,2.10943,1.52214,9345,2026-08-28T17:44:43+00:00
2018-12-05,2018/2019,Tottenham Hotspur,Southampton,3,1,1.73642,1.82434,9346,2026-08-28T17:44:43+00:00
2018-12-08,2018/2019,West Ham United,Crystal Palace,3,2,1.53635,0.934613,9347,2026-08-28T17:44:43+00:00
2018-12-08,2018/2019,Manchester United,Fulham,4,1,3.15444,1.23251,9349,2026-08-28T17:44:43+00:00
2018-12-08,2018/2019,Leicester City,Tottenham Hotspur,0,2,0.357742,0.917968,9350,2026-08-28T17:44:43+00:00
2018-12-08,2018/2019,Chelsea,Manchester City,2,0,0.526329,0.740048,9352,2026-08-28T17:44:43+00:00
2018-12-08,2018/2019,Cardiff City,Southampton,1,0,1.55832,0.501128,9353,2026-08-28T17:44:43+00:00
2018-12-08,2018/2019,Burnley,Brighton & Hove Albion,1,0,1.81251,0.951507,9354,2026-08-28T17:44:43+00:00
2018-12-08,2018/2019,AFC Bournemouth,Liverpool,0,4,0.279142,1.80619,9355,2026-08-28T17:44:43+00:00
2018-12-08,2018/2019,Arsenal,Huddersfield Town,1,0,2.02156,0.308361,9356,2026-08-28T17:44:43+00:00
2018-12-09,2018/2019,Newcastle United,Wolverhampton Wanderers,1,2,0.4601,1.57799,9348,2026-08-28T17:44:43+00:00
2018-12-10,2018/2019,Everton,Watford,2,2,1.72686,1.63043,9351,2026-08-28T17:44:43+00:00
2018-12-15,2018/2019,Wolverhampton Wanderers,AFC Bournemouth,2,0,2.02223,0.52685,9357,2026-08-28T17:44:43+00:00
2018-12-15,2018/2019,Watford,Cardiff City,3,2,1.64998,0.485768,9358,2026-08-28T17:44:43+00:00
2018-12-15,2018/2019,Tottenham Hotspur,Burnley,1,0,1.74625,0.451196,9359,2026-08-28T17:44:43+00:00
2018-12-15,2018/2019,Manchester City,Everton,3,1,1.79848,1.6235,9361,2026-08-28T17:44:43+00:00
2018-12-15,2018/2019,Huddersfield Town,Newcastle United,0,1,0.671382,0.931041,9363,2026-08-28T17:44:43+00:00
2018-12-15,2018/2019,Fulham,West Ham United,0,2,1.03424,0.75325,9364,2026-08-28T17:44:43+00:00
2018-12-15,2018/2019,Crystal Palace,Leicester City,1,0,0.39698,0.895305,9365,2026-08-28T17:44:43+00:00
2018-12-16,2018/2019,Southampton,Arsenal,3,2,1.21163,1.85763,9360,2026-08-28T17:44:43+00:00
2018-12-16,2018/2019,Liverpool,Manchester United,3,1,2.60435,0.658049,9362,2026-08-28T17:44:43+00:00
2018-12-16,2018/2019,Brighton & Hove Albion,Chelsea,1,2,0.26126,1.6111,9366,2026-08-28T17:44:43+00:00
2018-12-21,2018/2019,Wolverhampton Wanderers,Liverpool,0,2,0.763821,2.16356,9367,2026-08-28T17:44:43+00:00
2018-12-22,2018/2019,West Ham United,Watford,0,2,2.06507,2.32983,9368,2026-08-28T17:44:43+00:00
2018-12-22,2018/2019,Newcastle United,Fulham,0,0,0.289508,0.245408,9369,2026-08-28T17:44:43+00:00
2018-12-22,2018/2019,Manchester City,Crystal Palace,2,3,1.27118,1.14609,9370,2026-08-28T17:44:43+00:00
2018-12-22,2018/2019,Huddersfield Town,Southampton,1,3,1.0038,2.60172,9371,2026-08-28T17:44:43+00:00
2018-12-22,2018/2019,Chelsea,Leicester City,0,1,2.40458,0.456492,9373,2026-08-28T17:44:43+00:00
2018-12-22,2018/2019,Cardiff City,Manchester United,1,5,1.27173,2.72523,9374,2026-08-28T17:44:43+00:00
2018-12-22,2018/2019,AFC Bournemouth,Brighton & Hove Albion,2,0,0.892502,0.825478,9375,2026-08-28T17:44:43+00:00
2018-12-22,2018/2019,Arsenal,Burnley,3,1,1.4656,1.03237,9376,2026-08-28T17:44:43+00:00
2018-12-23,2018/2019,Everton,Tottenham Hotspur,2,6,1.00121,2.55514,9372,2026-08-28T17:44:43+00:00
2018-12-26,2018/2019,Watford,Chelsea,1,2,1.24414,2.1956,9377,2026-08-28T17:44:43+00:00
2018-12-26,2018/2019,Tottenham Hotspur,AFC Bournemouth,5,0,2.23457,1.21736,9378,2026-08-28T17:44:43+00:00
2018-12-26,2018/2019,Manchester United,Huddersfield Town,3,1,1.79848,1.40594,9380,2026-08-28T17:44:43+00:00
2018-12-26,2018/2019,Liverpool,Newcastle United,4,0,3.24988,0.456309,9381,2026-08-28T17:44:43+00:00
2018-12-26,2018/2019,Leicester City,Manchester City,2,1,1.55714,1.34781,9382,2026-08-28T17:44:43+00:00
2018-12-26,2018/2019,Fulham,Wolverhampton Wanderers,1,1,1.2769,1.35896,9383,2026-08-28T17:44:43+00:00
2018-12-26,2018/2019,Crystal Palace,Cardiff City,0,0,2.43202,1.05926,9384,2026-08-28T17:44:43+00:00
2018-12-26,2018/2019,Burnley,Everton,1,5,1.88646,1.8875,9385,2026-08-28T17:44:43+00:00
2018-12-26,2018/2019,Brighton & Hove Albion,Arsenal,1,1,1.38502,0.789138,9386,2026-08-28T17:44:43+00:00
2018-12-27,2018/2019,Southampton,West Ham United,1,2,1.28665,1.26973,9379,2026-08-28T17:44:43+00:00
2018-12-29,2018/2019,Watford,Newcastle United,1,1,1.05566,0.661713,9387,2026-08-28T17:44:43+00:00
2018-12-29,2018/2019,Tottenham Hotspur,Wolverhampton Wanderers,1,3,0.277704,1.20867,9388,2026-08-28T17:44:43+00:00
2018-12-29,2018/2019,Liverpool,Arsenal,5,1,3.7053,1.08186,9391,2026-08-28T17:44:43+00:00
2018-12-29,2018/2019,Leicester City,Cardiff City,0,1,1.51648,0.493212,9392,2026-08-28T17:44:43+00:00
2018-12-29,2018/2019,Fulham,Huddersfield Town,1,0,1.72386,0.276791,9393,2026-08-28T17:44:43+00:00
2018-12-29,2018/2019,Brighton & Hove Albion,Everton,1,0,1.60311,0.655851,9396,2026-08-28T17:44:43+00:00
2018-12-30,2018/2019,Southampton,Manchester City,1,3,0.221381,2.96802,9389,2026-08-28T17:44:43+00:00
2018-12-30,2018/2019,Manchester United,AFC Bournemouth,4,1,3.41874,0.705549,9390,2026-08-28T17:44:43+00:00
2018-12-30,2018/2019,Crystal Palace,Chelsea,0,1,0.199002,0.741471,9394,2026-08-28T17:44:43+00:00
2018-12-30,2018/2019,Burnley,West Ham United,2,0,2.89884,0.656044,9395,2026-08-28T17:44:43+00:00
2019-01-01,2018/2019,Everton,Leicester City,0,1,0.871304,0.644144,9402,2026-08-28T17:44:43+00:00
2019-01-01,2018/2019,Cardiff City,Tottenham Hotspur,0,3,1.0789,1.38282,9404,2026-08-28T17:44:43+00:00
2019-01-01,2018/2019,Arsenal,Fulham,4,1,4.43325,1.71312,9406,2026-08-28T17:44:43+00:00
2019-01-02,2018/2019,Wolverhampton Wanderers,Crystal Palace,0,2,0.656255,1.94658,9397,2026-08-28T17:44:43+00:00
2019-01-02,2018/2019,West Ham United,Brighton & Hove Albion,2,2,0.639356,0.686806,9398,2026-08-28T17:44:43+00:00
2019-01-02,2018/2019,Newcastle United,Manchester United,0,2,0.691878,2.6754,9399,2026-08-28T17:44:43+00:00
2019-01-02,2018/2019,Huddersfield Town,Burnley,1,2,0.621818,2.66309,9401,2026-08-28T17:44:43+00:00
2019-01-02,2018/2019,Chelsea,Southampton,0,0,0.850791,0.158168,9403,2026-08-28T17:44:43+00:00
2019-01-02,2018/2019,AFC Bournemouth,Watford,3,3,2.84828,0.977046,9405,2026-08-28T17:44:43+00:00
2019-01-03,2018/2019,Manchester City,Liverpool,2,1,1.00357,1.3801,9400,2026-08-28T17:44:43+00:00
2019-01-12,2018/2019,West Ham United,Arsenal,1,0,0.669394,0.685895,9407,2026-08-28T17:44:43+00:00
2019-01-12,2018/2019,Leicester City,Southampton,1,2,1.75983,1.41659,9410,2026-08-28T17:44:43+00:00
2019-01-12,2018/2019,Crystal Palace,Watford,1,2,1.1617,1.56262,9412,2026-08-28T17:44:43+00:00
2019-01-12,2018/2019,Chelsea,Newcastle United,2,1,1.32355,0.395148,9413,2026-08-28T17:44:43+00:00
2019-01-12,2018/2019,Cardiff City,Huddersfield Town,0,0,0.124558,0.39468,9414,2026-08-28T17:44:43+00:00
2019-01-12,2018/2019,Burnley,Fulham,2,1,0.809801,0.903255,9415,2026-08-28T17:44:43+00:00
2019-01-12,2018/2019,Brighton & Hove Albion,Liverpool,0,1,0.384198,2.2665,9416,2026-08-28T17:44:43+00:00
2019-01-13,2018/2019,Tottenham Hotspur,Manchester United,0,1,1.80359,0.957777,9408,2026-08-28T17:44:43+00:00
2019-01-13,2018/2019,Everton,AFC Bournemouth,2,0,1.7814,1.52828,9411,2026-08-28T17:44:43+00:00
2019-01-14,2018/2019,Manchester City,Wolverhampton Wanderers,3,0,3.11947,0.0985446,9409,2026-08-28T17:44:43+00:00
2019-01-19,2018/2019,Wolverhampton Wanderers,Leicester City,4,3,2.21719,1.33831,9417,2026-08-28T17:44:43+00:00
2019-01-19,2018/2019,Watford,Burnley,0,0,1.06981,1.97256,9418,2026-08-28T17:44:43+00:00
2019-01-19,2018/2019,Southampton,Everton,2,1,1.06009,1.31169,9419,2026-08-28T17:44:43+00:00
2019-01-19,2018/2019,Newcastle United,Cardiff City,3,0,2.518,0.255727,9420,2026-08-28T17:44:43+00:00
2019-01-19,2018/2019,Manchester United,Brighton & Hove Albion,2,1,2.64005,0.635111,9421,2026-08-28T17:44:43+00:00
2019-01-19,2018/2019,Liverpool,Crystal Palace,4,3,2.8299,0.695213,9422,2026-08-28T17:44:43+00:00
2019-01-19,2018/2019,AFC Bournemouth,West Ham United,2,0,1.24835,0.971813,9425,2026-08-28T17:44:43+00:00
2019-01-19,2018/2019,Arsenal,Chelsea,2,0,2.09412,0.755304,9426,2026-08-28T17:44:43+00:00
2019-01-20,2018/2019,Huddersfield Town,Manchester City,0,3,0.764264,2.01376,9423,2026-08-28T17:44:43+00:00
2019-01-20,2018/2019,Fulham,Tottenham Hotspur,1,2,0.937902,1.93316,9424,2026-08-28T17:44:43+00:00
2019-01-29,2018/2019,Wolverhampton Wanderers,West Ham United,3,0,2.0363,0.130179,9427,2026-08-28T17:44:43+00:00
2019-01-29,2018/2019,Huddersfield Town,Everton,0,1,0.73078,1.05995,9428,2026-08-28T17:44:43+00:00
2019-01-29,2018/2019,Fulham,Brighton & Hove Albion,4,2,3.46113,2.36867,9429,2026-08-28T17:44:43+00:00
2019-01-29,2018/2019,Arsenal,Cardiff City,2,1,2.69339,0.597893,9431,2026-08-28T17:44:43+00:00
2019-01-29,2018/2019,Manchester United,Burnley,2,2,3.23417,0.934603,9432,2026-08-28T17:44:43+00:00
2019-01-29,2018/2019,Newcastle United,Manchester City,2,1,0.992326,1.33896,9434,2026-08-28T17:44:43+00:00
2019-01-30,2018/2019,AFC Bournemouth,Chelsea,4,0,2.15094,0.718873,9430,2026-08-28T17:44:43+00:00
2019-01-30,2018/2019,Southampton,Crystal Palace,1,1,1.33257,1.53294,9433,2026-08-28T17:44:43+00:00
2019-01-30,2018/2019,Tottenham Hotspur,Watford,2,1,1.36248,0.479838,9435,2026-08-28T17:44:43+00:00
2019-01-30,2018/2019,Liverpool,Leicester City,1,1,0.576336,1.1272,9436,2026-08-28T17:44:43+00:00
2019-02-02,2018/2019,Tottenham Hotspur,Newcastle United,1,0,3.10409,0.400152,9438,2026-08-28T17:44:43+00:00
2019-02-02,2018/2019,Everton,Wolverhampton Wanderers,1,3,1.36252,1.85729,9441,2026-08-28T17:44:43+00:00
2019-02-02,2018/2019,Crystal Palace,Fulham,2,0,2.19582,0.560836,9442,2026-08-28T17:44:43+00:00
2019-02-02,2018/2019,Chelsea,Huddersfield Town,5,0,2.94236,0.260391,9443,2026-08-28T17:44:43+00:00
2019-02-02,2018/2019,Cardiff City,AFC Bournemouth,2,0,2.53093,0.35199,9444,2026-08-28T17:44:43+00:00
2019-02-02,2018/2019,Burnley,Southampton,1,1,2.00175,0.787747,9445,2026-08-28T17:44:43+00:00
2019-02-02,2018/2019,Brighton & Hove Albion,Watford,0,0,1.83528,0.279297,9446,2026-08-28T17:44:43+00:00
2019-02-03,2018/2019,Manchester City,Arsenal,3,1,3.03102,0.703542,9439,2026-08-28T17:44:43+00:00
2019-02-03,2018/2019,Leicester City,Manchester United,0,1,1.40067,1.49717,9440,2026-08-28T17:44:43+00:00
2019-02-04,2018/2019,West Ham United,Liverpool,1,1,0.791319,1.12475,9437,2026-08-28T17:44:43+00:00
2019-02-06,2018/2019,Everton,Manchester City,0,2,0.111559,2.60922,9461,2026-08-28T17:44:43+00:00
2019-02-09,2018/2019,Fulham,Manchester United,0,3,2.18741,2.13209,9447,2026-08-28T17:44:43+00:00
2019-02-09,2018/2019,Crystal Palace,West Ham United,1,1,2.68412,1.74711,9448,2026-08-28T17:44:43+00:00
2019-02-09,2018/2019,Brighton & Hove Albion,Burnley,1,3,1.31614,1.83041,9449,2026-08-28T17:44:43+00:00
2019-02-09,2018/2019,Watford,Everton,1,0,1.53311,0.641094,9451,2026-08-28T17:44:43+00:00
2019-02-09,2018/2019,Southampton,Cardiff City,1,2,1.70666,0.980673,9453,2026-08-28T17:44:43+00:00
2019-02-09,2018/2019,Liverpool,AFC Bournemouth,3,0,2.53003,0.390995,9455,2026-08-28T17:44:43+00:00
2019-02-09,2018/2019,Huddersfield Town,Arsenal,1,2,1.96816,1.46751,9456,2026-08-28T17:44:43+00:00
2019-02-10,2018/2019,Tottenham Hotspur,Leicester City,3,1,1.21144,3.02164,9452,2026-08-28T17:44:43+00:00
2019-02-10,2018/2019,Manchester City,Chelsea,6,0,4.04218,0.901867,9454,2026-08-28T17:44:43+00:00
2019-02-11,2018/2019,Wolverhampton Wanderers,Newcastle United,1,1,2.30998,0.435263,9450,2026-08-28T17:44:43+00:00
2019-02-22,2018/2019,West Ham United,Fulham,3,1,2.72871,1.23555,9457,2026-08-28T17:44:43+00:00
2019-02-22,2018/2019,Cardiff City,Watford,1,5,1.90045,2.75798,9463,2026-08-28T17:44:43+00:00
2019-02-23,2018/2019,Newcastle United,Huddersfield Town,2,0,3.03313,0.133934,9458,2026-08-28T17:44:43+00:00
2019-02-23,2018/2019,Leicester City,Crystal Palace,1,4,0.946697,1.57739,9460,2026-08-28T17:44:43+00:00
2019-02-23,2018/2019,Burnley,Tottenham Hotspur,2,1,1.08514,0.845211,9464,2026-08-28T17:44:43+00:00
2019-02-23,2018/2019,AFC Bournemouth,Wolverhampton Wanderers,1,1,2.13291,1.20286,9465,2026-08-28T17:44:43+00:00
2019-02-24,2018/2019,Manchester United,Liverpool,0,0,0.474869,0.380519,9459,2026-08-28T17:44:43+00:00
2019-02-24,2018/2019,Arsenal,Southampton,2,0,2.35088,0.613167,9466,2026-08-28T17:44:43+00:00
2019-02-26,2018/2019,Leicester City,Brighton & Hove Albion,2,1,1.92171,1.20566,9467,2026-08-28T17:44:43+00:00
2019-02-26,2018/2019,Huddersfield Town,Wolverhampton Wanderers,1,0,1.46224,0.573166,9468,2026-08-28T17:44:43+00:00
2019-02-26,2018/2019,Cardiff City,Everton,0,3,0.219359,1.14212,9469,2026-08-28T17:44:43+00:00
2019-02-26,2018/2019,Newcastle United,Burnley,2,0,1.70312,1.74201,9473,2026-08-28T17:44:43+00:00
2019-02-27,2018/2019,Arsenal,AFC Bournemouth,5,1,3.18716,0.88618,9470,2026-08-28T17:44:43+00:00
2019-02-27,2018/2019,Crystal Palace,Manchester United,1,3,1.69334,1.54089,9471,2026-08-28T17:44:43+00:00
2019-02-27,2018/2019,Southampton,Fulham,2,0,1.15823,0.798715,9472,2026-08-28T17:44:43+00:00
2019-02-27,2018/2019,Chelsea,Tottenham Hotspur,2,0,0.625978,0.722229,9474,2026-08-28T17:44:43+00:00
2019-02-27,2018/2019,Manchester City,West Ham United,1,0,3.67741,0.400125,9475,2026-08-28T17:44:43+00:00
2019-02-27,2018/2019,Liverpool,Watford,5,0,2.74266,0.630423,9476,2026-08-28T17:44:43+00:00
2019-03-02,2018/2019,Wolverhampton Wanderers,Cardiff City,2,0,3.2075,0.702261,9477,2026-08-28T17:44:43+00:00
2019-03-02,2018/2019,West Ham United,Newcastle United,2,0,1.88895,1.18549,9478,2026-08-28T17:44:43+00:00
2019-03-02,2018/2019,Tottenham Hotspur,Arsenal,1,1,1.76818,3.45713,9480,2026-08-28T17:44:43+00:00
2019-03-02,2018/2019,Manchester United,Southampton,3,2,2.54216,0.578485,9481,2026-08-28T17:44:43+00:00
2019-03-02,2018/2019,Burnley,Crystal Palace,1,3,1.90872,0.706284,9484,2026-08-28T17:44:43+00:00
2019-03-02,2018/2019,Brighton & Hove Albion,Huddersfield Town,1,0,1.39896,0.2014,9485,2026-08-28T17:44:43+00:00
2019-03-02,2018/2019,AFC Bournemouth,Manchester City,0,1,0,1.59515,9486,2026-08-28T17:44:43+00:00
2019-03-03,2018/2019,Watford,Leicester City,2,1,1.36515,0.794683,9479,2026-08-28T17:44:43+00:00
2019-03-03,2018/2019,Fulham,Chelsea,1,2,0.898469,1.53632,9482,2026-08-28T17:44:43+00:00
2019-03-03,2018/2019,Everton,Liverpool,0,0,0.241879,0.811272,9483,2026-08-28T17:44:43+00:00
2019-03-09,2018/2019,Southampton,Tottenham Hotspur,2,1,2.07772,1.26876,9487,2026-08-28T17:44:43+00:00
2019-03-09,2018/2019,Newcastle United,Everton,3,2,2.37896,1.15114,9488,2026-08-28T17:44:43+00:00
2019-03-09,2018/2019,Manchester City,Watford,3,1,3.75714,0.407168,9489,2026-08-28T17:44:43+00:00
2019-03-09,2018/2019,Leicester City,Fulham,3,1,2.13494,0.15103,9491,2026-08-28T17:44:43+00:00
2019-03-09,2018/2019,Huddersfield Town,AFC Bournemouth,0,2,0.339087,2.16389,9492,2026-08-28T17:44:43+00:00
2019-03-09,2018/2019,Crystal Palace,Brighton & Hove Albion,1,2,1.44291,0.129312,9493,2026-08-28T17:44:43+00:00
2019-03-09,2018/2019,Cardiff City,West Ham United,2,0,3.49275,0.295869,9495,2026-08-28T17:44:43+00:00
2019-03-10,2018/2019,Liverpool,Burnley,4,2,4.12341,0.471571,9490,2026-08-28T17:44:43+00:00
2019-03-10,2018/2019,Chelsea,Wolverhampton Wanderers,1,1,1.0471,0.609079,9494,2026-08-28T17:44:43+00:00
2019-03-10,2018/2019,Arsenal,Manchester United,2,0,1.52723,2.3703,9496,2026-08-28T17:44:43+00:00
2019-03-16,2018/2019,West Ham United,Huddersfield Town,4,3,1.88114,1.66909,9498,2026-08-28T17:44:43+00:00
2019-03-16,2018/2019,Burnley,Leicester City,1,2,1.17008,0.608954,9504,2026-08-28T17:44:43+00:00
2019-03-16,2018/2019,AFC Bournemouth,Newcastle United,2,2,1.61666,1.02847,9506,2026-08-28T17:44:43+00:00
2019-03-17,2018/2019,Fulham,Liverpool,1,2,0.915765,2.73437,9502,2026-08-28T17:44:43+00:00
2019-03-17,2018/2019,Everton,Chelsea,2,0,2.24031,1.24394,9503,2026-08-28T17:44:43+00:00
2019-03-30,2018/2019,West Ham United,Everton,0,2,0.0891639,2.65983,9508,2026-08-28T17:44:43+00:00
2019-03-30,2018/2019,Manchester United,Watford,2,1,1.98052,1.35208,9509,2026-08-28T17:44:43+00:00
2019-03-30,2018/2019,Leicester City,AFC Bournemouth,2,0,1.8935,0.790333,9511,2026-08-28T17:44:43+00:00
2019-03-30,2018/2019,Fulham,Manchester City,0,2,0.661491,2.31513,9512,2026-08-28T17:44:43+00:00
2019-03-30,2018/2019,Crystal Palace,Huddersfield Town,2,0,2.84701,0.926991,9513,2026-08-28T17:44:43+00:00
2019-03-30,2018/2019,Burnley,Wolverhampton Wanderers,2,0,0.572695,0.397928,9515,2026-08-28T17:44:43+00:00
2019-03-30,2018/2019,Brighton & Hove Albion,Southampton,0,1,0.560521,0.857436,9516,2026-08-28T17:44:43+00:00
2019-03-31,2018/2019,Liverpool,Tottenham Hotspur,2,1,1.0931,1.04822,9510,2026-08-28T17:44:43+00:00
2019-03-31,2018/2019,Cardiff City,Chelsea,1,2,0.446122,2.07834,9514,2026-08-28T17:44:43+00:00
2019-04-01,2018/2019,Arsenal,Newcastle United,2,0,1.04458,0.0441445,9507,2026-08-28T17:44:43+00:00
2019-04-02,2018/2019,Wolverhampton Wanderers,Manchester United,2,1,1.65044,2.03847,9517,2026-08-28T17:44:43+00:00
2019-04-02,2018/2019,Watford,Fulham,4,1,1.59338,1.90917,9518,2026-08-28T17:44:43+00:00
2019-04-03,2018/2019,Chelsea,Brighton & Hove Albion,3,0,3.12416,0.440898,9462,2026-08-28T17:44:43+00:00
2019-04-03,2018/2019,Tottenham Hotspur,Crystal Palace,2,0,2.57376,0.564317,9500,2026-08-28T17:44:43+00:00
2019-04-03,2018/2019,Manchester City,Cardiff City,2,0,3.53913,0.135788,9522,2026-08-28T17:44:43+00:00
2019-04-05,2018/2019,Southampton,Liverpool,1,3,0.718394,2.00654,9520,2026-08-28T17:44:43+00:00
2019-04-06,2018/2019,Newcastle United,Crystal Palace,0,1,0.943175,0.907988,9521,2026-08-28T17:44:43+00:00
2019-04-06,2018/2019,Huddersfield Town,Leicester City,1,4,1.62301,3.61876,9523,2026-08-28T17:44:43+00:00
2019-04-06,2018/2019,AFC Bournemouth,Burnley,1,3,1.20888,1.38919,9526,2026-08-28T17:44:43+00:00
2019-04-07,2018/2019,Everton,Arsenal,1,0,2.69396,0.201885,9524,2026-08-28T17:44:43+00:00
2019-04-08,2018/2019,Chelsea,West Ham United,2,0,2.23287,0.471195,9525,2026-08-28T17:44:43+00:00
2019-04-12,2018/2019,Leicester City,Newcastle United,0,1,0.877377,0.945804,9532,2026-08-28T17:44:43+00:00
2019-04-13,2018/2019,Tottenham Hotspur,Huddersfield Town,4,0,2.78596,0.983527,9528,2026-08-28T17:44:43+00:00
2019-04-13,2018/2019,Southampton,Wolverhampton Wanderers,3,1,3.80842,0.642825,9529,2026-08-28T17:44:43+00:00
2019-04-13,2018/2019,Manchester United,West Ham United,2,1,2.65125,1.42817,9530,2026-08-28T17:44:43+00:00
2019-04-13,2018/2019,Fulham,Everton,2,0,1.66303,1.29107,9533,2026-08-28T17:44:43+00:00
2019-04-13,2018/2019,Burnley,Cardiff City,2,0,2.84358,0.872224,9535,2026-08-28T17:44:43+00:00
2019-04-13,2018/2019,Brighton & Hove Albion,AFC Bournemouth,0,5,0.206731,2.76885,9536,2026-08-28T17:44:43+00:00
2019-04-14,2018/2019,Liverpool,Chelsea,2,0,1.30839,0.873177,9531,2026-08-28T17:44:43+00:00
2019-04-14,2018/2019,Crystal Palace,Manchester City,1,3,0.318169,2.86236,9534,2026-08-28T17:44:43+00:00
2019-04-15,2018/2019,Watford,Arsenal,0,1,1.12595,2.2668,9527,2026-08-28T17:44:43+00:00
2019-04-16,2018/2019,Brighton & Hove Albion,Cardiff City,0,2,0.588539,0.819472,9505,2026-08-28T17:44:43+00:00
2019-04-20,2018/2019,Wolverhampton Wanderers,Brighton & Hove Albion,0,0,2.60447,0.115051,9537,2026-08-28T17:44:43+00:00
2019-04-20,2018/2019,West Ham United,Leicester City,2,2,1.36558,0.8065,9538,2026-08-28T17:44:43+00:00
2019-04-20,2018/2019,Newcastle United,Southampton,3,1,1.23033,1.27102,9539,2026-08-28T17:44:43+00:00
2019-04-20,2018/2019,Manchester City,Tottenham Hotspur,1,0,2.06185,1.19894,9540,2026-08-28T17:44:43+00:00
2019-04-20,2018/2019,Huddersfield Town,Watford,1,2,1.09072,1.08462,9541,2026-08-28T17:44:43+00:00
2019-04-20,2018/2019,AFC Bournemouth,Fulham,0,1,2.83739,2.61689,9545,2026-08-28T17:44:43+00:00
2019-04-21,2018/2019,Everton,Manchester United,4,0,1.5204,0.305982,9542,2026-08-28T17:44:43+00:00
2019-04-21,2018/2019,Cardiff City,Liverpool,0,2,1.1187,2.42404,9544,2026-08-28T17:44:43+00:00
2019-04-21,2018/2019,Arsenal,Crystal Palace,2,3,1.54245,2.56216,9546,2026-08-28T17:44:43+00:00
2019-04-22,2018/2019,Chelsea,Burnley,2,2,1.28197,0.788788,9543,2026-08-28T17:44:43+00:00
2019-04-23,2018/2019,Watford,Southampton,1,1,1.27253,2.11999,9499,2026-08-28T17:44:43+00:00
2019-04-23,2018/2019,Tottenham Hotspur,Brighton & Hove Albion,1,0,1.0032,0.143138,9519,2026-08-28T17:44:43+00:00
2019-04-24,2018/2019,Wolverhampton Wanderers,Arsenal,3,1,0.982018,0.939754,9497,2026-08-28T17:44:43+00:00
2019-04-24,2018/2019,Manchester United,Manchester City,0,2,0.514509,0.530481,9501,2026-08-28T17:44:43+00:00
2019-04-26,2018/2019,Liverpool,Huddersfield Town,5,0,3.58922,0.1624,9551,2026-08-28T17:44:43+00:00
2019-04-27,2018/2019,Watford,Wolverhampton Wanderers,1,2,0.896093,2.44357,9547,2026-08-28T17:44:43+00:00
2019-04-27,2018/2019,Tottenham Hotspur,West Ham United,0,1,1.35378,0.991558,9548,2026-08-28T17:44:43+00:00
2019-04-27,2018/2019,Southampton,AFC Bournemouth,3,3,2.73537,2.62214,9549,2026-08-28T17:44:43+00:00
2019-04-27,2018/2019,Fulham,Cardiff City,1,0,0.519072,1.11322,9553,2026-08-28T17:44:43+00:00
2019-04-27,2018/2019,Crystal Palace,Everton,0,0,0.261344,1.15217,9554,2026-08-28T17:44:43+00:00
2019-04-27,2018/2019,Brighton & Hove Albion,Newcastle United,1,1,1.20482,0.43797,9556,2026-08-28T17:44:43+00:00
2019-04-28,2018/2019,Manchester United,Chelsea,1,1,1.12483,1.6298,9550,2026-08-28T17:44:43+00:00
2019-04-28,2018/2019,Leicester City,Arsenal,3,0,3.6797,0.600697,9552,2026-08-28T17:44:43+00:00
2019-04-28,2018/2019,Burnley,Manchester City,0,1,0.0899809,2.34878,9555,2026-08-28T17:44:43+00:00
2019-05-03,2018/2019,Everton,Burnley,2,0,1.76461,0.473292,9562,2026-08-28T17:44:43+00:00
2019-05-04,2018/2019,Wolverhampton Wanderers,Fulham,1,0,2.09397,0.512477,9557,2026-08-28T17:44:43+00:00
2019-05-04,2018/2019,West Ham United,Southampton,3,0,1.99866,0.443686,9558,2026-08-28T17:44:43+00:00
2019-05-04,2018/2019,Newcastle United,Liverpool,2,3,1.29707,1.48081,9559,2026-08-28T17:44:43+00:00
2019-05-04,2018/2019,Cardiff City,Crystal Palace,2,3,1.4996,1.80991,9564,2026-08-28T17:44:43+00:00
2019-05-04,2018/2019,AFC Bournemouth,Tottenham Hotspur,1,0,2.22622,0.713362,9565,2026-08-28T17:44:43+00:00
2019-05-05,2018/2019,Huddersfield Town,Manchester United,1,1,0.73663,1.88049,9561,2026-08-28T17:44:43+00:00
2019-05-05,2018/2019,Chelsea,Watford,3,0,2.96478,1.2712,9563,2026-08-28T17:44:43+00:00
2019-05-05,2018/2019,Arsenal,Brighton & Hove Albion,1,1,2.36178,1.90585,9566,2026-08-28T17:44:43+00:00
2019-05-06,2018/2019,Manchester City,Leicester City,1,0,1.08617,0.537307,9560,2026-08-28T17:44:43+00:00
2019-05-12,2018/2019,Watford,West Ham United,1,4,2.06986,3.20094,9567,2026-08-28T17:44:43+00:00
2019-05-12,2018/2019,Tottenham Hotspur,Everton,2,2,0.882608,2.06851,9568,2026-08-28T17:44:43+00:00
2019-05-12,2018/2019,Southampton,Huddersfield Town,1,1,0.941018,0.857152,9569,2026-08-28T17:44:43+00:00
2019-05-12,2018/2019,Manchester United,Cardiff City,0,2,1.89555,1.71095,9570,2026-08-28T17:44:43+00:00
2019-05-12,2018/2019,Liverpool,Wolverhampton Wanderers,2,0,1.70197,0.883861,9571,2026-08-28T17:44:43+00:00
2019-05-12,2018/2019,Leicester City,Chelsea,0,0,0.345306,1.26735,9572,2026-08-28T17:44:43+00:00
2019-05-12,2018/2019,Fulham,Newcastle United,0,4,0.569845,1.95921,9573,2026-08-28T17:44:43+00:00
2019-05-12,2018/2019,Crystal Palace,AFC Bournemouth,5,3,2.85899,1.8981,9574,2026-08-28T17:44:43+00:00
2019-05-12,2018/2019,Burnley,Arsenal,1,3,1.72939,2.87276,9575,2026-08-28T17:44:43+00:00
2019-05-12,2018/2019,Brighton & Hove Albion,Manchester City,1,4,0.595313,2.22234,9576,2026-08-28T17:44:43+00:00
2019-08-09,2019/2020,Liverpool,Norwich City,4,1,2.23456,0.842407,11643,2026-08-28T17:44:43+00:00
2019-08-10,2019/2020,West Ham United,Manchester City,0,5,1.2003,3.18377,11644,2026-08-28T17:44:43+00:00
2019-08-10,2019/2020,AFC Bournemouth,Sheffield United,1,1,1.34099,1.59864,11645,2026-08-28T17:44:43+00:00
2019-08-10,2019/2020,Burnley,Southampton,3,0,0.909241,1.08752,11646,2026-08-28T17:44:43+00:00
2019-08-10,2019/2020,Crystal Palace,Everton,0,0,0.87159,1.2246,11647,2026-08-28T17:44:43+00:00
2019-08-10,2019/2020,Watford,Brighton & Hove Albion,0,3,0.670022,0.855516,11648,2026-08-28T17:44:43+00:00
2019-08-10,2019/2020,Tottenham Hotspur,Aston Villa,3,1,2.57262,0.639599,11649,2026-08-28T17:44:43+00:00
2019-08-11,2019/2020,Newcastle United,Arsenal,0,1,0.380551,1.13309,11650,2026-08-28T17:44:43+00:00
2019-08-11,2019/2020,Leicester City,Wolverhampton Wanderers,0,0,0.543759,0.812949,11651,2026-08-28T17:44:43+00:00
2019-08-11,2019/2020,Manchester United,Chelsea,4,0,2.37442,1.09534,11652,2026-08-28T17:44:43+00:00
2019-08-17,2019/2020,Arsenal,Burnley,2,1,1.1644,1.39172,11653,2026-08-28T17:44:43+00:00
2019-08-17,2019/2020,Aston Villa,AFC Bournemouth,1,2,1.65069,1.62777,11654,2026-08-28T17:44:43+00:00
2019-08-17,2019/2020,Brighton & Hove Albion,West Ham United,1,1,2.40461,1.00856,11655,2026-08-28T17:44:43+00:00
2019-08-17,2019/2020,Everton,Watford,1,0,0.832913,1.17279,11656,2026-08-28T17:44:43+00:00
2019-08-17,2019/2020,Norwich City,Newcastle United,3,1,2.09572,0.920429,11657,2026-08-28T17:44:43+00:00
2019-08-17,2019/2020,Southampton,Liverpool,1,2,2.14047,1.52022,11658,2026-08-28T17:44:43+00:00
2019-08-17,2019/2020,Manchester City,Tottenham Hotspur,2,2,3.20076,0.074542,11659,2026-08-28T17:44:43+00:00
2019-08-18,2019/2020,Sheffield United,Crystal Palace,1,0,1.84778,0.241912,11660,2026-08-28T17:44:43+00:00
2019-08-18,2019/2020,Chelsea,Leicester City,1,1,1.22629,0.947941,11661,2026-08-28T17:44:43+00:00
2019-08-19,2019/2020,Wolverhampton Wanderers,Manchester United,1,1,0.307356,1.14332,11662,2026-08-28T17:44:43+00:00
2019-08-23,2019/2020,Aston Villa,Everton,2,0,0.855926,1.25668,11663,2026-08-28T17:44:43+00:00
2019-08-24,2019/2020,Norwich City,Chelsea,2,3,1.07904,1.89428,11664,2026-08-28T17:44:43+00:00
2019-08-24,2019/2020,Sheffield United,Leicester City,1,2,0.654318,0.704879,11665,2026-08-28T17:44:43+00:00
2019-08-24,2019/2020,Brighton & Hove Albion,Southampton,0,2,0.997711,2.07795,11666,2026-08-28T17:44:43+00:00
2019-08-24,2019/2020,Watford,West Ham United,1,3,2.29348,3.45768,11667,2026-08-28T17:44:43+00:00
2019-08-24,2019/2020,Manchester United,Crystal Palace,1,2,2.23561,0.676993,11669,2026-08-28T17:44:43+00:00
2019-08-24,2019/2020,Liverpool,Arsenal,3,1,2.78821,0.985542,11670,2026-08-28T17:44:43+00:00
2019-08-25,2019/2020,Wolverhampton Wanderers,Burnley,1,1,1.32793,1.22762,11668,2026-08-28T17:44:43+00:00
2019-08-25,2019/2020,AFC Bournemouth,Manchester City,1,3,1.89345,3.12856,11671,2026-08-28T17:44:43+00:00
2019-08-25,2019/2020,Tottenham Hotspur,Newcastle United,0,1,1.25927,0.51428,11672,2026-08-28T17:44:43+00:00
2019-08-31,2019/2020,Southampton,Manchester United,1,1,0.769616,1.90356,11673,2026-08-28T17:44:43+00:00
2019-08-31,2019/2020,West Ham United,Norwich City,2,0,2.20657,1.1674,11674,2026-08-28T17:44:43+00:00
2019-08-31,2019/2020,Chelsea,Sheffield United,2,2,2.30579,1.04649,11675,2026-08-28T17:44:43+00:00
2019-08-31,2019/2020,Crystal Palace,Aston Villa,1,0,1.41394,0.30354,11676,2026-08-28T17:44:43+00:00
2019-08-31,2019/2020,Leicester City,AFC Bournemouth,3,1,2.23766,0.554726,11677,2026-08-28T17:44:43+00:00
2019-08-31,2019/2020,Manchester City,Brighton & Hove Albion,4,0,2.30818,0.861035,11678,2026-08-28T17:44:43+00:00
2019-08-31,2019/2020,Newcastle United,Watford,1,1,1.04131,1.1068,11679,2026-08-28T17:44:43+00:00
2019-08-31,2019/2020,Burnley,Liverpool,0,3,0.61739,1.20057,11680,2026-08-28T17:44:43+00:00
2019-09-01,2019/2020,Everton,Wolverhampton Wanderers,3,2,1.48842,2.00172,11681,2026-08-28T17:44:43+00:00
2019-09-01,2019/2020,Arsenal,Tottenham Hotspur,2,2,1.92509,1.95514,11682,2026-08-28T17:44:43+00:00
2019-09-14,2019/2020,Liverpool,Newcastle United,3,1,2.93281,0.291073,11683,2026-08-28T17:44:43+00:00
2019-09-14,2019/2020,Manchester United,Leicester City,1,0,1.10019,0.459141,11684,2026-08-28T17:44:43+00:00
2019-09-14,2019/2020,Brighton & Hove Albion,Burnley,1,1,1.68545,0.341654,11685,2026-08-28T17:44:43+00:00
2019-09-14,2019/2020,Sheffield United,Southampton,0,1,1.88034,1.57659,11686,2026-08-28T17:44:43+00:00
2019-09-14,2019/2020,Tottenham Hotspur,Crystal Palace,4,0,1.04944,0.577323,11687,2026-08-28T17:44:43+00:00
2019-09-14,2019/2020,Wolverhampton Wanderers,Chelsea,2,5,1.49359,3.06799,11688,2026-08-28T17:44:43+00:00
2019-09-14,2019/2020,Norwich City,Manchester City,3,2,1.7413,2.34436,11689,2026-08-28T17:44:43+00:00
2019-09-15,2019/2020,AFC Bournemouth,Everton,3,1,1.41542,1.50641,11690,2026-08-28T17:44:43+00:00
2019-09-15,2019/2020,Watford,Arsenal,2,2,2.83209,1.00616,11691,2026-08-28T17:44:43+00:00
2019-09-16,2019/2020,Aston Villa,West Ham United,0,0,1.40502,0.535279,11692,2026-08-28T17:44:43+00:00
2019-09-20,2019/2020,Southampton,AFC Bournemouth,1,3,2.18021,1.29773,11693,2026-08-28T17:44:43+00:00
2019-09-21,2019/2020,Leicester City,Tottenham Hotspur,2,1,1.28752,1.33735,11694,2026-08-28T17:44:43+00:00
2019-09-21,2019/2020,Manchester City,Watford,8,0,6.63049,0.344718,11695,2026-08-28T17:44:43+00:00
2019-09-21,2019/2020,Burnley,Norwich City,2,0,2.39312,0.801428,11696,2026-08-28T17:44:43+00:00
2019-09-21,2019/2020,Everton,Sheffield United,0,2,1.26041,0.508011,11698,2026-08-28T17:44:43+00:00
2019-09-21,2019/2020,Newcastle United,Brighton & Hove Albion,0,0,1.09807,1.21592,11699,2026-08-28T17:44:43+00:00
2019-09-22,2019/2020,Crystal Palace,Wolverhampton Wanderers,1,1,0.984777,1.75572,11697,2026-08-28T17:44:43+00:00
2019-09-22,2019/2020,West Ham United,Manchester United,2,0,0.51376,1.27826,11700,2026-08-28T17:44:43+00:00
2019-09-22,2019/2020,Chelsea,Liverpool,1,2,1.23321,1.03003,11701,2026-08-28T17:44:43+00:00
2019-09-22,2019/2020,Arsenal,Aston Villa,3,2,2.53209,1.71546,11702,2026-08-28T17:44:43+00:00
2019-09-28,2019/2020,Sheffield United,Liverpool,0,1,1.17022,1.97079,11703,2026-08-28T17:44:43+00:00
2019-09-28,2019/2020,Tottenham Hotspur,Southampton,2,1,1.19008,1.16256,11704,2026-08-28T17:44:43+00:00
2019-09-28,2019/2020,Wolverhampton Wanderers,Watford,2,0,1.16363,1.06615,11705,2026-08-28T17:44:43+00:00
2019-09-28,2019/2020,Aston Villa,Burnley,2,2,0.914266,1.66919,11706,2026-08-28T17:44:43+00:00
2019-09-28,2019/2020,AFC Bournemouth,West Ham United,2,2,2.31957,1.29546,11707,2026-08-28T17:44:43+00:00
2019-09-28,2019/2020,Chelsea,Brighton & Hove Albion,2,0,4.26443,0.616263,11708,2026-08-28T17:44:43+00:00
2019-09-28,2019/2020,Crystal Palace,Norwich City,2,0,1.80497,0.712129,11709,2026-08-28T17:44:43+00:00
2019-09-28,2019/2020,Everton,Manchester City,1,3,2.35854,3.1082,11711,2026-08-28T17:44:43+00:00
2019-09-29,2019/2020,Leicester City,Newcastle United,5,0,1.82438,0.054134,11710,2026-08-28T17:44:43+00:00
2019-09-30,2019/2020,Manchester United,Arsenal,1,1,1.1335,1.70399,11712,2026-08-28T17:44:43+00:00
2019-10-05,2019/2020,Brighton & Hove Albion,Tottenham Hotspur,3,0,2.60017,0.478504,11713,2026-08-28T17:44:43+00:00
2019-10-05,2019/2020,Burnley,Everton,1,0,0.558912,1.30723,11714,2026-08-28T17:44:43+00:00
2019-10-05,2019/2020,Liverpool,Leicester City,2,1,3.74867,0.0982107,11715,2026-08-28T17:44:43+00:00
2019-10-05,2019/2020,Norwich City,Aston Villa,1,5,1.84838,3.67827,11717,2026-08-28T17:44:43+00:00
2019-10-05,2019/2020,Watford,Sheffield United,0,0,1.44318,0.353724,11719,2026-08-28T17:44:43+00:00
2019-10-05,2019/2020,West Ham United,Crystal Palace,1,2,1.23577,2.0682,11720,2026-08-28T17:44:43+00:00
2019-10-06,2019/2020,Manchester City,Wolverhampton Wanderers,0,2,1.61884,1.18825,11716,2026-08-28T17:44:43+00:00
2019-10-06,2019/2020,Southampton,Chelsea,1,4,1.27044,2.15201,11718,2026-08-28T17:44:43+00:00
2019-10-06,2019/2020,Newcastle United,Manchester United,1,0,0.650296,0.969204,11721,2026-08-28T17:44:43+00:00
2019-10-06,2019/2020,Arsenal,AFC Bournemouth,1,0,1.24109,0.683967,11722,2026-08-28T17:44:43+00:00
2019-10-19,2019/2020,Aston Villa,Brighton & Hove Albion,2,1,2.96692,1.32184,11723,2026-08-28T17:44:43+00:00
2019-10-19,2019/2020,AFC Bournemouth,Norwich City,0,0,0.675554,0.402873,11724,2026-08-28T17:44:43+00:00
2019-10-19,2019/2020,Chelsea,Newcastle United,1,0,2.30068,0.197082,11725,2026-08-28T17:44:43+00:00
2019-10-19,2019/2020,Crystal Palace,Manchester City,0,2,0.616864,4.02104,11726,2026-08-28T17:44:43+00:00
2019-10-19,2019/2020,Everton,West Ham United,2,0,2.23324,0.459112,11727,2026-08-28T17:44:43+00:00
2019-10-19,2019/2020,Leicester City,Burnley,2,1,0.8291,1.79569,11728,2026-08-28T17:44:43+00:00
2019-10-19,2019/2020,Tottenham Hotspur,Watford,1,1,0.891617,0.846851,11731,2026-08-28T17:44:43+00:00
2019-10-19,2019/2020,Wolverhampton Wanderers,Southampton,1,1,0.887495,1.37695,11732,2026-08-28T17:44:43+00:00
2019-10-20,2019/2020,Manchester United,Liverpool,1,1,0.791862,1.03212,11729,2026-08-28T17:44:43+00:00
2019-10-21,2019/2020,Sheffield United,Arsenal,1,0,0.895722,0.949735,11730,2026-08-28T17:44:43+00:00
2019-10-25,2019/2020,Southampton,Leicester City,0,9,0.457334,4.38046,11740,2026-08-28T17:44:43+00:00
2019-10-26,2019/2020,Brighton & Hove Albion,Everton,3,2,1.15279,1.04723,11734,2026-08-28T17:44:43+00:00
2019-10-26,2019/2020,Burnley,Chelsea,2,4,2.23494,0.988321,11735,2026-08-28T17:44:43+00:00
2019-10-26,2019/2020,Manchester City,Aston Villa,3,0,3.19004,0.980145,11737,2026-08-28T17:44:43+00:00
2019-10-26,2019/2020,Watford,AFC Bournemouth,0,0,0.674903,0.899526,11741,2026-08-28T17:44:43+00:00
2019-10-26,2019/2020,West Ham United,Sheffield United,1,1,2.33891,1.16171,11742,2026-08-28T17:44:43+00:00
2019-10-27,2019/2020,Arsenal,Crystal Palace,2,2,1.54014,1.77892,11733,2026-08-28T17:44:43+00:00
2019-10-27,2019/2020,Liverpool,Tottenham Hotspur,2,1,2.18851,1.35143,11736,2026-08-28T17:44:43+00:00
2019-10-27,2019/2020,Newcastle United,Wolverhampton Wanderers,1,1,0.603104,1.93255,11738,2026-08-28T17:44:43+00:00
2019-10-27,2019/2020,Norwich City,Manchester United,1,3,0.8924,4.51232,11739,2026-08-28T17:44:43+00:00
2019-11-02,2019/2020,Arsenal,Wolverhampton Wanderers,1,1,1.02552,1.5103,11743,2026-08-28T17:44:43+00:00
2019-11-02,2019/2020,Aston Villa,Liverpool,1,2,0.741615,2.38824,11744,2026-08-28T17:44:43+00:00
2019-11-02,2019/2020,AFC Bournemouth,Manchester United,1,0,1.86862,0.641129,11745,2026-08-28T17:44:43+00:00
2019-11-02,2019/2020,Brighton & Hove Albion,Norwich City,2,0,2.65496,0.455082,11746,2026-08-28T17:44:43+00:00
2019-11-02,2019/2020,Manchester City,Southampton,2,1,3.36132,0.893889,11749,2026-08-28T17:44:43+00:00
2019-11-02,2019/2020,Sheffield United,Burnley,3,0,2.58392,0.716613,11750,2026-08-28T17:44:43+00:00
2019-11-02,2019/2020,Watford,Chelsea,1,2,1.4744,2.18313,11751,2026-08-28T17:44:43+00:00
2019-11-02,2019/2020,West Ham United,Newcastle United,2,3,1.53597,1.93192,11752,2026-08-28T17:44:43+00:00
2019-11-03,2019/2020,Crystal Palace,Leicester City,0,2,0.44291,0.981167,11747,2026-08-28T17:44:43+00:00
2019-11-03,2019/2020,Everton,Tottenham Hotspur,1,1,1.15532,0.243393,11748,2026-08-28T17:44:43+00:00
2019-11-08,2019/2020,Norwich City,Watford,0,2,0.62104,1.36017,11757,2026-08-28T17:44:43+00:00
2019-11-09,2019/2020,Burnley,West Ham United,3,0,2.4158,0.474281,11753,2026-08-28T17:44:43+00:00
2019-11-09,2019/2020,Chelsea,Crystal Palace,2,0,3.28903,0.479488,11754,2026-08-28T17:44:43+00:00
2019-11-09,2019/2020,Newcastle United,AFC Bournemouth,2,1,2.3306,1.9213,11756,2026-08-28T17:44:43+00:00
2019-11-09,2019/2020,Southampton,Everton,1,2,0.742281,2.08883,11758,2026-08-28T17:44:43+00:00
2019-11-09,2019/2020,Tottenham Hotspur,Sheffield United,1,1,1.5104,0.923443,11759,2026-08-28T17:44:43+00:00
2019-11-09,2019/2020,Leicester City,Arsenal,2,0,1.37055,0.961339,11762,2026-08-28T17:44:43+00:00
2019-11-10,2019/2020,Liverpool,Manchester City,3,1,1.3319,1.48104,11755,2026-08-28T17:44:43+00:00
2019-11-10,2019/2020,Wolverhampton Wanderers,Aston Villa,2,1,2.09891,0.473225,11760,2026-08-28T17:44:43+00:00
2019-11-10,2019/2020,Manchester United,Brighton & Hove Albion,3,1,3.65299,1.1342,11761,2026-08-28T17:44:43+00:00
2019-11-23,2019/2020,Arsenal,Southampton,2,2,1.60823,2.60312,11763,2026-08-28T17:44:43+00:00
2019-11-23,2019/2020,AFC Bournemouth,Wolverhampton Wanderers,1,2,0.849789,1.2765,11765,2026-08-28T17:44:43+00:00
2019-11-23,2019/2020,Brighton & Hove Albion,Leicester City,0,2,0.784706,3.50917,11766,2026-08-28T17:44:43+00:00
2019-11-23,2019/2020,Crystal Palace,Liverpool,1,2,1.02306,1.64291,11767,2026-08-28T17:44:43+00:00
2019-11-23,2019/2020,Everton,Norwich City,0,2,0.812693,1.80849,11768,2026-08-28T17:44:43+00:00
2019-11-23,2019/2020,Manchester City,Chelsea,2,1,1.23596,0.820474,11769,2026-08-28T17:44:43+00:00
2019-11-23,2019/2020,Watford,Burnley,0,3,0.902384,2.66281,11771,2026-08-28T17:44:43+00:00
2019-11-23,2019/2020,West Ham United,Tottenham Hotspur,2,3,0.661449,2.20681,11772,2026-08-28T17:44:43+00:00
2019-11-24,2019/2020,Sheffield United,Manchester United,3,3,1.56025,1.33065,11770,2026-08-28T17:44:43+00:00
2019-11-25,2019/2020,Aston Villa,Newcastle United,2,0,2.6985,0.69784,11764,2026-08-28T17:44:43+00:00
2019-11-30,2019/2020,Burnley,Crystal Palace,0,2,1.8509,0.936732,11773,2026-08-28T17:44:43+00:00
2019-11-30,2019/2020,Chelsea,West Ham United,0,1,2.73185,1.12034,11774,2026-08-28T17:44:43+00:00
2019-11-30,2019/2020,Liverpool,Brighton & Hove Albion,2,1,1.36832,0.867601,11776,2026-08-28T17:44:43+00:00
2019-11-30,2019/2020,Newcastle United,Manchester City,2,2,0.208252,2.44389,11777,2026-08-28T17:44:43+00:00
2019-11-30,2019/2020,Southampton,Watford,2,1,1.9671,0.504005,11778,2026-08-28T17:44:43+00:00
2019-11-30,2019/2020,Tottenham Hotspur,AFC Bournemouth,3,2,2.93189,1.02949,11779,2026-08-28T17:44:43+00:00
2019-12-01,2019/2020,Leicester City,Everton,2,1,2.24348,1.24986,11775,2026-08-28T17:44:43+00:00
2019-12-01,2019/2020,Wolverhampton Wanderers,Sheffield United,1,1,1.27422,1.47296,11780,2026-08-28T17:44:43+00:00
2019-12-01,2019/2020,Norwich City,Arsenal,2,2,0.810596,1.96157,11781,2026-08-28T17:44:43+00:00
2019-12-01,2019/2020,Manchester United,Aston Villa,2,2,1.84804,1.29701,11782,2026-08-28T17:44:43+00:00
2019-12-03,2019/2020,Burnley,Manchester City,1,4,0.486548,2.56057,11784,2026-08-28T17:44:43+00:00
2019-12-03,2019/2020,Crystal Palace,AFC Bournemouth,1,0,0.383763,0.342799,11791,2026-08-28T17:44:43+00:00
2019-12-04,2019/2020,Leicester City,Watford,2,0,2.28735,0.199733,11785,2026-08-28T17:44:43+00:00
2019-12-04,2019/2020,Wolverhampton Wanderers,West Ham United,2,0,1.82237,0.501977,11787,2026-08-28T17:44:43+00:00
2019-12-04,2019/2020,Manchester United,Tottenham Hotspur,2,1,1.47683,0.542315,11788,2026-08-28T17:44:43+00:00
2019-12-04,2019/2020,Chelsea,Aston Villa,2,1,1.9774,0.86086,11789,2026-08-28T17:44:43+00:00
2019-12-04,2019/2020,Southampton,Norwich City,2,1,2.00232,0.896647,11790,2026-08-28T17:44:43+00:00
2019-12-04,2019/2020,Liverpool,Everton,5,2,2.41397,1.76453,11792,2026-08-28T17:44:43+00:00
2019-12-05,2019/2020,Arsenal,Brighton & Hove Albion,1,2,0.965377,1.53446,11783,2026-08-28T17:44:43+00:00
2019-12-05,2019/2020,Sheffield United,Newcastle United,0,2,1.09175,0.533775,11786,2026-08-28T17:44:43+00:00
2019-12-07,2019/2020,AFC Bournemouth,Liverpool,0,3,0.154608,3.04446,11794,2026-08-28T17:44:43+00:00
2019-12-07,2019/2020,Everton,Chelsea,3,1,2.03892,1.25734,11796,2026-08-28T17:44:43+00:00
2019-12-07,2019/2020,Manchester City,Manchester United,1,2,2.07108,1.63385,11797,2026-08-28T17:44:43+00:00
2019-12-07,2019/2020,Tottenham Hotspur,Burnley,5,0,2.39684,1.08645,11800,2026-08-28T17:44:43+00:00
2019-12-07,2019/2020,Watford,Crystal Palace,0,0,1.57132,0.210746,11801,2026-08-28T17:44:43+00:00
2019-12-08,2019/2020,Aston Villa,Leicester City,1,4,1.24141,4.03286,11793,2026-08-28T17:44:43+00:00
2019-12-08,2019/2020,Brighton & Hove Albion,Wolverhampton Wanderers,2,2,0.951621,1.87208,11795,2026-08-28T17:44:43+00:00
2019-12-08,2019/2020,Newcastle United,Southampton,2,1,1.10449,1.89255,11798,2026-08-28T17:44:43+00:00
2019-12-08,2019/2020,Norwich City,Sheffield United,1,2,0.585805,0.712899,11799,2026-08-28T17:44:43+00:00
2019-12-09,2019/2020,West Ham United,Arsenal,1,3,0.521847,1.79181,11802,2026-08-28T17:44:43+00:00
2019-12-14,2019/2020,Burnley,Newcastle United,1,0,1.43602,1.08726,11804,2026-08-28T17:44:43+00:00
2019-12-14,2019/2020,Chelsea,AFC Bournemouth,0,1,2.02119,1.20777,11805,2026-08-28T17:44:43+00:00
2019-12-14,2019/2020,Leicester City,Norwich City,1,1,1.06421,1.16408,11807,2026-08-28T17:44:43+00:00
2019-12-14,2019/2020,Liverpool,Watford,2,0,1.56674,1.01166,11808,2026-08-28T17:44:43+00:00
2019-12-14,2019/2020,Sheffield United,Aston Villa,2,0,1.888,0.97258,11810,2026-08-28T17:44:43+00:00
2019-12-14,2019/2020,Southampton,West Ham United,0,1,0.805884,0.90324,11811,2026-08-28T17:44:43+00:00
2019-12-15,2019/2020,Arsenal,Manchester City,0,3,0.28161,1.69553,11803,2026-08-28T17:44:43+00:00
2019-12-15,2019/2020,Manchester United,Everton,1,1,1.48327,0.276759,11809,2026-08-28T17:44:43+00:00
2019-12-15,2019/2020,Wolverhampton Wanderers,Tottenham Hotspur,1,2,0.718669,0.989205,11812,2026-08-28T17:44:43+00:00
2019-12-16,2019/2020,Crystal Palace,Brighton & Hove Albion,1,1,0.484859,2.48355,11806,2026-08-28T17:44:43+00:00
2019-12-21,2019/2020,Aston Villa,Southampton,1,3,0.921054,2.63444,11813,2026-08-28T17:44:43+00:00
2019-12-21,2019/2020,AFC Bournemouth,Burnley,0,1,0.138532,0.144318,11814,2026-08-28T17:44:43+00:00
2019-12-21,2019/2020,Brighton & Hove Albion,Sheffield United,0,1,0.428371,1.65933,11815,2026-08-28T17:44:43+00:00
2019-12-21,2019/2020,Everton,Arsenal,0,0,0.486523,0.881818,11816,2026-08-28T17:44:43+00:00
2019-12-21,2019/2020,Manchester City,Leicester City,3,1,3.59139,1.01388,11817,2026-08-28T17:44:43+00:00
2019-12-21,2019/2020,Newcastle United,Crystal Palace,1,0,0.714368,0.985368,11818,2026-08-28T17:44:43+00:00
2019-12-21,2019/2020,Norwich City,Wolverhampton Wanderers,1,2,1.26536,1.65224,11819,2026-08-28T17:44:43+00:00
2019-12-22,2019/2020,Tottenham Hotspur,Chelsea,0,2,0.276667,1.49374,11820,2026-08-28T17:44:43+00:00
2019-12-22,2019/2020,Watford,Manchester United,2,0,1.59291,1.5309,11821,2026-08-28T17:44:43+00:00
2019-12-26,2019/2020,Aston Villa,Norwich City,1,0,0.654194,1.45005,11823,2026-08-28T17:44:43+00:00
2019-12-26,2019/2020,AFC Bournemouth,Arsenal,1,1,1.55463,1.42464,11824,2026-08-28T17:44:43+00:00
2019-12-26,2019/2020,Chelsea,Southampton,0,2,0.859973,0.981321,11825,2026-08-28T17:44:43+00:00
2019-12-26,2019/2020,Crystal Palace,West Ham United,2,1,2.14195,0.796338,11826,2026-08-28T17:44:43+00:00
2019-12-26,2019/2020,Everton,Burnley,1,0,1.47521,0.565252,11827,2026-08-28T17:44:43+00:00
2019-12-26,2019/2020,Leicester City,Liverpool,0,4,0.120994,3.76973,11828,2026-08-28T17:44:43+00:00
2019-12-26,2019/2020,Manchester United,Newcastle United,4,1,1.99638,1.05018,11829,2026-08-28T17:44:43+00:00
2019-12-26,2019/2020,Sheffield United,Watford,1,1,2.04481,0.596611,11830,2026-08-28T17:44:43+00:00
2019-12-26,2019/2020,Tottenham Hotspur,Brighton & Hove Albion,2,1,1.02645,1.09007,11831,2026-08-28T17:44:43+00:00
2019-12-27,2019/2020,Wolverhampton Wanderers,Manchester City,3,2,2.39405,1.52044,11832,2026-08-28T17:44:43+00:00
2019-12-28,2019/2020,Brighton & Hove Albion,AFC Bournemouth,2,0,1.05876,0.500726,11834,2026-08-28T17:44:43+00:00
2019-12-28,2019/2020,Burnley,Manchester United,0,2,0.386662,2.10542,11835,2026-08-28T17:44:43+00:00
2019-12-28,2019/2020,Newcastle United,Everton,1,2,1.63211,2.82576,11838,2026-08-28T17:44:43+00:00
2019-12-28,2019/2020,Norwich City,Tottenham Hotspur,2,2,0.268052,1.82189,11839,2026-08-28T17:44:43+00:00
2019-12-28,2019/2020,Southampton,Crystal Palace,1,1,1.47937,0.137837,11840,2026-08-28T17:44:43+00:00
2019-12-28,2019/2020,Watford,Aston Villa,3,0,3.25314,0.610997,11841,2026-08-28T17:44:43+00:00
2019-12-28,2019/2020,West Ham United,Leicester City,1,2,0.782104,2.62349,11842,2026-08-28T17:44:43+00:00
2019-12-29,2019/2020,Arsenal,Chelsea,1,2,0.785214,1.49666,11833,2026-08-28T17:44:43+00:00
2019-12-29,2019/2020,Liverpool,Wolverhampton Wanderers,1,0,1.49124,0.363764,11836,2026-08-28T17:44:43+00:00
2019-12-29,2019/2020,Manchester City,Sheffield United,2,0,1.08628,1.23346,11837,2026-08-28T17:44:43+00:00
2020-01-01,2019/2020,West Ham United,AFC Bournemouth,4,0,2.32825,0.720709,11843,2026-08-28T17:44:43+00:00
2020-01-01,2019/2020,Arsenal,Manchester United,2,0,1.90747,0.715563,11844,2026-08-28T17:44:43+00:00
2020-01-01,2019/2020,Brighton & Hove Albion,Chelsea,1,1,1.56978,1.57497,11845,2026-08-28T17:44:43+00:00
2020-01-01,2019/2020,Burnley,Aston Villa,1,2,2.34418,1.74824,11846,2026-08-28T17:44:43+00:00
2020-01-01,2019/2020,Manchester City,Everton,2,1,1.79757,0.848942,11848,2026-08-28T17:44:43+00:00
2020-01-01,2019/2020,Newcastle United,Leicester City,0,3,0.780118,2.43642,11849,2026-08-28T17:44:43+00:00
2020-01-01,2019/2020,Norwich City,Crystal Palace,1,1,1.66454,1.29896,11850,2026-08-28T17:44:43+00:00
2020-01-01,2019/2020,Southampton,Tottenham Hotspur,1,0,1.51192,1.078,11851,2026-08-28T17:44:43+00:00
2020-01-01,2019/2020,Watford,Wolverhampton Wanderers,2,1,1.07053,1.23252,11852,2026-08-28T17:44:43+00:00
2020-01-02,2019/2020,Liverpool,Sheffield United,2,0,3.0465,0.634607,11847,2026-08-28T17:44:43+00:00
2020-01-10,2019/2020,Sheffield United,West Ham United,1,0,2.02768,0.90477,11855,2026-08-28T17:44:43+00:00
2020-01-11,2019/2020,Wolverhampton Wanderers,Newcastle United,1,1,2.04805,0.184495,11853,2026-08-28T17:44:43+00:00
2020-01-11,2019/2020,Tottenham Hotspur,Liverpool,0,1,1.10584,1.74564,11854,2026-08-28T17:44:43+00:00
2020-01-11,2019/2020,Chelsea,Burnley,3,0,2.87633,0.717407,11858,2026-08-28T17:44:43+00:00
2020-01-11,2019/2020,Crystal Palace,Arsenal,1,1,0.317862,1.43924,11859,2026-08-28T17:44:43+00:00
2020-01-11,2019/2020,Everton,Brighton & Hove Albion,1,0,2.02533,1.53324,11860,2026-08-28T17:44:43+00:00
2020-01-11,2019/2020,Leicester City,Southampton,1,2,0.780114,2.40601,11861,2026-08-28T17:44:43+00:00
2020-01-11,2019/2020,Manchester United,Norwich City,4,0,3.13456,0.275987,11862,2026-08-28T17:44:43+00:00
2020-01-12,2019/2020,Aston Villa,Manchester City,1,6,1.12565,3.75131,11856,2026-08-28T17:44:43+00:00
2020-01-12,2019/2020,AFC Bournemouth,Watford,0,3,0.320447,2.29827,11857,2026-08-28T17:44:43+00:00
2020-01-18,2019/2020,Arsenal,Sheffield United,1,1,1.22882,1.18444,11863,2026-08-28T17:44:43+00:00
2020-01-18,2019/2020,Manchester City,Crystal Palace,2,2,2.47314,0.586716,11864,2026-08-28T17:44:43+00:00
2020-01-18,2019/2020,Brighton & Hove Albion,Aston Villa,1,1,1.30028,1.02045,11867,2026-08-28T17:44:43+00:00
2020-01-18,2019/2020,Newcastle United,Chelsea,1,0,0.892988,2.05436,11868,2026-08-28T17:44:43+00:00
2020-01-18,2019/2020,Norwich City,AFC Bournemouth,1,0,1.76046,0.558298,11869,2026-08-28T17:44:43+00:00
2020-01-18,2019/2020,Southampton,Wolverhampton Wanderers,2,3,0.786974,2.1772,11870,2026-08-28T17:44:43+00:00
2020-01-18,2019/2020,Watford,Tottenham Hotspur,0,0,2.39174,1.76697,11871,2026-08-28T17:44:43+00:00
2020-01-18,2019/2020,West Ham United,Everton,1,1,1.68436,1.95473,11872,2026-08-28T17:44:43+00:00
2020-01-19,2019/2020,Liverpool,Manchester United,2,0,2.00655,1.4185,11865,2026-08-28T17:44:43+00:00
2020-01-19,2019/2020,Burnley,Leicester City,2,1,1.50886,2.33415,11866,2026-08-28T17:44:43+00:00
2020-01-21,2019/2020,Aston Villa,Watford,2,1,1.06739,1.81101,11873,2026-08-28T17:44:43+00:00
2020-01-21,2019/2020,Sheffield United,Manchester City,0,1,0.774943,2.873,11875,2026-08-28T17:44:43+00:00
2020-01-21,2019/2020,Everton,Newcastle United,2,2,2.05254,0.570931,11877,2026-08-28T17:44:43+00:00
2020-01-21,2019/2020,AFC Bournemouth,Brighton & Hove Albion,3,1,1.92315,1.97227,11878,2026-08-28T17:44:43+00:00
2020-01-21,2019/2020,Chelsea,Arsenal,2,2,3.38612,0.568077,11881,2026-08-28T17:44:43+00:00
2020-01-21,2019/2020,Crystal Palace,Southampton,0,2,0.674589,1.1306,11882,2026-08-28T17:44:43+00:00
2020-01-22,2019/2020,Leicester City,West Ham United,4,1,2.91302,1.16254,11876,2026-08-28T17:44:43+00:00
2020-01-22,2019/2020,Manchester United,Burnley,0,2,1.416,0.717284,11879,2026-08-28T17:44:43+00:00
2020-01-22,2019/2020,Tottenham Hotspur,Norwich City,2,1,2.22282,1.42472,11880,2026-08-28T17:44:43+00:00
2020-01-23,2019/2020,Wolverhampton Wanderers,Liverpool,1,2,1.85442,1.59024,11874,2026-08-28T17:44:43+00:00
2020-01-29,2019/2020,West Ham United,Liverpool,0,2,0.878341,2.59926,11822,2026-08-28T17:44:43+00:00
2020-02-01,2019/2020,AFC Bournemouth,Aston Villa,2,1,2.72236,1.40955,11883,2026-08-28T17:44:43+00:00
2020-02-01,2019/2020,Crystal Palace,Sheffield United,0,1,0.970063,0.860755,11885,2026-08-28T17:44:43+00:00
2020-02-01,2019/2020,Leicester City,Chelsea,2,2,1.65956,0.806995,11886,2026-08-28T17:44:43+00:00
2020-02-01,2019/2020,Liverpool,Southampton,4,0,3.7195,0.716298,11887,2026-08-28T17:44:43+00:00
2020-02-01,2019/2020,Manchester United,Wolverhampton Wanderers,0,0,1.18608,1.54211,11888,2026-08-28T17:44:43+00:00
2020-02-01,2019/2020,Newcastle United,Norwich City,0,0,0.937293,2.39985,11889,2026-08-28T17:44:43+00:00
2020-02-01,2019/2020,Watford,Everton,2,3,0.919248,2.70178,11891,2026-08-28T17:44:43+00:00
2020-02-01,2019/2020,West Ham United,Brighton & Hove Albion,3,3,1.30774,2.03179,11892,2026-08-28T17:44:43+00:00
2020-02-02,2019/2020,Burnley,Arsenal,0,0,2.24562,1.48025,11884,2026-08-28T17:44:43+00:00
2020-02-02,2019/2020,Tottenham Hotspur,Manchester City,2,0,0.420293,3.25139,11890,2026-08-28T17:44:43+00:00
2020-02-08,2019/2020,Brighton & Hove Albion,Watford,1,1,0.76201,0.280048,11895,2026-08-28T17:44:43+00:00
2020-02-08,2019/2020,Everton,Crystal Palace,3,1,2.79103,0.865323,11897,2026-08-28T17:44:43+00:00
2020-02-09,2019/2020,Sheffield United,AFC Bournemouth,2,1,2.04467,1.07183,11900,2026-08-28T17:44:43+00:00
2020-02-14,2019/2020,Wolverhampton Wanderers,Leicester City,0,0,1.14491,0.527366,11902,2026-08-28T17:44:43+00:00
2020-02-15,2019/2020,Norwich City,Liverpool,0,1,0.383495,2.07331,11899,2026-08-28T17:44:43+00:00
2020-02-15,2019/2020,Southampton,Burnley,1,2,0.694025,0.892699,11901,2026-08-28T17:44:43+00:00
2020-02-16,2019/2020,Arsenal,Newcastle United,4,0,3.02257,1.16662,11893,2026-08-28T17:44:43+00:00
2020-02-16,2019/2020,Aston Villa,Tottenham Hotspur,2,3,1.71313,3.86024,11894,2026-08-28T17:44:43+00:00
2020-02-17,2019/2020,Chelsea,Manchester United,0,2,0.940204,0.681814,11896,2026-08-28T17:44:43+00:00
2020-02-19,2019/2020,Manchester City,West Ham United,2,0,2.13777,0.0895892,11898,2026-08-28T17:44:43+00:00
2020-02-22,2019/2020,Leicester City,Manchester City,0,1,0.723269,2.42749,11904,2026-08-28T17:44:43+00:00
2020-02-22,2019/2020,Crystal Palace,Newcastle United,1,0,1.75552,0.164495,11905,2026-08-28T17:44:43+00:00
2020-02-22,2019/2020,Chelsea,Tottenham Hotspur,2,1,1.78193,0.265879,11906,2026-08-28T17:44:43+00:00
2020-02-22,2019/2020,Burnley,AFC Bournemouth,3,0,3.09935,1.75718,11907,2026-08-28T17:44:43+00:00
2020-02-22,2019/2020,Southampton,Aston Villa,2,0,3.02926,0.47235,11908,2026-08-28T17:44:43+00:00
2020-02-22,2019/2020,Sheffield United,Brighton & Hove Albion,1,1,1.6597,1.06035,11909,2026-08-28T17:44:43+00:00
2020-02-23,2019/2020,Arsenal,Everton,3,2,1.33567,2.65691,11903,2026-08-28T17:44:43+00:00
2020-02-23,2019/2020,Manchester United,Watford,3,0,2.5042,0.294956,11910,2026-08-28T17:44:43+00:00
2020-02-23,2019/2020,Wolverhampton Wanderers,Norwich City,3,0,3.25033,0.360646,11912,2026-08-28T17:44:43+00:00
2020-02-24,2019/2020,Liverpool,West Ham United,3,2,2.48209,0.638236,11911,2026-08-28T17:44:43+00:00
2020-02-28,2019/2020,Norwich City,Leicester City,1,0,0.591716,1.42581,11919,2026-08-28T17:44:43+00:00
2020-02-29,2019/2020,AFC Bournemouth,Chelsea,2,2,1.58495,1.98271,11914,2026-08-28T17:44:43+00:00
2020-02-29,2019/2020,Brighton & Hove Albion,Crystal Palace,0,1,1.78712,2.17159,11915,2026-08-28T17:44:43+00:00
2020-02-29,2019/2020,Newcastle United,Burnley,0,0,1.11713,0.617612,11918,2026-08-28T17:44:43+00:00
2020-02-29,2019/2020,Watford,Liverpool,3,0,2.71351,0.206031,11921,2026-08-28T17:44:43+00:00
2020-02-29,2019/2020,West Ham United,Southampton,3,1,2.78682,0.868573,11922,2026-08-28T17:44:43+00:00
2020-03-01,2019/2020,Everton,Manchester United,1,1,2.41259,1.12561,11916,2026-08-28T17:44:43+00:00
2020-03-01,2019/2020,Tottenham Hotspur,Wolverhampton Wanderers,2,3,1.63079,2.62251,11920,2026-08-28T17:44:43+00:00
2020-03-07,2019/2020,Arsenal,West Ham United,1,0,1.55974,1.61615,11923,2026-08-28T17:44:43+00:00
2020-03-07,2019/2020,Burnley,Tottenham Hotspur,1,1,3.33302,1.13669,11924,2026-08-28T17:44:43+00:00
2020-03-07,2019/2020,Crystal Palace,Watford,1,0,0.856107,0.449161,11926,2026-08-28T17:44:43+00:00
2020-03-07,2019/2020,Liverpool,AFC Bournemouth,2,1,1.89453,1.29544,11928,2026-08-28T17:44:43+00:00
2020-03-07,2019/2020,Sheffield United,Norwich City,1,0,1.17263,2.55449,11929,2026-08-28T17:44:43+00:00
2020-03-07,2019/2020,Southampton,Newcastle United,0,1,0.348871,3.06384,11930,2026-08-28T17:44:43+00:00
2020-03-07,2019/2020,Wolverhampton Wanderers,Brighton & Hove Albion,0,0,0.898221,0.308874,11931,2026-08-28T17:44:43+00:00
2020-03-08,2019/2020,Chelsea,Everton,4,0,2.02883,0.445922,11925,2026-08-28T17:44:43+00:00
2020-03-08,2019/2020,Manchester United,Manchester City,2,0,1.7389,0.585469,11932,2026-08-28T17:44:43+00:00
2020-03-09,2019/2020,Leicester City,Aston Villa,4,0,2.41239,0.672448,11927,2026-08-28T17:44:43+00:00
2020-06-17,2019/2020,Aston Villa,Sheffield United,0,0,1.00877,0.235909,11913,2026-08-28T17:44:43+00:00
2020-06-17,2019/2020,Manchester City,Arsenal,3,0,2.73725,0.496759,11917,2026-08-28T17:44:43+00:00
2020-06-19,2019/2020,Tottenham Hotspur,Manchester United,1,1,0.534852,1.77307,11936,2026-08-28T17:44:43+00:00
2020-06-19,2019/2020,Norwich City,Southampton,0,3,0.654932,1.87099,11937,2026-08-28T17:44:43+00:00
2020-06-20,2019/2020,West Ham United,Wolverhampton Wanderers,0,2,0.44207,1.06433,11934,2026-08-28T17:44:43+00:00
2020-06-20,2019/2020,Watford,Leicester City,1,1,1.00765,1.05245,11935,2026-08-28T17:44:43+00:00
2020-06-20,2019/2020,Brighton & Hove Albion,Arsenal,2,1,0.670973,0.69627,11941,2026-08-28T17:44:43+00:00
2020-06-20,2019/2020,AFC Bournemouth,Crystal Palace,0,2,0.363637,0.788453,11942,2026-08-28T17:44:43+00:00
2020-06-21,2019/2020,Aston Villa,Chelsea,1,2,1.57223,1.14011,11933,2026-08-28T17:44:43+00:00
2020-06-21,2019/2020,Newcastle United,Sheffield United,3,0,2.15148,0.57107,11938,2026-08-28T17:44:43+00:00
2020-06-21,2019/2020,Everton,Liverpool,0,0,0.621456,0.659123,11940,2026-08-28T17:44:43+00:00
2020-06-22,2019/2020,Manchester City,Burnley,5,0,2.71096,0.0303408,11939,2026-08-28T17:44:43+00:00
2020-06-23,2019/2020,Tottenham Hotspur,West Ham United,2,0,2.24125,0.83104,11944,2026-08-28T17:44:43+00:00
2020-06-23,2019/2020,Leicester City,Brighton & Hove Albion,0,0,0.505486,1.10227,11945,2026-08-28T17:44:43+00:00
2020-06-24,2019/2020,Wolverhampton Wanderers,AFC Bournemouth,1,0,0.715002,0.0619009,11947,2026-08-28T17:44:43+00:00
2020-06-24,2019/2020,Norwich City,Everton,0,1,0.382813,0.654912,11948,2026-08-28T17:44:43+00:00
2020-06-24,2019/2020,Newcastle United,Aston Villa,1,1,0.661808,1.22985,11949,2026-08-28T17:44:43+00:00
2020-06-24,2019/2020,Manchester United,Sheffield United,3,0,2.8416,0.108082,11950,2026-08-28T17:44:43+00:00
2020-06-24,2019/2020,Liverpool,Crystal Palace,4,0,2.56729,0.0645285,11951,2026-08-28T17:44:43+00:00
2020-06-25,2019/2020,Burnley,Watford,1,0,0.964774,0.495542,11943,2026-08-28T17:44:43+00:00
2020-06-25,2019/2020,Chelsea,Manchester City,2,1,4.206,0.690594,11946,2026-08-28T17:44:43+00:00
2020-06-25,2019/2020,Southampton,Arsenal,0,2,0.738305,2.18595,11952,2026-08-28T17:44:43+00:00
2020-06-27,2019/2020,Aston Villa,Wolverhampton Wanderers,0,1,0.403418,0.703549,11954,2026-08-28T17:44:43+00:00
2020-06-28,2019/2020,Watford,Southampton,1,3,0.365347,1.3364,11961,2026-08-28T17:44:43+00:00
2020-06-29,2019/2020,Crystal Palace,Burnley,0,1,1.06533,0.359906,11957,2026-08-28T17:44:43+00:00
2020-06-30,2019/2020,Brighton & Hove Albion,Manchester United,0,3,0.31013,1.20903,11956,2026-08-28T17:44:43+00:00
2020-07-01,2019/2020,Arsenal,Norwich City,4,0,1.76496,0.153871,11953,2026-08-28T17:44:43+00:00
2020-07-01,2019/2020,AFC Bournemouth,Newcastle United,1,4,1.27503,2.23457,11955,2026-08-28T17:44:43+00:00
2020-07-01,2019/2020,Everton,Leicester City,2,1,1.17592,1.80384,11958,2026-08-28T17:44:43+00:00
2020-07-01,2019/2020,West Ham United,Chelsea,3,2,2.10497,1.57609,11962,2026-08-28T17:44:43+00:00
2020-07-02,2019/2020,Manchester City,Liverpool,4,0,2.65433,0.819606,11959,2026-08-28T17:44:43+00:00
2020-07-02,2019/2020,Sheffield United,Tottenham Hotspur,3,1,1.59994,1.01524,11960,2026-08-28T17:44:43+00:00
2020-07-04,2019/2020,Chelsea,Watford,3,0,2.78877,0.608971,11964,2026-08-28T17:44:43+00:00
2020-07-04,2019/2020,Leicester City,Crystal Palace,3,0,2.20683,0.507537,11965,2026-08-28T17:44:43+00:00
2020-07-04,2019/2020,Manchester United,AFC Bournemouth,5,2,2.63259,1.52161,11967,2026-08-28T17:44:43+00:00
2020-07-04,2019/2020,Norwich City,Brighton & Hove Albion,0,1,0.545069,0.903046,11969,2026-08-28T17:44:43+00:00
2020-07-04,2019/2020,Wolverhampton Wanderers,Arsenal,0,2,0.985166,1.28273,11972,2026-08-28T17:44:43+00:00
2020-07-05,2019/2020,Burnley,Sheffield United,1,1,1.31966,1.63343,11963,2026-08-28T17:44:43+00:00
2020-07-05,2019/2020,Liverpool,Aston Villa,2,0,1.0837,0.689775,11966,2026-08-28T17:44:43+00:00
2020-07-05,2019/2020,Newcastle United,West Ham United,2,2,1.49121,2.03065,11968,2026-08-28T17:44:43+00:00
2020-07-05,2019/2020,Southampton,Manchester City,1,0,0.628765,3.39575,11970,2026-08-28T17:44:43+00:00
2020-07-06,2019/2020,Tottenham Hotspur,Everton,1,0,0.511828,0.403762,11971,2026-08-28T17:44:43+00:00
2020-07-07,2019/2020,Arsenal,Leicester City,1,1,1.29023,1.00238,11973,2026-08-28T17:44:43+00:00
2020-07-07,2019/2020,Crystal Palace,Chelsea,2,3,1.2882,2.65753,11977,2026-08-28T17:44:43+00:00
2020-07-07,2019/2020,Watford,Norwich City,2,1,0.725199,1.13378,11981,2026-08-28T17:44:43+00:00
2020-07-08,2019/2020,Brighton & Hove Albion,Liverpool,1,3,2.3646,2.61624,11976,2026-08-28T17:44:43+00:00
2020-07-08,2019/2020,Manchester City,Newcastle United,5,0,3.28662,0.21643,11979,2026-08-28T17:44:43+00:00
2020-07-08,2019/2020,Sheffield United,Wolverhampton Wanderers,1,0,0.470483,0.326909,11980,2026-08-28T17:44:43+00:00
2020-07-08,2019/2020,West Ham United,Burnley,0,1,1.99821,1.05291,11982,2026-08-28T17:44:43+00:00
2020-07-09,2019/2020,Aston Villa,Manchester United,0,3,0.598873,2.86531,11974,2026-08-28T17:44:43+00:00
2020-07-09,2019/2020,AFC Bournemouth,Tottenham Hotspur,0,0,0.960349,0.479274,11975,2026-08-28T17:44:43+00:00
2020-07-09,2019/2020,Everton,Southampton,1,1,0.671442,2.29684,11978,2026-08-28T17:44:43+00:00
2020-07-11,2019/2020,Brighton & Hove Albion,Manchester City,0,5,0.149588,5.51767,11985,2026-08-28T17:44:43+00:00
2020-07-11,2019/2020,Liverpool,Burnley,1,1,2.17649,0.452331,11986,2026-08-28T17:44:43+00:00
2020-07-11,2019/2020,Norwich City,West Ham United,0,4,0.613251,3.81088,11988,2026-08-28T17:44:43+00:00
2020-07-11,2019/2020,Sheffield United,Chelsea,3,0,2.00632,1.17509,11989,2026-08-28T17:44:43+00:00
2020-07-11,2019/2020,Watford,Newcastle United,2,1,3.12855,1.49134,11991,2026-08-28T17:44:43+00:00
2020-07-12,2019/2020,Aston Villa,Crystal Palace,2,0,1.6977,0.974181,11983,2026-08-28T17:44:43+00:00
2020-07-12,2019/2020,AFC Bournemouth,Leicester City,4,1,2.54311,1.66084,11984,2026-08-28T17:44:43+00:00
2020-07-12,2019/2020,Tottenham Hotspur,Arsenal,2,1,1.81846,0.68991,11990,2026-08-28T17:44:43+00:00
2020-07-12,2019/2020,Wolverhampton Wanderers,Everton,3,0,2.86724,0.286561,11992,2026-08-28T17:44:43+00:00
2020-07-13,2019/2020,Manchester United,Southampton,2,2,1.5033,1.8051,11987,2026-08-28T17:44:43+00:00
2020-07-14,2019/2020,Chelsea,Norwich City,1,0,3.05119,0.0631109,11995,2026-08-28T17:44:43+00:00
2020-07-15,2019/2020,Arsenal,Liverpool,2,1,1.31516,2.2233,11993,2026-08-28T17:44:43+00:00
2020-07-15,2019/2020,Burnley,Wolverhampton Wanderers,1,1,1.53435,1.2857,11994,2026-08-28T17:44:43+00:00
2020-07-15,2019/2020,Manchester City,AFC Bournemouth,2,1,0.82755,1.66635,11999,2026-08-28T17:44:43+00:00
2020-07-15,2019/2020,Newcastle United,Tottenham Hotspur,1,3,1.05748,1.7498,12000,2026-08-28T17:44:43+00:00
2020-07-16,2019/2020,Crystal Palace,Manchester United,0,2,0.572141,1.90448,11996,2026-08-28T17:44:43+00:00
2020-07-16,2019/2020,Everton,Aston Villa,1,1,0.944434,1.52021,11997,2026-08-28T17:44:43+00:00
2020-07-16,2019/2020,Leicester City,Sheffield United,2,0,3.05752,0.660214,11998,2026-08-28T17:44:43+00:00
2020-07-16,2019/2020,Southampton,Brighton & Hove Albion,1,1,2.33745,0.67264,12002,2026-08-28T17:44:43+00:00
2020-07-17,2019/2020,West Ham United,Watford,3,1,0.833995,1.03402,12001,2026-08-28T17:44:43+00:00
2020-07-18,2019/2020,Norwich City,Burnley,0,2,0.576602,1.8233,12008,2026-08-28T17:44:43+00:00
2020-07-19,2019/2020,AFC Bournemouth,Southampton,0,2,0.583117,2.24527,12004,2026-08-28T17:44:43+00:00
2020-07-19,2019/2020,Tottenham Hotspur,Leicester City,3,0,0.766922,1.20085,12010,2026-08-28T17:44:43+00:00
2020-07-20,2019/2020,Brighton & Hove Albion,Newcastle United,0,0,0.855896,0.929091,12005,2026-08-28T17:44:43+00:00
2020-07-20,2019/2020,Sheffield United,Everton,0,1,0.468461,0.624814,12009,2026-08-28T17:44:43+00:00
2020-07-20,2019/2020,Wolverhampton Wanderers,Crystal Palace,2,0,1.48696,0.440119,12012,2026-08-28T17:44:43+00:00
2020-07-21,2019/2020,Aston Villa,Arsenal,1,0,0.57408,0.737137,12003,2026-08-28T17:44:43+00:00
2020-07-21,2019/2020,Watford,Manchester City,0,4,0.131868,3.73814,12011,2026-08-28T17:44:43+00:00
2020-07-22,2019/2020,Liverpool,Chelsea,5,3,1.45179,2.38205,12006,2026-08-28T17:44:43+00:00
2020-07-22,2019/2020,Manchester United,West Ham United,1,1,0.984161,1.29009,12007,2026-08-28T17:44:43+00:00
2020-07-26,2019/2020,West Ham United,Aston Villa,1,1,0.781465,0.983594,12013,2026-08-28T17:44:43+00:00
2020-07-26,2019/2020,Arsenal,Watford,3,2,1.95282,3.9197,12014,2026-08-28T17:44:43+00:00
2020-07-26,2019/2020,Southampton,Sheffield United,3,1,1.64306,1.41051,12015,2026-08-28T17:44:43+00:00
2020-07-26,2019/2020,Newcastle United,Liverpool,1,3,0.339294,0.56818,12016,2026-08-28T17:44:43+00:00
2020-07-26,2019/2020,Manchester City,Norwich City,5,0,3.56749,0.786563,12017,2026-08-28T17:44:43+00:00
2020-07-26,2019/2020,Leicester City,Manchester United,0,2,0.754668,1.41019,12018,2026-08-28T17:44:43+00:00
2020-07-26,2019/2020,Everton,AFC Bournemouth,1,3,1.74699,1.46461,12019,2026-08-28T17:44:43+00:00
2020-07-26,2019/2020,Crystal Palace,Tottenham Hotspur,1,1,0.988534,0.310302,12020,2026-08-28T17:44:43+00:00
2020-07-26,2019/2020,Chelsea,Wolverhampton Wanderers,2,0,1.15938,0.164561,12021,2026-08-28T17:44:43+00:00
2020-07-26,2019/2020,Burnley,Brighton & Hove Albion,1,2,1.44244,1.3696,12022,2026-08-28T17:44:43+00:00
2020-09-12,2020/2021,Fulham,Arsenal,0,3,0.126327,2.16287,14086,2026-08-28T17:44:43+00:00
2020-09-12,2020/2021,Crystal Palace,Southampton,1,0,1.39569,1.26267,14087,2026-08-28T17:44:43+00:00
2020-09-12,2020/2021,Liverpool,Leeds United,4,3,3.15412,0.269813,14090,2026-08-28T17:44:43+00:00
2020-09-12,2020/2021,West Ham United,Newcastle United,0,2,0.861445,1.65911,14091,2026-08-28T17:44:43+00:00
2020-09-13,2020/2021,West Bromwich Albion,Leicester City,0,3,0.352997,2.95581,14092,2026-08-28T17:44:43+00:00
2020-09-13,2020/2021,Tottenham Hotspur,Everton,0,1,0.822944,1.26793,14093,2026-08-28T17:44:43+00:00
2020-09-14,2020/2021,Sheffield United,Wolverhampton Wanderers,0,2,0.949316,1.61307,14094,2026-08-28T17:44:43+00:00
2020-09-14,2020/2021,Brighton & Hove Albion,Chelsea,1,3,1.44281,1.27062,14095,2026-08-28T17:44:43+00:00
2020-09-19,2020/2021,Everton,West Bromwich Albion,5,2,4.16254,0.315347,14096,2026-08-28T17:44:43+00:00
2020-09-19,2020/2021,Leeds United,Fulham,4,3,1.45254,1.55503,14097,2026-08-28T17:44:43+00:00
2020-09-19,2020/2021,Manchester United,Crystal Palace,1,3,1.09737,1.91456,14098,2026-08-28T17:44:43+00:00
2020-09-19,2020/2021,Arsenal,West Ham United,2,1,1.32902,2.06377,14099,2026-08-28T17:44:43+00:00
2020-09-20,2020/2021,Southampton,Tottenham Hotspur,2,5,2.27708,2.28004,14100,2026-08-28T17:44:43+00:00
2020-09-20,2020/2021,Newcastle United,Brighton & Hove Albion,0,3,0.520678,1.8766,14101,2026-08-28T17:44:43+00:00
2020-09-20,2020/2021,Chelsea,Liverpool,0,2,0.904183,2.25211,14102,2026-08-28T17:44:43+00:00
2020-09-20,2020/2021,Leicester City,Burnley,4,2,0.987365,1.52404,14103,2026-08-28T17:44:43+00:00
2020-09-21,2020/2021,Aston Villa,Sheffield United,1,0,0.80527,0.849709,14104,2026-08-28T17:44:43+00:00
2020-09-21,2020/2021,Wolverhampton Wanderers,Manchester City,1,3,0.727677,2.07651,14105,2026-08-28T17:44:43+00:00
2020-09-26,2020/2021,Brighton & Hove Albion,Manchester United,2,3,2.97659,1.57583,14106,2026-08-28T17:44:43+00:00
2020-09-26,2020/2021,Crystal Palace,Everton,1,2,0.443115,2.27189,14107,2026-08-28T17:44:43+00:00
2020-09-26,2020/2021,West Bromwich Albion,Chelsea,3,3,0.911185,2.36046,14108,2026-08-28T17:44:43+00:00
2020-09-26,2020/2021,Burnley,Southampton,0,1,0.347136,0.706632,14109,2026-08-28T17:44:43+00:00
2020-09-27,2020/2021,Sheffield United,Leeds United,0,1,1.53278,1.46641,14110,2026-08-28T17:44:43+00:00
2020-09-27,2020/2021,Tottenham Hotspur,Newcastle United,1,1,3.18765,0.942726,14111,2026-08-28T17:44:43+00:00
2020-09-27,2020/2021,Manchester City,Leicester City,2,5,1.44633,2.86721,14112,2026-08-28T17:44:43+00:00
2020-09-27,2020/2021,West Ham United,Wolverhampton Wanderers,4,0,3.05703,0.385152,14113,2026-08-28T17:44:43+00:00
2020-09-28,2020/2021,Fulham,Aston Villa,0,3,0.534675,2.03222,14114,2026-08-28T17:44:43+00:00
2020-09-28,2020/2021,Liverpool,Arsenal,3,1,2.73834,1.17817,14115,2026-08-28T17:44:43+00:00
2020-10-03,2020/2021,Chelsea,Crystal Palace,4,0,2.51433,0.103249,14467,2026-08-28T17:44:43+00:00
2020-10-03,2020/2021,Everton,Brighton & Hove Albion,4,2,2.34034,1.16568,14468,2026-08-28T17:44:43+00:00
2020-10-03,2020/2021,Leeds United,Manchester City,1,1,2.56662,1.41533,14469,2026-08-28T17:44:43+00:00
2020-10-03,2020/2021,Newcastle United,Burnley,3,1,1.95629,0.438849,14472,2026-08-28T17:44:43+00:00
2020-10-04,2020/2021,Arsenal,Sheffield United,2,1,0.667131,0.144994,14465,2026-08-28T17:44:43+00:00
2020-10-04,2020/2021,Aston Villa,Liverpool,7,2,3.07626,1.65705,14466,2026-08-28T17:44:43+00:00
2020-10-04,2020/2021,Leicester City,West Ham United,0,3,0.456022,2.03227,14470,2026-08-28T17:44:43+00:00
2020-10-04,2020/2021,Manchester United,Tottenham Hotspur,1,6,0.873435,3.3017,14471,2026-08-28T17:44:43+00:00
2020-10-04,2020/2021,Southampton,West Bromwich Albion,2,0,0.949079,0.161283,14473,2026-08-28T17:44:43+00:00
2020-10-04,2020/2021,Wolverhampton Wanderers,Fulham,1,0,0.89359,0.969393,14474,2026-08-28T17:44:43+00:00
2020-10-17,2020/2021,Chelsea,Southampton,3,3,1.98708,1.42348,14475,2026-08-28T17:44:43+00:00
2020-10-17,2020/2021,Everton,Liverpool,2,2,1.35998,2.49492,14477,2026-08-28T17:44:43+00:00
2020-10-17,2020/2021,Manchester City,Arsenal,1,0,1.43023,0.838322,14480,2026-08-28T17:44:43+00:00
2020-10-17,2020/2021,Newcastle United,Manchester United,1,4,0.867496,2.21729,14481,2026-08-28T17:44:43+00:00
2020-10-18,2020/2021,Crystal Palace,Brighton & Hove Albion,1,1,0.761169,1.0935,14476,2026-08-28T17:44:43+00:00
2020-10-18,2020/2021,Leicester City,Aston Villa,0,1,0.671595,0.873776,14479,2026-08-28T17:44:43+00:00
2020-10-18,2020/2021,Sheffield United,Fulham,1,1,1.66363,1.35611,14482,2026-08-28T17:44:43+00:00
2020-10-18,2020/2021,Tottenham Hotspur,West Ham United,3,3,1.77602,1.49992,14483,2026-08-28T17:44:43+00:00
2020-10-19,2020/2021,Leeds United,Wolverhampton Wanderers,0,1,1.08332,0.618191,14478,2026-08-28T17:44:43+00:00
2020-10-19,2020/2021,West Bromwich Albion,Burnley,0,0,0.731692,1.08532,14484,2026-08-28T17:44:43+00:00
2020-10-23,2020/2021,Aston Villa,Leeds United,0,3,1.50125,2.37695,14486,2026-08-28T17:44:43+00:00
2020-10-24,2020/2021,Fulham,Crystal Palace,1,2,1.05258,2.81049,14489,2026-08-28T17:44:43+00:00
2020-10-24,2020/2021,Liverpool,Sheffield United,2,1,2.40286,1.39788,14490,2026-08-28T17:44:43+00:00
2020-10-24,2020/2021,Manchester United,Chelsea,0,0,0.648427,0.219906,14491,2026-08-28T17:44:43+00:00
2020-10-24,2020/2021,West Ham United,Manchester City,1,1,0.263739,0.892456,14493,2026-08-28T17:44:43+00:00
2020-10-25,2020/2021,Arsenal,Leicester City,0,1,0.73944,0.736172,14485,2026-08-28T17:44:43+00:00
2020-10-25,2020/2021,Southampton,Everton,2,0,0.74151,0.287054,14492,2026-08-28T17:44:43+00:00
2020-10-25,2020/2021,Wolverhampton Wanderers,Newcastle United,1,1,0.758626,0.253685,14494,2026-08-28T17:44:43+00:00
2020-10-26,2020/2021,Brighton & Hove Albion,West Bromwich Albion,1,1,0.546807,0.295654,14487,2026-08-28T17:44:43+00:00
2020-10-26,2020/2021,Burnley,Tottenham Hotspur,0,1,0.95045,0.797344,14488,2026-08-28T17:44:43+00:00
2020-10-30,2020/2021,Wolverhampton Wanderers,Crystal Palace,2,0,1.34895,0.802767,14504,2026-08-28T17:44:43+00:00
2020-10-31,2020/2021,Burnley,Chelsea,0,3,0.407341,1.23077,14496,2026-08-28T17:44:43+00:00
2020-10-31,2020/2021,Liverpool,West Ham United,2,1,1.56302,0.269048,14499,2026-08-28T17:44:43+00:00
2020-10-31,2020/2021,Sheffield United,Manchester City,0,1,0.687544,1.89643,14502,2026-08-28T17:44:43+00:00
2020-11-01,2020/2021,Aston Villa,Southampton,3,4,2.44855,1.00333,14495,2026-08-28T17:44:43+00:00
2020-11-01,2020/2021,Manchester United,Arsenal,0,1,0.394113,0.998072,14500,2026-08-28T17:44:43+00:00
2020-11-01,2020/2021,Newcastle United,Everton,2,1,2.6311,1.21805,14501,2026-08-28T17:44:43+00:00
2020-11-01,2020/2021,Tottenham Hotspur,Brighton & Hove Albion,2,1,1.97236,0.324457,14503,2026-08-28T17:44:43+00:00
2020-11-02,2020/2021,Fulham,West Bromwich Albion,2,0,1.62247,0.482685,14497,2026-08-28T17:44:43+00:00
2020-11-02,2020/2021,Leeds United,Leicester City,1,4,1.74822,3.07657,14498,2026-08-28T17:44:43+00:00
2020-11-06,2020/2021,Brighton & Hove Albion,Burnley,0,0,1.59022,0.326933,14506,2026-08-28T17:44:43+00:00
2020-11-06,2020/2021,Southampton,Newcastle United,2,0,0.985828,0.175633,14512,2026-08-28T17:44:43+00:00
2020-11-07,2020/2021,Chelsea,Sheffield United,4,1,2.87622,0.743967,14507,2026-08-28T17:44:43+00:00
2020-11-07,2020/2021,Crystal Palace,Leeds United,4,1,1.30169,0.847913,14508,2026-08-28T17:44:43+00:00
2020-11-07,2020/2021,Everton,Manchester United,1,3,0.376464,1.59642,14509,2026-08-28T17:44:43+00:00
2020-11-07,2020/2021,West Ham United,Fulham,1,0,1.42614,1.84922,14514,2026-08-28T17:44:43+00:00
2020-11-08,2020/2021,Arsenal,Aston Villa,0,3,1.39037,1.98553,14505,2026-08-28T17:44:43+00:00
2020-11-08,2020/2021,Leicester City,Wolverhampton Wanderers,1,0,2.0545,0.57936,14510,2026-08-28T17:44:43+00:00
2020-11-08,2020/2021,Manchester City,Liverpool,1,1,1.58487,1.18789,14511,2026-08-28T17:44:43+00:00
2020-11-08,2020/2021,West Bromwich Albion,Tottenham Hotspur,0,1,0.799352,1.87063,14513,2026-08-28T17:44:43+00:00
2020-11-21,2020/2021,Aston Villa,Brighton & Hove Albion,1,2,1.76514,1.50038,14515,2026-08-28T17:44:43+00:00
2020-11-21,2020/2021,Manchester United,West Bromwich Albion,1,0,2.42994,0.438646,14520,2026-08-28T17:44:43+00:00
2020-11-21,2020/2021,Newcastle United,Chelsea,0,2,0.368286,1.81923,14521,2026-08-28T17:44:43+00:00
2020-11-21,2020/2021,Tottenham Hotspur,Manchester City,2,0,0.761142,1.66325,14523,2026-08-28T17:44:43+00:00
2020-11-22,2020/2021,Fulham,Everton,2,3,1.87028,2.2508,14517,2026-08-28T17:44:43+00:00
2020-11-22,2020/2021,Leeds United,Arsenal,0,0,1.9617,0.710778,14518,2026-08-28T17:44:43+00:00
2020-11-22,2020/2021,Liverpool,Leicester City,3,0,3.77245,1.98397,14519,2026-08-28T17:44:43+00:00
2020-11-22,2020/2021,Sheffield United,West Ham United,0,1,0.692374,2.1142,14522,2026-08-28T17:44:43+00:00
2020-11-23,2020/2021,Burnley,Crystal Palace,1,0,1.75343,1.28331,14516,2026-08-28T17:44:43+00:00
2020-11-23,2020/2021,Wolverhampton Wanderers,Southampton,1,1,1.57479,1.0785,14524,2026-08-28T17:44:43+00:00
2020-11-27,2020/2021,Crystal Palace,Newcastle United,0,2,0.534893,1.27929,14530,2026-08-28T17:44:43+00:00
2020-11-28,2020/2021,West Bromwich Albion,Sheffield United,1,0,1.71644,3.36544,14527,2026-08-28T17:44:43+00:00
2020-11-28,2020/2021,Brighton & Hove Albion,Liverpool,1,1,2.30722,0.28109,14528,2026-08-28T17:44:43+00:00
2020-11-28,2020/2021,Everton,Leeds United,0,1,1.29229,3.11324,14531,2026-08-28T17:44:43+00:00
2020-11-28,2020/2021,Manchester City,Burnley,5,0,2.26129,0.419877,14533,2026-08-28T17:44:43+00:00
2020-11-29,2020/2021,Arsenal,Wolverhampton Wanderers,1,2,1.1185,2.0069,14525,2026-08-28T17:44:43+00:00
2020-11-29,2020/2021,Chelsea,Tottenham Hotspur,0,0,0.974755,0.22689,14529,2026-08-28T17:44:43+00:00
2020-11-29,2020/2021,Southampton,Manchester United,2,3,0.498783,2.47547,14534,2026-08-28T17:44:43+00:00
2020-11-30,2020/2021,West Ham United,Aston Villa,2,1,0.571633,2.39051,14526,2026-08-28T17:44:43+00:00
2020-11-30,2020/2021,Leicester City,Fulham,1,2,1.27814,2.03719,14532,2026-08-28T17:44:43+00:00
2020-12-05,2020/2021,Burnley,Everton,1,1,0.730434,2.28139,14537,2026-08-28T17:44:43+00:00
2020-12-05,2020/2021,Chelsea,Leeds United,3,1,4.89472,1.0277,14538,2026-08-28T17:44:43+00:00
2020-12-05,2020/2021,Manchester City,Fulham,2,0,3.26328,0.287444,14540,2026-08-28T17:44:43+00:00
2020-12-05,2020/2021,West Ham United,Manchester United,1,3,2.53006,1.78708,14544,2026-08-28T17:44:43+00:00
2020-12-06,2020/2021,Liverpool,Wolverhampton Wanderers,4,0,1.59454,0.357753,14539,2026-08-28T17:44:43+00:00
2020-12-06,2020/2021,Sheffield United,Leicester City,1,2,0.290743,1.3904,14541,2026-08-28T17:44:43+00:00
2020-12-06,2020/2021,Tottenham Hotspur,Arsenal,2,0,0.390629,0.595216,14542,2026-08-28T17:44:43+00:00
2020-12-06,2020/2021,West Bromwich Albion,Crystal Palace,1,5,0.567234,1.68656,14543,2026-08-28T17:44:43+00:00
2020-12-07,2020/2021,Brighton & Hove Albion,Southampton,1,2,2.03376,1.34801,14536,2026-08-28T17:44:43+00:00
2020-12-11,2020/2021,Leeds United,West Ham United,1,2,1.56644,1.7851,14548,2026-08-28T17:44:43+00:00
2020-12-12,2020/2021,Everton,Chelsea,1,0,1.2216,1.00627,14546,2026-08-28T17:44:43+00:00
2020-12-12,2020/2021,Manchester United,Manchester City,0,0,0.591617,1.28434,14549,2026-08-28T17:44:43+00:00
2020-12-12,2020/2021,Newcastle United,West Bromwich Albion,2,1,0.904163,0.57319,14550,2026-08-28T17:44:43+00:00
2020-12-12,2020/2021,Wolverhampton Wanderers,Aston Villa,0,1,1.1356,1.26872,14552,2026-08-28T17:44:43+00:00
2020-12-13,2020/2021,Crystal Palace,Tottenham Hotspur,1,1,1.84443,1.40792,14545,2026-08-28T17:44:43+00:00
2020-12-13,2020/2021,Fulham,Liverpool,1,1,1.72509,1.82445,14547,2026-08-28T17:44:43+00:00
2020-12-13,2020/2021,Southampton,Sheffield United,3,0,2.27973,0.219115,14551,2026-08-28T17:44:43+00:00
2020-12-13,2020/2021,Leicester City,Brighton & Hove Albion,3,0,1.64351,0.791673,14553,2026-08-28T17:44:43+00:00
2020-12-13,2020/2021,Arsenal,Burnley,0,1,1.85362,0.815375,14554,2026-08-28T17:44:43+00:00
2020-12-15,2020/2021,Wolverhampton Wanderers,Chelsea,2,1,0.683783,1.56772,14562,2026-08-28T17:44:43+00:00
2020-12-15,2020/2021,Manchester City,West Bromwich Albion,1,1,2.58593,0.210243,14564,2026-08-28T17:44:43+00:00
2020-12-16,2020/2021,Arsenal,Southampton,1,1,0.661135,1.11296,14555,2026-08-28T17:44:43+00:00
2020-12-16,2020/2021,Fulham,Brighton & Hove Albion,0,0,1.00448,0.462456,14557,2026-08-28T17:44:43+00:00
2020-12-16,2020/2021,Leeds United,Newcastle United,5,2,2.95137,1.44437,14558,2026-08-28T17:44:43+00:00
2020-12-16,2020/2021,Leicester City,Everton,0,2,0.83883,1.51486,14559,2026-08-28T17:44:43+00:00
2020-12-16,2020/2021,West Ham United,Crystal Palace,1,1,0.449469,1.09108,14561,2026-08-28T17:44:43+00:00
2020-12-16,2020/2021,Liverpool,Tottenham Hotspur,2,1,1.21783,1.5161,14563,2026-08-28T17:44:43+00:00
2020-12-17,2020/2021,Aston Villa,Burnley,0,0,1.81142,0.316737,14556,2026-08-28T17:44:43+00:00
2020-12-17,2020/2021,Sheffield United,Manchester United,2,3,1.23525,1.78667,14560,2026-08-28T17:44:43+00:00
2020-12-19,2020/2021,Crystal Palace,Liverpool,0,7,0.489318,2.86902,14568,2026-08-28T17:44:43+00:00
2020-12-19,2020/2021,Everton,Arsenal,2,1,0.661744,1.25206,14569,2026-08-28T17:44:43+00:00
2020-12-19,2020/2021,Newcastle United,Fulham,1,1,1.26725,1.10645,14571,2026-08-28T17:44:43+00:00
2020-12-19,2020/2021,Southampton,Manchester City,0,1,0.586972,1.15599,14572,2026-08-28T17:44:43+00:00
2020-12-20,2020/2021,Brighton & Hove Albion,Sheffield United,1,1,2.90097,1.03713,14565,2026-08-28T17:44:43+00:00
2020-12-20,2020/2021,Manchester United,Leeds United,6,2,4.77743,1.63467,14570,2026-08-28T17:44:43+00:00
2020-12-20,2020/2021,Tottenham Hotspur,Leicester City,0,2,0.945932,1.74772,14573,2026-08-28T17:44:43+00:00
2020-12-20,2020/2021,West Bromwich Albion,Aston Villa,0,3,0.0388442,2.61964,14574,2026-08-28T17:44:43+00:00
2020-12-21,2020/2021,Burnley,Wolverhampton Wanderers,2,1,1.20465,1.45722,14566,2026-08-28T17:44:43+00:00
2020-12-21,2020/2021,Chelsea,West Ham United,3,0,2.41157,0.277737,14567,2026-08-28T17:44:43+00:00
2020-12-26,2020/2021,Arsenal,Chelsea,3,1,1.94485,2.25414,14575,2026-08-28T17:44:43+00:00
2020-12-26,2020/2021,Aston Villa,Crystal Palace,3,0,4.58214,0.849086,14576,2026-08-28T17:44:43+00:00
2020-12-26,2020/2021,Fulham,Southampton,0,0,0.781855,0.119709,14577,2026-08-28T17:44:43+00:00
2020-12-26,2020/2021,Leicester City,Manchester United,2,2,1.0396,2.08423,14579,2026-08-28T17:44:43+00:00
2020-12-26,2020/2021,Manchester City,Newcastle United,2,0,3.19575,0.200953,14581,2026-08-28T17:44:43+00:00
2020-12-26,2020/2021,Sheffield United,Everton,0,1,1.25106,0.568803,14582,2026-08-28T17:44:43+00:00
2020-12-27,2020/2021,Leeds United,Burnley,1,0,2.13271,1.54591,14578,2026-08-28T17:44:43+00:00
2020-12-27,2020/2021,Liverpool,West Bromwich Albion,1,1,1.45485,0.739845,14580,2026-08-28T17:44:43+00:00
2020-12-27,2020/2021,West Ham United,Brighton & Hove Albion,2,2,1.38877,1.50551,14583,2026-08-28T17:44:43+00:00
2020-12-27,2020/2021,Wolverhampton Wanderers,Tottenham Hotspur,1,1,0.742598,0.408109,14584,2026-08-28T17:44:43+00:00
2020-12-28,2020/2021,Chelsea,Aston Villa,1,1,1.53701,0.730859,14586,2026-08-28T17:44:43+00:00
2020-12-28,2020/2021,Crystal Palace,Leicester City,1,1,0.321348,1.72132,14594,2026-08-28T17:44:43+00:00
2020-12-29,2020/2021,Brighton & Hove Albion,Arsenal,0,1,0.799368,1.31394,14585,2026-08-28T17:44:43+00:00
2020-12-29,2020/2021,Burnley,Sheffield United,1,0,0.973831,0.492578,14587,2026-08-28T17:44:43+00:00
2020-12-29,2020/2021,Southampton,West Ham United,0,0,0.670996,1.07246,14588,2026-08-28T17:44:43+00:00
2020-12-29,2020/2021,West Bromwich Albion,Leeds United,0,5,0.43551,1.54225,14590,2026-08-28T17:44:43+00:00
2020-12-29,2020/2021,Manchester United,Wolverhampton Wanderers,1,0,1.48207,0.411046,14592,2026-08-28T17:44:43+00:00
2020-12-30,2020/2021,Newcastle United,Liverpool,0,0,0.817935,1.32047,14591,2026-08-28T17:44:43+00:00
2021-01-01,2020/2021,Everton,West Ham United,0,1,0.371045,1.19713,14595,2026-08-28T17:44:43+00:00
2021-01-01,2020/2021,Manchester United,Aston Villa,2,1,2.46473,1.56434,14596,2026-08-28T17:44:43+00:00
2021-01-02,2020/2021,Tottenham Hotspur,Leeds United,3,0,2.5286,1.15626,14599,2026-08-28T17:44:43+00:00
2021-01-02,2020/2021,West Bromwich Albion,Arsenal,0,4,0.869874,4.03429,14600,2026-08-28T17:44:43+00:00
2021-01-02,2020/2021,Brighton & Hove Albion,Wolverhampton Wanderers,3,3,2.4228,1.81856,14601,2026-08-28T17:44:43+00:00
2021-01-02,2020/2021,Crystal Palace,Sheffield United,2,0,0.598888,0.323158,14604,2026-08-28T17:44:43+00:00
2021-01-03,2020/2021,Newcastle United,Leicester City,1,2,0.264584,0.702081,14597,2026-08-28T17:44:43+00:00
2021-01-03,2020/2021,Chelsea,Manchester City,1,3,0.691013,3.18063,14603,2026-08-28T17:44:43+00:00
2021-01-04,2020/2021,Southampton,Liverpool,1,0,0.500436,1.37204,14598,2026-08-28T17:44:43+00:00
2021-01-12,2020/2021,Burnley,Manchester United,0,1,0.648582,1.23996,14088,2026-08-28T17:44:43+00:00
2021-01-12,2020/2021,Sheffield United,Newcastle United,1,0,2.01315,1.04745,14610,2026-08-28T17:44:43+00:00
2021-01-12,2020/2021,Wolverhampton Wanderers,Everton,1,2,0.852495,0.323445,14612,2026-08-28T17:44:43+00:00
2021-01-13,2020/2021,Tottenham Hotspur,Fulham,1,1,3.14372,1.05329,14589,2026-08-28T17:44:43+00:00
2021-01-13,2020/2021,Manchester City,Brighton & Hove Albion,1,0,2.90855,0.177084,14614,2026-08-28T17:44:43+00:00
2021-01-14,2020/2021,Arsenal,Crystal Palace,0,0,0.368554,0.709634,14605,2026-08-28T17:44:43+00:00
2021-01-16,2020/2021,Fulham,Chelsea,0,1,0.46126,1.37939,14617,2026-08-28T17:44:43+00:00
2021-01-16,2020/2021,Leeds United,Brighton & Hove Albion,0,1,0.245193,1.14424,14618,2026-08-28T17:44:43+00:00
2021-01-16,2020/2021,Leicester City,Southampton,2,0,2.12019,0.378147,14619,2026-08-28T17:44:43+00:00
2021-01-16,2020/2021,West Ham United,Burnley,1,0,1.73397,0.395668,14623,2026-08-28T17:44:43+00:00
2021-01-16,2020/2021,Wolverhampton Wanderers,West Bromwich Albion,2,3,1.94358,2.46332,14624,2026-08-28T17:44:43+00:00
2021-01-17,2020/2021,Liverpool,Manchester United,0,0,1.20205,1.18929,14620,2026-08-28T17:44:43+00:00
2021-01-17,2020/2021,Manchester City,Crystal Palace,4,0,0.961088,0.0515836,14621,2026-08-28T17:44:43+00:00
2021-01-17,2020/2021,Sheffield United,Tottenham Hotspur,1,3,0.978133,1.28385,14622,2026-08-28T17:44:43+00:00
2021-01-18,2020/2021,Arsenal,Newcastle United,3,0,2.30744,0.168796,14615,2026-08-28T17:44:43+00:00
2021-01-19,2020/2021,Leicester City,Chelsea,2,0,1.1449,0.615727,14609,2026-08-28T17:44:43+00:00
2021-01-19,2020/2021,West Ham United,West Bromwich Albion,2,1,2.17512,0.464091,14611,2026-08-28T17:44:43+00:00
2021-01-20,2020/2021,Manchester City,Aston Villa,2,0,3.34385,0.601768,14089,2026-08-28T17:44:43+00:00
2021-01-20,2020/2021,Fulham,Manchester United,1,2,0.753669,1.68401,14607,2026-08-28T17:44:43+00:00
2021-01-21,2020/2021,Liverpool,Burnley,0,1,1.64907,1.08059,14613,2026-08-28T17:44:43+00:00
2021-01-23,2020/2021,Aston Villa,Newcastle United,2,0,2.6026,0.400364,14535,2026-08-28T17:44:43+00:00
2021-01-26,2020/2021,West Bromwich Albion,Manchester City,0,5,0.568258,2.24838,14629,2026-08-28T17:44:43+00:00
2021-01-26,2020/2021,Newcastle United,Leeds United,1,2,1.1364,0.785914,14631,2026-08-28T17:44:43+00:00
2021-01-26,2020/2021,Southampton,Arsenal,1,3,0.99504,2.4339,14632,2026-08-28T17:44:43+00:00
2021-01-26,2020/2021,Crystal Palace,West Ham United,2,3,0.629033,3.30321,14634,2026-08-28T17:44:43+00:00
2021-01-27,2020/2021,Brighton & Hove Albion,Fulham,0,0,2.29129,0.513226,14625,2026-08-28T17:44:43+00:00
2021-01-27,2020/2021,Burnley,Aston Villa,3,2,0.717681,2.70718,14626,2026-08-28T17:44:43+00:00
2021-01-27,2020/2021,Everton,Leicester City,1,1,0.474981,0.792045,14627,2026-08-28T17:44:43+00:00
2021-01-27,2020/2021,Manchester United,Sheffield United,1,2,0.9931,0.689548,14628,2026-08-28T17:44:43+00:00
2021-01-27,2020/2021,Chelsea,Wolverhampton Wanderers,0,0,0.663324,0.63192,14630,2026-08-28T17:44:43+00:00
2021-01-28,2020/2021,Tottenham Hotspur,Liverpool,1,3,0.104586,2.58798,14633,2026-08-28T17:44:43+00:00
2021-01-30,2020/2021,Arsenal,Manchester United,0,0,0.747166,1.51332,14635,2026-08-28T17:44:43+00:00
2021-01-30,2020/2021,Crystal Palace,Wolverhampton Wanderers,1,0,1.36877,0.450907,14638,2026-08-28T17:44:43+00:00
2021-01-30,2020/2021,West Bromwich Albion,Fulham,2,2,0.994664,1.52044,14640,2026-08-28T17:44:43+00:00
2021-01-30,2020/2021,Southampton,Aston Villa,0,1,2.22557,0.795508,14641,2026-08-28T17:44:43+00:00
2021-01-30,2020/2021,Manchester City,Sheffield United,1,0,1.53116,0.154537,14642,2026-08-28T17:44:43+00:00
2021-01-30,2020/2021,Everton,Newcastle United,0,2,0.966012,2.08832,14644,2026-08-28T17:44:43+00:00
2021-01-31,2020/2021,Brighton & Hove Albion,Tottenham Hotspur,1,0,1.77386,0.372524,14636,2026-08-28T17:44:43+00:00
2021-01-31,2020/2021,Chelsea,Burnley,2,0,1.4405,0.390714,14637,2026-08-28T17:44:43+00:00
2021-01-31,2020/2021,West Ham United,Liverpool,1,3,0.883061,2.05809,14639,2026-08-28T17:44:43+00:00
2021-01-31,2020/2021,Leicester City,Leeds United,1,3,1.73432,1.8141,14643,2026-08-28T17:44:43+00:00
2021-02-02,2020/2021,Sheffield United,West Bromwich Albion,2,1,1.35804,1.61871,14649,2026-08-28T17:44:43+00:00
2021-02-02,2020/2021,Wolverhampton Wanderers,Arsenal,2,1,1.56162,0.716265,14650,2026-08-28T17:44:43+00:00
2021-02-02,2020/2021,Manchester United,Southampton,9,0,5.0325,0.507893,14651,2026-08-28T17:44:43+00:00
2021-02-02,2020/2021,Newcastle United,Crystal Palace,1,2,1.90755,0.809312,14652,2026-08-28T17:44:43+00:00
2021-02-03,2020/2021,Aston Villa,West Ham United,1,3,0.741154,1.79064,14645,2026-08-28T17:44:43+00:00
2021-02-03,2020/2021,Burnley,Manchester City,0,2,0.0489155,2.12153,14646,2026-08-28T17:44:43+00:00
2021-02-03,2020/2021,Fulham,Leicester City,0,2,0.731288,1.71299,14647,2026-08-28T17:44:43+00:00
2021-02-03,2020/2021,Leeds United,Everton,1,2,1.14303,1.91539,14648,2026-08-28T17:44:43+00:00
2021-02-03,2020/2021,Liverpool,Brighton & Hove Albion,0,1,1.09518,1.18977,14654,2026-08-28T17:44:43+00:00
2021-02-04,2020/2021,Tottenham Hotspur,Chelsea,0,1,0.569446,2.393,14653,2026-08-28T17:44:43+00:00
2021-02-06,2020/2021,Aston Villa,Arsenal,1,0,1.19792,0.679649,14655,2026-08-28T17:44:43+00:00
2021-02-06,2020/2021,Burnley,Brighton & Hove Albion,1,1,1.88934,0.612682,14656,2026-08-28T17:44:43+00:00
2021-02-06,2020/2021,Fulham,West Ham United,0,0,1.60884,0.943539,14657,2026-08-28T17:44:43+00:00
2021-02-06,2020/2021,Manchester United,Everton,3,3,1.71769,1.5571,14660,2026-08-28T17:44:43+00:00
2021-02-06,2020/2021,Newcastle United,Southampton,3,2,0.910553,1.43445,14661,2026-08-28T17:44:43+00:00
2021-02-07,2020/2021,Liverpool,Manchester City,1,4,1.17728,3.55196,14659,2026-08-28T17:44:43+00:00
2021-02-07,2020/2021,Sheffield United,Chelsea,1,2,0.623045,1.64144,14662,2026-08-28T17:44:43+00:00
2021-02-07,2020/2021,Tottenham Hotspur,West Bromwich Albion,2,0,1.92997,0.698686,14663,2026-08-28T17:44:43+00:00
2021-02-07,2020/2021,Wolverhampton Wanderers,Leicester City,0,0,1.35506,0.632232,14664,2026-08-28T17:44:43+00:00
2021-02-08,2020/2021,Leeds United,Crystal Palace,2,0,2.64769,0.370278,14658,2026-08-28T17:44:43+00:00
2021-02-13,2020/2021,Brighton & Hove Albion,Aston Villa,0,0,2.33232,0.144036,14666,2026-08-28T17:44:43+00:00
2021-02-13,2020/2021,Crystal Palace,Burnley,0,3,0.645616,1.95502,14668,2026-08-28T17:44:43+00:00
2021-02-13,2020/2021,Leicester City,Liverpool,3,1,2.07383,1.68325,14670,2026-08-28T17:44:43+00:00
2021-02-13,2020/2021,Manchester City,Tottenham Hotspur,3,0,2.46219,0.4235,14671,2026-08-28T17:44:43+00:00
2021-02-14,2020/2021,Arsenal,Leeds United,4,2,2.50614,0.77074,14665,2026-08-28T17:44:43+00:00
2021-02-14,2020/2021,Everton,Fulham,0,2,0.314075,2.55085,14669,2026-08-28T17:44:43+00:00
2021-02-14,2020/2021,Southampton,Wolverhampton Wanderers,1,2,0.8536,1.09361,14672,2026-08-28T17:44:43+00:00
2021-02-14,2020/2021,West Bromwich Albion,Manchester United,1,1,0.945964,0.423885,14673,2026-08-28T17:44:43+00:00
2021-02-15,2020/2021,Chelsea,Newcastle United,2,0,2.5428,0.432603,14667,2026-08-28T17:44:43+00:00
2021-02-15,2020/2021,West Ham United,Sheffield United,3,0,2.32735,0.926652,14674,2026-08-28T17:44:43+00:00
2021-02-17,2020/2021,Everton,Manchester City,1,3,1.04664,1.23218,14593,2026-08-28T17:44:43+00:00
2021-02-17,2020/2021,Burnley,Fulham,1,1,1.20642,0.594471,14602,2026-08-28T17:44:43+00:00
2021-02-19,2020/2021,Wolverhampton Wanderers,Leeds United,1,0,0.592049,2.4793,14684,2026-08-28T17:44:43+00:00
2021-02-20,2020/2021,Burnley,West Bromwich Albion,0,0,0.535153,1.71922,14678,2026-08-28T17:44:43+00:00
2021-02-20,2020/2021,Fulham,Sheffield United,1,0,1.21006,0.977747,14679,2026-08-28T17:44:43+00:00
2021-02-20,2020/2021,Liverpool,Everton,0,2,1.54046,2.01468,14680,2026-08-28T17:44:43+00:00
2021-02-20,2020/2021,Southampton,Chelsea,1,1,0.496603,1.44849,14682,2026-08-28T17:44:43+00:00
2021-02-21,2020/2021,Arsenal,Manchester City,0,1,0.331188,2.08868,14675,2026-08-28T17:44:43+00:00
2021-02-21,2020/2021,Aston Villa,Leicester City,1,2,1.7084,1.23852,14676,2026-08-28T17:44:43+00:00
2021-02-21,2020/2021,Manchester United,Newcastle United,3,1,1.7256,0.341778,14681,2026-08-28T17:44:43+00:00
2021-02-21,2020/2021,West Ham United,Tottenham Hotspur,2,1,1.09246,0.770706,14683,2026-08-28T17:44:43+00:00
2021-02-22,2020/2021,Brighton & Hove Albion,Crystal Palace,1,2,2.59204,0.179886,14677,2026-08-28T17:44:43+00:00
2021-02-23,2020/2021,Leeds United,Southampton,3,0,1.84753,1.47981,14608,2026-08-28T17:44:43+00:00
2021-02-27,2020/2021,Newcastle United,Wolverhampton Wanderers,1,1,1.9519,1.27827,14688,2026-08-28T17:44:43+00:00
2021-02-27,2020/2021,Manchester City,West Ham United,2,1,0.760574,1.92892,14689,2026-08-28T17:44:43+00:00
2021-02-27,2020/2021,Leeds United,Aston Villa,0,1,1.00106,0.876255,14691,2026-08-28T17:44:43+00:00
2021-02-27,2020/2021,West Bromwich Albion,Brighton & Hove Albion,1,0,0.687091,3.12111,14692,2026-08-28T17:44:43+00:00
2021-02-28,2020/2021,Chelsea,Manchester United,0,0,1.17294,0.35954,14685,2026-08-28T17:44:43+00:00
2021-02-28,2020/2021,Crystal Palace,Fulham,0,0,0.0880148,0.813134,14687,2026-08-28T17:44:43+00:00
2021-02-28,2020/2021,Leicester City,Arsenal,1,3,0.533575,2.1065,14690,2026-08-28T17:44:43+00:00
2021-02-28,2020/2021,Tottenham Hotspur,Burnley,4,0,2.35788,0.603212,14693,2026-08-28T17:44:43+00:00
2021-02-28,2020/2021,Sheffield United,Liverpool,0,2,0.777149,2.80551,14694,2026-08-28T17:44:43+00:00
2021-03-01,2020/2021,Everton,Southampton,1,0,1.42054,0.665743,14686,2026-08-28T17:44:43+00:00
2021-03-02,2020/2021,Manchester City,Wolverhampton Wanderers,4,1,3.26196,0.318824,14720,2026-08-28T17:44:43+00:00
2021-03-03,2020/2021,Burnley,Leicester City,1,1,1.26793,1.24109,14716,2026-08-28T17:44:43+00:00
2021-03-03,2020/2021,Crystal Palace,Manchester United,0,0,0.742397,0.584016,14717,2026-08-28T17:44:43+00:00
2021-03-03,2020/2021,Sheffield United,Aston Villa,1,0,0.716254,1.44176,14721,2026-08-28T17:44:43+00:00
2021-03-04,2020/2021,Liverpool,Chelsea,0,1,0.247034,1.22635,14719,2026-08-28T17:44:43+00:00
2021-03-04,2020/2021,West Bromwich Albion,Everton,0,1,1.02038,1.40789,14723,2026-08-28T17:44:43+00:00
2021-03-04,2020/2021,Fulham,Tottenham Hotspur,0,1,1.1715,1.5519,14757,2026-08-28T17:44:43+00:00
2021-03-06,2020/2021,Aston Villa,Wolverhampton Wanderers,0,0,0.956392,2.15087,14695,2026-08-28T17:44:43+00:00
2021-03-06,2020/2021,Brighton & Hove Albion,Leicester City,1,2,0.75471,1.03801,14696,2026-08-28T17:44:43+00:00
2021-03-06,2020/2021,Burnley,Arsenal,1,1,1.10374,2.53692,14697,2026-08-28T17:44:43+00:00
2021-03-06,2020/2021,Sheffield United,Southampton,0,2,0.908155,2.37386,14701,2026-08-28T17:44:43+00:00
2021-03-07,2020/2021,Liverpool,Fulham,0,1,0.701764,1.37047,14699,2026-08-28T17:44:43+00:00
2021-03-07,2020/2021,Manchester City,Manchester United,0,2,1.27561,2.11411,14700,2026-08-28T17:44:43+00:00
2021-03-07,2020/2021,Tottenham Hotspur,Crystal Palace,4,1,2.24159,0.559383,14702,2026-08-28T17:44:43+00:00
2021-03-07,2020/2021,West Bromwich Albion,Newcastle United,0,0,1.46503,0.454577,14703,2026-08-28T17:44:43+00:00
2021-03-08,2020/2021,Chelsea,Everton,2,0,2.57224,0.270757,14698,2026-08-28T17:44:43+00:00
2021-03-08,2020/2021,West Ham United,Leeds United,2,0,2.37556,1.34971,14704,2026-08-28T17:44:43+00:00
2021-03-10,2020/2021,Manchester City,Southampton,5,2,3.10503,1.60561,14761,2026-08-28T17:44:43+00:00
2021-03-12,2020/2021,Newcastle United,Aston Villa,1,1,0.873171,0.748665,14712,2026-08-28T17:44:43+00:00
2021-03-13,2020/2021,Crystal Palace,West Bromwich Albion,1,0,1.30694,0.513439,14706,2026-08-28T17:44:43+00:00
2021-03-13,2020/2021,Everton,Burnley,1,2,1.69849,0.74852,14707,2026-08-28T17:44:43+00:00
2021-03-13,2020/2021,Fulham,Manchester City,0,3,0.449499,2.72578,14708,2026-08-28T17:44:43+00:00
2021-03-13,2020/2021,Leeds United,Chelsea,0,0,0.382957,0.971054,14709,2026-08-28T17:44:43+00:00
2021-03-14,2020/2021,Arsenal,Tottenham Hotspur,2,1,1.56529,0.705566,14705,2026-08-28T17:44:43+00:00
2021-03-14,2020/2021,Leicester City,Sheffield United,5,0,4.54571,0.0934777,14710,2026-08-28T17:44:43+00:00
2021-03-14,2020/2021,Manchester United,West Ham United,1,0,1.70128,0.463737,14711,2026-08-28T17:44:43+00:00
2021-03-14,2020/2021,Southampton,Brighton & Hove Albion,1,2,1.03495,0.895967,14713,2026-08-28T17:44:43+00:00
2021-03-15,2020/2021,Wolverhampton Wanderers,Liverpool,0,1,1.29175,1.0552,14714,2026-08-28T17:44:43+00:00
2021-03-19,2020/2021,Fulham,Leeds United,1,2,1.47498,1.40706,14718,2026-08-28T17:44:43+00:00
2021-03-20,2020/2021,Brighton & Hove Albion,Newcastle United,3,0,0.951921,0.100945,14715,2026-08-28T17:44:43+00:00
2021-03-21,2020/2021,Aston Villa,Tottenham Hotspur,0,2,0.439681,1.72011,14606,2026-08-28T17:44:43+00:00
2021-03-21,2020/2021,West Ham United,Arsenal,3,3,2.50629,1.35217,14724,2026-08-28T17:44:43+00:00
2021-04-03,2020/2021,Arsenal,Liverpool,0,3,0.161161,2.43732,14725,2026-08-28T17:44:43+00:00
2021-04-03,2020/2021,Chelsea,West Bromwich Albion,2,5,2.55917,1.38315,14727,2026-08-28T17:44:43+00:00
2021-04-03,2020/2021,Leeds United,Sheffield United,2,1,2.50597,0.867652,14729,2026-08-28T17:44:43+00:00
2021-04-03,2020/2021,Leicester City,Manchester City,0,2,0.284781,1.98438,14730,2026-08-28T17:44:43+00:00
2021-04-04,2020/2021,Aston Villa,Fulham,3,1,1.52229,1.52172,14726,2026-08-28T17:44:43+00:00
2021-04-04,2020/2021,Manchester United,Brighton & Hove Albion,2,1,1.73474,1.41071,14731,2026-08-28T17:44:43+00:00
2021-04-04,2020/2021,Newcastle United,Tottenham Hotspur,2,2,3.30098,2.43683,14732,2026-08-28T17:44:43+00:00
2021-04-04,2020/2021,Southampton,Burnley,3,2,2.40272,1.50285,14733,2026-08-28T17:44:43+00:00
2021-04-05,2020/2021,Everton,Crystal Palace,1,1,2.53386,0.603749,14728,2026-08-28T17:44:43+00:00
2021-04-05,2020/2021,Wolverhampton Wanderers,West Ham United,2,3,1.95649,1.59694,14734,2026-08-28T17:44:43+00:00
2021-04-09,2020/2021,Fulham,Wolverhampton Wanderers,0,1,0.733154,0.428134,14738,2026-08-28T17:44:43+00:00
2021-04-10,2020/2021,Crystal Palace,Chelsea,1,4,0.602167,3.85472,14737,2026-08-28T17:44:43+00:00
2021-04-10,2020/2021,Liverpool,Aston Villa,2,1,2.14592,0.760621,14739,2026-08-28T17:44:43+00:00
2021-04-10,2020/2021,Manchester City,Leeds United,1,2,1.98825,0.17525,14740,2026-08-28T17:44:43+00:00
2021-04-11,2020/2021,Burnley,Newcastle United,1,2,1.84262,1.34279,14736,2026-08-28T17:44:43+00:00
2021-04-11,2020/2021,Sheffield United,Arsenal,0,3,0.315121,1.93838,14741,2026-08-28T17:44:43+00:00
2021-04-11,2020/2021,Tottenham Hotspur,Manchester United,1,3,0.921801,2.09737,14742,2026-08-28T17:44:43+00:00
2021-04-11,2020/2021,West Ham United,Leicester City,3,2,1.02408,1.17188,14744,2026-08-28T17:44:43+00:00
2021-04-12,2020/2021,Brighton & Hove Albion,Everton,0,0,1.16465,0.306287,14735,2026-08-28T17:44:43+00:00
2021-04-12,2020/2021,West Bromwich Albion,Southampton,3,0,2.77089,1.5002,14743,2026-08-28T17:44:43+00:00
2021-04-16,2020/2021,Everton,Tottenham Hotspur,2,2,2.26022,1.4815,14748,2026-08-28T17:44:43+00:00
2021-04-17,2020/2021,Newcastle United,West Ham United,3,2,2.4314,2.06741,14752,2026-08-28T17:44:43+00:00
2021-04-17,2020/2021,Wolverhampton Wanderers,Sheffield United,1,0,1.22604,0.295925,14754,2026-08-28T17:44:43+00:00
2021-04-18,2020/2021,Arsenal,Fulham,1,1,2.85573,0.839128,14745,2026-08-28T17:44:43+00:00
2021-04-18,2020/2021,Manchester United,Burnley,3,1,2.87455,0.959804,14751,2026-08-28T17:44:43+00:00
2021-04-19,2020/2021,Leeds United,Liverpool,1,1,2.59719,1.60043,14749,2026-08-28T17:44:43+00:00
2021-04-20,2020/2021,Chelsea,Brighton & Hove Albion,0,0,0.807348,0.459568,14747,2026-08-28T17:44:43+00:00
2021-04-21,2020/2021,Tottenham Hotspur,Southampton,2,1,1.28824,1.06134,14722,2026-08-28T17:44:43+00:00
2021-04-21,2020/2021,Aston Villa,Manchester City,1,2,0.801733,1.5634,14746,2026-08-28T17:44:43+00:00
2021-04-22,2020/2021,Leicester City,West Bromwich Albion,3,0,2.6712,0.277126,14750,2026-08-28T17:44:43+00:00
2021-04-23,2020/2021,Arsenal,Everton,0,1,0.735767,0.529676,14755,2026-08-28T17:44:43+00:00
2021-04-24,2020/2021,Liverpool,Newcastle United,1,1,2.84708,0.860694,14760,2026-08-28T17:44:43+00:00
2021-04-24,2020/2021,Sheffield United,Brighton & Hove Albion,1,0,0.786324,2.06038,14762,2026-08-28T17:44:43+00:00
2021-04-24,2020/2021,West Ham United,Chelsea,0,1,0.267123,2.52059,14763,2026-08-28T17:44:43+00:00
2021-04-25,2020/2021,Aston Villa,West Bromwich Albion,2,2,2.65394,1.56764,14756,2026-08-28T17:44:43+00:00
2021-04-25,2020/2021,Leeds United,Manchester United,0,0,0.216834,1.11635,14758,2026-08-28T17:44:43+00:00
2021-04-25,2020/2021,Wolverhampton Wanderers,Burnley,0,4,0.351673,2.24049,14764,2026-08-28T17:44:43+00:00
2021-04-26,2020/2021,Leicester City,Crystal Palace,2,1,1.23419,0.723112,14759,2026-08-28T17:44:43+00:00
2021-04-30,2020/2021,Southampton,Leicester City,1,1,0.954057,2.51518,14772,2026-08-28T17:44:43+00:00
2021-05-01,2020/2021,Brighton & Hove Albion,Leeds United,2,0,2.52542,0.510874,14765,2026-08-28T17:44:43+00:00
2021-05-01,2020/2021,Chelsea,Fulham,2,0,1.8433,0.290042,14767,2026-08-28T17:44:43+00:00
2021-05-01,2020/2021,Crystal Palace,Manchester City,0,2,0.361866,2.04443,14768,2026-08-28T17:44:43+00:00
2021-05-01,2020/2021,Everton,Aston Villa,1,2,1.223,1.58811,14769,2026-08-28T17:44:43+00:00
2021-05-02,2020/2021,Newcastle United,Arsenal,0,2,0.172988,1.78751,14771,2026-08-28T17:44:43+00:00
2021-05-02,2020/2021,Tottenham Hotspur,Sheffield United,4,0,2.26016,0.469026,14773,2026-08-28T17:44:43+00:00
2021-05-03,2020/2021,Burnley,West Ham United,1,2,1.68312,2.42477,14766,2026-08-28T17:44:43+00:00
2021-05-03,2020/2021,West Bromwich Albion,Wolverhampton Wanderers,1,1,1.07133,0.844138,14774,2026-08-28T17:44:43+00:00
2021-05-07,2020/2021,Leicester City,Newcastle United,2,4,2.315,2.87261,14779,2026-08-28T17:44:43+00:00
2021-05-08,2020/2021,Leeds United,Tottenham Hotspur,3,1,2.55216,1.03384,14778,2026-08-28T17:44:43+00:00
2021-05-08,2020/2021,Liverpool,Southampton,2,0,2.26367,1.2289,14780,2026-08-28T17:44:43+00:00
2021-05-08,2020/2021,Manchester City,Chelsea,1,2,1.79168,0.619724,14781,2026-08-28T17:44:43+00:00
2021-05-08,2020/2021,Sheffield United,Crystal Palace,0,2,0.639325,2.25382,14782,2026-08-28T17:44:43+00:00
2021-05-09,2020/2021,Arsenal,West Bromwich Albion,3,1,1.07042,1.83076,14775,2026-08-28T17:44:43+00:00
2021-05-09,2020/2021,Aston Villa,Manchester United,1,3,0.565472,1.88793,14776,2026-08-28T17:44:43+00:00
2021-05-09,2020/2021,West Ham United,Everton,0,1,1.09704,1.56222,14783,2026-08-28T17:44:43+00:00
2021-05-09,2020/2021,Wolverhampton Wanderers,Brighton & Hove Albion,2,1,1.1199,0.27571,14784,2026-08-28T17:44:43+00:00
2021-05-10,2020/2021,Fulham,Burnley,0,2,0.778074,1.65831,14777,2026-08-28T17:44:43+00:00
2021-05-11,2020/2021,Southampton,Crystal Palace,3,1,1.58872,1.32586,14753,2026-08-28T17:44:43+00:00
2021-05-11,2020/2021,Manchester United,Leicester City,1,2,0.212874,0.991522,14788,2026-08-28T17:44:43+00:00
2021-05-12,2020/2021,Chelsea,Arsenal,0,1,1.56786,0.692043,14790,2026-08-28T17:44:43+00:00
2021-05-13,2020/2021,Aston Villa,Everton,0,0,0.558976,0.975408,14616,2026-08-28T17:44:43+00:00
2021-05-13,2020/2021,Manchester United,Liverpool,2,4,1.71328,2.938,14770,2026-08-28T17:44:43+00:00
2021-05-14,2020/2021,Newcastle United,Manchester City,3,4,2.18312,1.477,14791,2026-08-28T17:44:43+00:00
2021-05-15,2020/2021,Brighton & Hove Albion,West Ham United,1,1,0.922587,1.92378,14785,2026-08-28T17:44:43+00:00
2021-05-15,2020/2021,Burnley,Leeds United,0,4,1.41338,1.85654,14786,2026-08-28T17:44:43+00:00
2021-05-15,2020/2021,Southampton,Fulham,3,1,2.29146,0.875957,14792,2026-08-28T17:44:43+00:00
2021-05-16,2020/2021,Everton,Sheffield United,0,1,1.24609,1.391,14787,2026-08-28T17:44:43+00:00
2021-05-16,2020/2021,West Bromwich Albion,Liverpool,1,2,1.14202,2.07854,14789,2026-08-28T17:44:43+00:00
2021-05-16,2020/2021,Tottenham Hotspur,Wolverhampton Wanderers,2,0,3.13947,1.09206,14793,2026-08-28T17:44:43+00:00
2021-05-16,2020/2021,Crystal Palace,Aston Villa,3,2,1.95285,1.2303,14794,2026-08-28T17:44:43+00:00
2021-05-18,2020/2021,Brighton & Hove Albion,Manchester City,3,2,1.22824,1.07139,14795,2026-08-28T17:44:43+00:00
2021-05-18,2020/2021,Chelsea,Leicester City,2,1,2.86149,0.832596,14797,2026-08-28T17:44:43+00:00
2021-05-18,2020/2021,Manchester United,Fulham,1,1,0.92243,0.872643,14800,2026-08-28T17:44:43+00:00
2021-05-18,2020/2021,Southampton,Leeds United,0,2,1.3084,1.58132,14802,2026-08-28T17:44:43+00:00
2021-05-19,2020/2021,Burnley,Liverpool,0,3,0.837048,2.73316,14796,2026-08-28T17:44:43+00:00
2021-05-19,2020/2021,Crystal Palace,Arsenal,1,3,0.998377,1.7945,14798,2026-08-28T17:44:43+00:00
2021-05-19,2020/2021,Everton,Wolverhampton Wanderers,1,0,0.670997,0.265526,14799,2026-08-28T17:44:43+00:00
2021-05-19,2020/2021,Newcastle United,Sheffield United,1,0,1.82508,0.882242,14801,2026-08-28T17:44:43+00:00
2021-05-19,2020/2021,Tottenham Hotspur,Aston Villa,1,2,0.89279,1.63669,14803,2026-08-28T17:44:43+00:00
2021-05-19,2020/2021,West Bromwich Albion,West Ham United,1,3,1.10741,3.56991,14804,2026-08-28T17:44:43+00:00
2021-05-23,2020/2021,Arsenal,Brighton & Hove Albion,2,0,0.772904,0.193968,14805,2026-08-28T17:44:43+00:00
2021-05-23,2020/2021,Aston Villa,Chelsea,2,1,0.980413,3.43414,14806,2026-08-28T17:44:43+00:00
2021-05-23,2020/2021,Fulham,Newcastle United,0,2,0.98902,1.60157,14807,2026-08-28T17:44:43+00:00
2021-05-23,2020/2021,Leeds United,West Bromwich Albion,3,1,2.49009,1.02209,14808,2026-08-28T17:44:43+00:00
2021-05-23,2020/2021,Leicester City,Tottenham Hotspur,2,4,1.82554,1.85229,14809,2026-08-28T17:44:43+00:00
2021-05-23,2020/2021,Liverpool,Crystal Palace,2,0,2.20348,0.772317,14810,2026-08-28T17:44:43+00:00
2021-05-23,2020/2021,Manchester City,Everton,5,0,2.88355,1.07258,14811,2026-08-28T17:44:43+00:00
2021-05-23,2020/2021,Sheffield United,Burnley,1,0,0.420006,0.558508,14812,2026-08-28T17:44:43+00:00
2021-05-23,2020/2021,West Ham United,Southampton,3,0,1.98344,1.35179,14813,2026-08-28T17:44:43+00:00
2021-05-23,2020/2021,Wolverhampton Wanderers,Manchester United,1,2,0.701256,2.05229,14814,2026-08-28T17:44:43+00:00
2021-08-13,2021/2022,Brentford,Arsenal,2,0,1.88818,1.02385,16376,2026-08-28T17:44:43+00:00
2021-08-14,2021/2022,Manchester United,Leeds United,5,1,1.64248,0.568342,16377,2026-08-28T17:44:43+00:00
2021-08-14,2021/2022,Burnley,Brighton & Hove Albion,1,2,1.79548,1.6853,16378,2026-08-28T17:44:43+00:00
2021-08-14,2021/2022,Chelsea,Crystal Palace,3,0,1.18709,0.321701,16379,2026-08-28T17:44:43+00:00
2021-08-14,2021/2022,Everton,Southampton,3,1,2.38863,0.580601,16380,2026-08-28T17:44:43+00:00
2021-08-14,2021/2022,Leicester City,Wolverhampton Wanderers,1,0,0.668082,1.32714,16381,2026-08-28T17:44:43+00:00
2021-08-14,2021/2022,Watford,Aston Villa,3,2,1.35036,1.13718,16382,2026-08-28T17:44:43+00:00
2021-08-14,2021/2022,Norwich City,Liverpool,0,3,1.3333,1.78728,16383,2026-08-28T17:44:43+00:00
2021-08-15,2021/2022,Newcastle United,West Ham United,2,4,1.67926,3.00939,16384,2026-08-28T17:44:43+00:00
2021-08-15,2021/2022,Tottenham Hotspur,Manchester City,1,0,1.06014,2.10585,16385,2026-08-28T17:44:43+00:00
2021-08-21,2021/2022,Liverpool,Burnley,2,0,2.63945,0.690464,16386,2026-08-28T17:44:43+00:00
2021-08-21,2021/2022,Manchester City,Norwich City,5,0,2.43928,0.0250088,16387,2026-08-28T17:44:43+00:00
2021-08-21,2021/2022,Aston Villa,Newcastle United,2,0,1.18426,0.63163,16388,2026-08-28T17:44:43+00:00
2021-08-21,2021/2022,Crystal Palace,Brentford,0,0,0.606313,0.712439,16389,2026-08-28T17:44:43+00:00
2021-08-21,2021/2022,Leeds United,Everton,2,2,0.966093,1.85713,16390,2026-08-28T17:44:43+00:00
2021-08-21,2021/2022,Brighton & Hove Albion,Watford,2,0,1.77896,0.407224,16391,2026-08-28T17:44:43+00:00
2021-08-22,2021/2022,Southampton,Manchester United,1,1,0.587526,2.26173,16392,2026-08-28T17:44:43+00:00
2021-08-22,2021/2022,Wolverhampton Wanderers,Tottenham Hotspur,0,1,1.51127,1.72636,16393,2026-08-28T17:44:43+00:00
2021-08-22,2021/2022,Arsenal,Chelsea,0,2,0.630099,3.64132,16394,2026-08-28T17:44:43+00:00
2021-08-23,2021/2022,West Ham United,Leicester City,4,1,2.28613,0.62676,16395,2026-08-28T17:44:43+00:00
2021-08-28,2021/2022,Manchester City,Arsenal,5,0,4.47273,0.116805,16396,2026-08-28T17:44:43+00:00
2021-08-28,2021/2022,Newcastle United,Southampton,2,2,1.19077,3.46036,16397,2026-08-28T17:44:43+00:00
2021-08-28,2021/2022,Norwich City,Leicester City,1,2,1.44084,1.27371,16398,2026-08-28T17:44:43+00:00
2021-08-28,2021/2022,Aston Villa,Brentford,1,1,0.431464,1.13312,16399,2026-08-28T17:44:43+00:00
2021-08-28,2021/2022,Brighton & Hove Albion,Everton,0,2,0.701622,1.54868,16400,2026-08-28T17:44:43+00:00
2021-08-28,2021/2022,West Ham United,Crystal Palace,2,2,1.44748,1.67658,16401,2026-08-28T17:44:43+00:00
2021-08-28,2021/2022,Liverpool,Chelsea,1,1,2.08462,0.573638,16402,2026-08-28T17:44:43+00:00
2021-08-29,2021/2022,Burnley,Leeds United,1,1,1.71102,1.52078,16403,2026-08-28T17:44:43+00:00
2021-08-29,2021/2022,Tottenham Hotspur,Watford,1,0,0.920963,0.596016,16404,2026-08-28T17:44:43+00:00
2021-08-29,2021/2022,Wolverhampton Wanderers,Manchester United,0,1,1.79575,0.944083,16405,2026-08-28T17:44:43+00:00
2021-09-11,2021/2022,Crystal Palace,Tottenham Hotspur,3,0,2.89372,0.0775646,16406,2026-08-28T17:44:43+00:00
2021-09-11,2021/2022,Arsenal,Norwich City,1,0,2.68515,0.577292,16407,2026-08-28T17:44:43+00:00
2021-09-11,2021/2022,Brentford,Brighton & Hove Albion,0,1,0.729786,0.287902,16408,2026-08-28T17:44:43+00:00
2021-09-11,2021/2022,Leicester City,Manchester City,0,1,0.8001,2.75058,16409,2026-08-28T17:44:43+00:00
2021-09-11,2021/2022,Manchester United,Newcastle United,4,1,2.77326,0.622042,16410,2026-08-28T17:44:43+00:00
2021-09-11,2021/2022,Southampton,West Ham United,0,0,0.692135,0.725407,16411,2026-08-28T17:44:43+00:00
2021-09-11,2021/2022,Watford,Wolverhampton Wanderers,0,2,0.185407,2.55922,16412,2026-08-28T17:44:43+00:00
2021-09-11,2021/2022,Chelsea,Aston Villa,3,0,1.22153,1.17349,16413,2026-08-28T17:44:43+00:00
2021-09-12,2021/2022,Leeds United,Liverpool,0,3,0.652514,4.4016,16414,2026-08-28T17:44:43+00:00
2021-09-13,2021/2022,Everton,Burnley,3,1,1.80386,1.82061,16415,2026-08-28T17:44:43+00:00
2021-09-17,2021/2022,Newcastle United,Leeds United,1,1,1.17668,1.42995,16416,2026-08-28T17:44:43+00:00
2021-09-18,2021/2022,Wolverhampton Wanderers,Brentford,0,2,1.02316,2.32741,16417,2026-08-28T17:44:43+00:00
2021-09-18,2021/2022,Norwich City,Watford,1,3,0.782665,2.42487,16418,2026-08-28T17:44:43+00:00
2021-09-18,2021/2022,Burnley,Arsenal,0,1,0.775574,1.09928,16419,2026-08-28T17:44:43+00:00
2021-09-18,2021/2022,Liverpool,Crystal Palace,3,0,2.76793,0.644168,16420,2026-08-28T17:44:43+00:00
2021-09-18,2021/2022,Manchester City,Southampton,0,0,1.22451,0.490923,16421,2026-08-28T17:44:43+00:00
2021-09-18,2021/2022,Aston Villa,Everton,3,0,0.777716,0.755035,16422,2026-08-28T17:44:43+00:00
2021-09-19,2021/2022,Brighton & Hove Albion,Leicester City,2,1,1.47438,1.25373,16423,2026-08-28T17:44:43+00:00
2021-09-19,2021/2022,West Ham United,Manchester United,1,2,1.6671,1.8954,16424,2026-08-28T17:44:43+00:00
2021-09-19,2021/2022,Tottenham Hotspur,Chelsea,0,3,0.70567,2.5869,16425,2026-08-28T17:44:43+00:00
2021-09-25,2021/2022,Chelsea,Manchester City,0,1,0.194202,1.69244,16426,2026-08-28T17:44:43+00:00
2021-09-25,2021/2022,Watford,Newcastle United,1,1,0.904061,2.52338,16427,2026-08-28T17:44:43+00:00
2021-09-25,2021/2022,Everton,Norwich City,2,0,2.26681,0.800903,16428,2026-08-28T17:44:43+00:00
2021-09-25,2021/2022,Leeds United,West Ham United,1,2,1.1967,1.98962,16429,2026-08-28T17:44:43+00:00
2021-09-25,2021/2022,Leicester City,Burnley,2,2,2.16233,0.428866,16430,2026-08-28T17:44:43+00:00
2021-09-25,2021/2022,Manchester United,Aston Villa,0,1,1.9251,1.57249,16431,2026-08-28T17:44:43+00:00
2021-09-25,2021/2022,Brentford,Liverpool,3,3,2.94058,2.25736,16432,2026-08-28T17:44:43+00:00
2021-09-26,2021/2022,Southampton,Wolverhampton Wanderers,0,1,0.909342,0.909833,16433,2026-08-28T17:44:43+00:00
2021-09-26,2021/2022,Arsenal,Tottenham Hotspur,3,1,1.44499,0.980166,16434,2026-08-28T17:44:43+00:00
2021-09-27,2021/2022,Crystal Palace,Brighton & Hove Albion,1,1,1.36836,0.649566,16435,2026-08-28T17:44:43+00:00
2021-10-02,2021/2022,Brighton & Hove Albion,Arsenal,0,0,1.11551,0.36431,16436,2026-08-28T17:44:43+00:00
2021-10-02,2021/2022,Burnley,Norwich City,0,0,0.584725,0.673617,16437,2026-08-28T17:44:43+00:00
2021-10-02,2021/2022,Chelsea,Southampton,3,1,3.79243,1.52634,16438,2026-08-28T17:44:43+00:00
2021-10-02,2021/2022,Leeds United,Watford,1,0,1.57388,0.192794,16440,2026-08-28T17:44:43+00:00
2021-10-02,2021/2022,Manchester United,Everton,1,1,1.0496,1.32211,16442,2026-08-28T17:44:43+00:00
2021-10-02,2021/2022,Wolverhampton Wanderers,Newcastle United,2,1,1.15849,0.865217,16445,2026-08-28T17:44:43+00:00
2021-10-03,2021/2022,Crystal Palace,Leicester City,2,2,1.1703,1.04322,16439,2026-08-28T17:44:43+00:00
2021-10-03,2021/2022,Liverpool,Manchester City,2,2,0.949368,1.04319,16441,2026-08-28T17:44:43+00:00
2021-10-03,2021/2022,Tottenham Hotspur,Aston Villa,2,1,1.78187,1.07395,16443,2026-08-28T17:44:43+00:00
2021-10-03,2021/2022,West Ham United,Brentford,1,2,1.37258,1.30098,16444,2026-08-28T17:44:43+00:00
2021-10-16,2021/2022,Aston Villa,Wolverhampton Wanderers,2,3,1.21276,2.19633,16447,2026-08-28T17:44:43+00:00
2021-10-16,2021/2022,Brentford,Chelsea,0,1,1.62169,0.248256,16448,2026-08-28T17:44:43+00:00
2021-10-16,2021/2022,Leicester City,Manchester United,4,2,2.96611,1.02494,16450,2026-08-28T17:44:43+00:00
2021-10-16,2021/2022,Manchester City,Burnley,2,0,2.15712,1.07719,16451,2026-08-28T17:44:43+00:00
2021-10-16,2021/2022,Norwich City,Brighton & Hove Albion,0,0,1.16088,1.17572,16453,2026-08-28T17:44:43+00:00
2021-10-16,2021/2022,Southampton,Leeds United,1,0,1.83082,0.446173,16454,2026-08-28T17:44:43+00:00
2021-10-16,2021/2022,Watford,Liverpool,0,5,0.302302,3.65553,16455,2026-08-28T17:44:43+00:00
2021-10-17,2021/2022,Everton,West Ham United,0,1,0.854165,2.03034,16449,2026-08-28T17:44:43+00:00
2021-10-17,2021/2022,Newcastle United,Tottenham Hotspur,2,3,0.645658,1.55008,16452,2026-08-28T17:44:43+00:00
2021-10-18,2021/2022,Arsenal,Crystal Palace,2,2,1.7436,0.492239,16446,2026-08-28T17:44:43+00:00
2021-10-22,2021/2022,Arsenal,Aston Villa,3,1,3.4984,1.41088,16456,2026-08-28T17:44:43+00:00
2021-10-23,2021/2022,Brighton & Hove Albion,Manchester City,1,4,1.1695,3.57376,16458,2026-08-28T17:44:43+00:00
2021-10-23,2021/2022,Chelsea,Norwich City,7,0,3.10509,0.267429,16459,2026-08-28T17:44:43+00:00
2021-10-23,2021/2022,Crystal Palace,Newcastle United,1,1,2.25588,0.721813,16460,2026-08-28T17:44:43+00:00
2021-10-23,2021/2022,Everton,Watford,2,5,1.84089,3.10344,16461,2026-08-28T17:44:43+00:00
2021-10-23,2021/2022,Leeds United,Wolverhampton Wanderers,1,1,1.71313,0.858644,16462,2026-08-28T17:44:43+00:00
2021-10-23,2021/2022,Southampton,Burnley,2,2,1.42567,0.673195,16464,2026-08-28T17:44:43+00:00
2021-10-24,2021/2022,Brentford,Leicester City,1,2,1.16789,1.00254,16457,2026-08-28T17:44:43+00:00
2021-10-24,2021/2022,Manchester United,Liverpool,0,5,1.35584,4.04765,16463,2026-08-28T17:44:43+00:00
2021-10-24,2021/2022,West Ham United,Tottenham Hotspur,1,0,1.73468,0.672198,16465,2026-08-28T17:44:43+00:00
2021-10-30,2021/2022,Burnley,Brentford,3,1,2.72901,0.834312,16467,2026-08-28T17:44:43+00:00
2021-10-30,2021/2022,Leicester City,Arsenal,0,2,1.98801,1.10288,16468,2026-08-28T17:44:43+00:00
2021-10-30,2021/2022,Liverpool,Brighton & Hove Albion,2,2,1.39778,1.51032,16469,2026-08-28T17:44:43+00:00
2021-10-30,2021/2022,Manchester City,Crystal Palace,0,2,0.65739,1.05029,16470,2026-08-28T17:44:43+00:00
2021-10-30,2021/2022,Newcastle United,Chelsea,0,3,0.157616,2.16608,16471,2026-08-28T17:44:43+00:00
2021-10-30,2021/2022,Tottenham Hotspur,Manchester United,0,3,1.15787,1.38612,16473,2026-08-28T17:44:43+00:00
2021-10-30,2021/2022,Watford,Southampton,0,1,0.852556,1.90757,16474,2026-08-28T17:44:43+00:00
2021-10-31,2021/2022,Aston Villa,West Ham United,1,4,0.687551,2.66391,16466,2026-08-28T17:44:43+00:00
2021-10-31,2021/2022,Norwich City,Leeds United,1,2,0.661887,1.16855,16472,2026-08-28T17:44:43+00:00
2021-11-01,2021/2022,Wolverhampton Wanderers,Everton,2,1,1.69344,1.69767,16475,2026-08-28T17:44:43+00:00
2021-11-05,2021/2022,Southampton,Aston Villa,1,0,0.89818,0.536077,16484,2026-08-28T17:44:43+00:00
2021-11-06,2021/2022,Brentford,Norwich City,1,2,2.79229,1.15797,16477,2026-08-28T17:44:43+00:00
2021-11-06,2021/2022,Brighton & Hove Albion,Newcastle United,1,1,1.43123,0.227321,16478,2026-08-28T17:44:43+00:00
2021-11-06,2021/2022,Chelsea,Burnley,1,1,3.00585,0.674072,16479,2026-08-28T17:44:43+00:00
2021-11-06,2021/2022,Crystal Palace,Wolverhampton Wanderers,2,0,2.65161,0.25416,16480,2026-08-28T17:44:43+00:00
2021-11-06,2021/2022,Manchester United,Manchester City,0,2,0.759561,2.04202,16483,2026-08-28T17:44:43+00:00
2021-11-07,2021/2022,Arsenal,Watford,1,0,1.49208,0.491659,16476,2026-08-28T17:44:43+00:00
2021-11-07,2021/2022,Everton,Tottenham Hotspur,0,0,0.597906,0.801798,16481,2026-08-28T17:44:43+00:00
2021-11-07,2021/2022,Leeds United,Leicester City,1,1,1.96551,0.795292,16482,2026-08-28T17:44:43+00:00
2021-11-07,2021/2022,West Ham United,Liverpool,3,2,1.25298,1.45641,16485,2026-08-28T17:44:43+00:00
2021-11-20,2021/2022,Aston Villa,Brighton & Hove Albion,2,0,1.06946,0.582787,16486,2026-08-28T17:44:43+00:00
2021-11-20,2021/2022,Burnley,Crystal Palace,3,3,1.04224,1.74839,16487,2026-08-28T17:44:43+00:00
2021-11-20,2021/2022,Leicester City,Chelsea,0,3,0.499504,2.57178,16488,2026-08-28T17:44:43+00:00
2021-11-20,2021/2022,Liverpool,Arsenal,4,0,3.97374,0.268025,16489,2026-08-28T17:44:43+00:00
2021-11-20,2021/2022,Newcastle United,Brentford,3,3,2.18388,1.23275,16491,2026-08-28T17:44:43+00:00
2021-11-20,2021/2022,Norwich City,Southampton,2,1,0.43778,1.13118,16492,2026-08-28T17:44:43+00:00
2021-11-20,2021/2022,Watford,Manchester United,4,1,2.73393,1.66794,16494,2026-08-28T17:44:43+00:00
2021-11-20,2021/2022,Wolverhampton Wanderers,West Ham United,1,0,1.31903,0.436331,16495,2026-08-28T17:44:43+00:00
2021-11-21,2021/2022,Manchester City,Everton,3,0,2.61302,0.266894,16490,2026-08-28T17:44:43+00:00
2021-11-21,2021/2022,Tottenham Hotspur,Leeds United,2,1,2.31744,1.46689,16493,2026-08-28T17:44:43+00:00
2021-11-27,2021/2022,Arsenal,Newcastle United,2,0,2.84493,0.185383,16496,2026-08-28T17:44:43+00:00
2021-11-27,2021/2022,Brighton & Hove Albion,Leeds United,0,0,1.90498,0.864829,16498,2026-08-28T17:44:43+00:00
2021-11-27,2021/2022,Crystal Palace,Aston Villa,1,2,0.962129,0.454305,16501,2026-08-28T17:44:43+00:00
2021-11-27,2021/2022,Liverpool,Southampton,4,0,3.07278,0.966132,16503,2026-08-28T17:44:43+00:00
2021-11-27,2021/2022,Norwich City,Wolverhampton Wanderers,0,0,1.4047,0.297157,16505,2026-08-28T17:44:43+00:00
2021-11-28,2021/2022,Brentford,Everton,1,0,1.19813,0.968075,16497,2026-08-28T17:44:43+00:00
2021-11-28,2021/2022,Chelsea,Manchester United,1,1,2.34525,0.563367,16500,2026-08-28T17:44:43+00:00
2021-11-28,2021/2022,Leicester City,Watford,4,2,2.16027,2.38383,16502,2026-08-28T17:44:43+00:00
2021-11-28,2021/2022,Manchester City,West Ham United,2,1,2.72187,0.171763,16504,2026-08-28T17:44:43+00:00
2021-11-30,2021/2022,Leeds United,Crystal Palace,1,0,1.9818,0.707328,16508,2026-08-28T17:44:43+00:00
2021-11-30,2021/2022,Newcastle United,Norwich City,1,1,1.15636,1.51084,16513,2026-08-28T17:44:43+00:00
2021-12-01,2021/2022,Aston Villa,Manchester City,1,2,0.772083,1.01897,16506,2026-08-28T17:44:43+00:00
2021-12-01,2021/2022,Everton,Liverpool,1,4,0.512263,2.86067,16507,2026-08-28T17:44:43+00:00
2021-12-01,2021/2022,Watford,Chelsea,1,2,0.990877,0.908574,16509,2026-08-28T17:44:43+00:00
2021-12-01,2021/2022,West Ham United,Brighton & Hove Albion,1,1,1.14679,1.2607,16510,2026-08-28T17:44:43+00:00
2021-12-01,2021/2022,Wolverhampton Wanderers,Burnley,0,0,0.711691,0.195537,16511,2026-08-28T17:44:43+00:00
2021-12-01,2021/2022,Southampton,Leicester City,2,2,1.91169,1.4401,16514,2026-08-28T17:44:43+00:00
2021-12-02,2021/2022,Manchester United,Arsenal,3,2,1.85597,1.16638,16512,2026-08-28T17:44:43+00:00
2021-12-02,2021/2022,Tottenham Hotspur,Brentford,2,0,2.07248,0.225492,16515,2026-08-28T17:44:43+00:00
2021-12-04,2021/2022,Newcastle United,Burnley,1,0,1.70609,0.604599,16520,2026-08-28T17:44:43+00:00
2021-12-04,2021/2022,Southampton,Brighton & Hove Albion,1,1,1.34236,1.4872,16521,2026-08-28T17:44:43+00:00
2021-12-04,2021/2022,Watford,Manchester City,1,3,0.675105,4.03223,16523,2026-08-28T17:44:43+00:00
2021-12-04,2021/2022,West Ham United,Chelsea,3,2,2.0174,1.37049,16524,2026-08-28T17:44:43+00:00
2021-12-04,2021/2022,Wolverhampton Wanderers,Liverpool,0,1,0.095167,2.42332,16525,2026-08-28T17:44:43+00:00
2021-12-05,2021/2022,Aston Villa,Leicester City,2,1,1.84818,0.982614,16516,2026-08-28T17:44:43+00:00
2021-12-05,2021/2022,Leeds United,Brentford,2,2,1.41896,1.19959,16518,2026-08-28T17:44:43+00:00
2021-12-05,2021/2022,Manchester United,Crystal Palace,1,0,0.870376,0.520593,16519,2026-08-28T17:44:43+00:00
2021-12-05,2021/2022,Tottenham Hotspur,Norwich City,3,0,2.00668,1.06562,16522,2026-08-28T17:44:43+00:00
2021-12-06,2021/2022,Everton,Arsenal,2,1,1.06108,1.05723,16517,2026-08-28T17:44:43+00:00
2021-12-10,2021/2022,Brentford,Watford,2,1,1.82799,0.561554,16527,2026-08-28T17:44:43+00:00
2021-12-11,2021/2022,Arsenal,Southampton,3,0,2.08429,0.502215,16526,2026-08-28T17:44:43+00:00
2021-12-11,2021/2022,Chelsea,Leeds United,3,2,2.74844,1.72934,16530,2026-08-28T17:44:43+00:00
2021-12-11,2021/2022,Liverpool,Aston Villa,1,0,2.71181,0.140573,16533,2026-08-28T17:44:43+00:00
2021-12-11,2021/2022,Manchester City,Wolverhampton Wanderers,1,0,2.99915,0.0762839,16534,2026-08-28T17:44:43+00:00
2021-12-11,2021/2022,Norwich City,Manchester United,0,1,0.986107,2.09817,16535,2026-08-28T17:44:43+00:00
2021-12-12,2021/2022,Burnley,West Ham United,0,0,0.54801,0.998813,16529,2026-08-28T17:44:43+00:00
2021-12-12,2021/2022,Crystal Palace,Everton,3,1,2.09864,1.27556,16531,2026-08-28T17:44:43+00:00
2021-12-12,2021/2022,Leicester City,Newcastle United,4,0,2.05771,0.511934,16532,2026-08-28T17:44:43+00:00
2021-12-14,2021/2022,Norwich City,Aston Villa,0,2,0.502647,1.96261,16541,2026-08-28T17:44:43+00:00
2021-12-14,2021/2022,Manchester City,Leeds United,7,0,3.31349,0.227498,16545,2026-08-28T17:44:43+00:00
2021-12-15,2021/2022,Arsenal,West Ham United,2,0,2.81482,0.338855,16536,2026-08-28T17:44:43+00:00
2021-12-15,2021/2022,Brighton & Hove Albion,Wolverhampton Wanderers,0,1,1.20118,1.11736,16538,2026-08-28T17:44:43+00:00
2021-12-15,2021/2022,Crystal Palace,Southampton,2,2,1.49244,0.625183,16542,2026-08-28T17:44:43+00:00
2021-12-16,2021/2022,Chelsea,Everton,1,1,3.20239,0.627528,16543,2026-08-28T17:44:43+00:00
2021-12-16,2021/2022,Liverpool,Newcastle United,3,1,2.93912,0.2064,16544,2026-08-28T17:44:43+00:00
2021-12-18,2021/2022,Leeds United,Arsenal,1,4,1.31408,3.69008,16548,2026-08-28T17:44:43+00:00
2021-12-19,2021/2022,Newcastle United,Manchester City,0,4,0.174208,3.64686,16550,2026-08-28T17:44:43+00:00
2021-12-19,2021/2022,Tottenham Hotspur,Liverpool,2,2,2.79777,1.54944,16552,2026-08-28T17:44:43+00:00
2021-12-19,2021/2022,Wolverhampton Wanderers,Chelsea,0,0,0.321371,0.793952,16555,2026-08-28T17:44:43+00:00
2021-12-26,2021/2022,Aston Villa,Chelsea,1,3,0.474029,2.8285,16556,2026-08-28T17:44:43+00:00
2021-12-26,2021/2022,Brighton & Hove Albion,Brentford,2,0,0.943363,1.10342,16557,2026-08-28T17:44:43+00:00
2021-12-26,2021/2022,Manchester City,Leicester City,6,3,3.82869,2.43425,16560,2026-08-28T17:44:43+00:00
2021-12-26,2021/2022,Norwich City,Arsenal,0,5,0.154212,2.87539,16562,2026-08-28T17:44:43+00:00
2021-12-26,2021/2022,Tottenham Hotspur,Crystal Palace,3,0,2.82148,0.178324,16563,2026-08-28T17:44:43+00:00
2021-12-26,2021/2022,West Ham United,Southampton,2,3,1.53745,1.35643,16564,2026-08-28T17:44:43+00:00
2021-12-27,2021/2022,Newcastle United,Manchester United,1,1,1.26586,1.75587,16561,2026-08-28T17:44:43+00:00
2021-12-28,2021/2022,Watford,West Ham United,1,4,1.0143,2.84084,16569,2026-08-28T17:44:43+00:00
2021-12-28,2021/2022,Crystal Palace,Norwich City,3,0,2.38978,0.594134,16570,2026-08-28T17:44:43+00:00
2021-12-28,2021/2022,Leicester City,Liverpool,1,0,0.615892,2.72682,16573,2026-08-28T17:44:43+00:00
2021-12-28,2021/2022,Southampton,Tottenham Hotspur,1,1,0.353043,2.80917,16575,2026-08-28T17:44:43+00:00
2021-12-29,2021/2022,Brentford,Manchester City,0,1,0.238829,1.01763,16567,2026-08-28T17:44:43+00:00
2021-12-29,2021/2022,Chelsea,Brighton & Hove Albion,1,1,0.763458,0.78663,16568,2026-08-28T17:44:43+00:00
2021-12-30,2021/2022,Manchester United,Burnley,3,1,1.80776,0.871738,16574,2026-08-28T17:44:43+00:00
2022-01-01,2021/2022,Arsenal,Manchester City,1,2,0.836949,1.94623,16576,2026-08-28T17:44:43+00:00
2022-01-01,2021/2022,Crystal Palace,West Ham United,2,3,2.69204,2.23146,16579,2026-08-28T17:44:43+00:00
2022-01-01,2021/2022,Watford,Tottenham Hotspur,0,1,0.303514,1.93752,16585,2026-08-28T17:44:43+00:00
2022-01-02,2021/2022,Brentford,Aston Villa,2,1,0.501329,1.13821,16577,2026-08-28T17:44:43+00:00
2022-01-02,2021/2022,Chelsea,Liverpool,2,2,1.389,1.78897,16578,2026-08-28T17:44:43+00:00
2022-01-02,2021/2022,Everton,Brighton & Hove Albion,2,3,1.82698,1.48397,16580,2026-08-28T17:44:43+00:00
2022-01-02,2021/2022,Leeds United,Burnley,3,1,2.04186,0.960493,16581,2026-08-28T17:44:43+00:00
2022-01-03,2021/2022,Manchester United,Wolverhampton Wanderers,0,1,0.768752,0.840925,16583,2026-08-28T17:44:43+00:00
2022-01-11,2021/2022,Southampton,Brentford,4,1,1.59306,0.621466,16551,2026-08-28T17:44:43+00:00
2022-01-12,2021/2022,West Ham United,Norwich City,2,0,2.89217,0.343347,16554,2026-08-28T17:44:43+00:00
2022-01-14,2021/2022,Brighton & Hove Albion,Crystal Palace,1,1,2.18053,0.509681,16587,2026-08-28T17:44:43+00:00
2022-01-15,2021/2022,Aston Villa,Manchester United,2,2,1.82784,1.35378,16586,2026-08-28T17:44:43+00:00
2022-01-15,2021/2022,Manchester City,Chelsea,1,0,0.901703,0.613757,16590,2026-08-28T17:44:43+00:00
2022-01-15,2021/2022,Newcastle United,Watford,1,1,1.03855,1.49623,16591,2026-08-28T17:44:43+00:00
2022-01-15,2021/2022,Norwich City,Everton,2,1,1.00153,0.541027,16592,2026-08-28T17:44:43+00:00
2022-01-15,2021/2022,Wolverhampton Wanderers,Southampton,3,1,2.29917,0.91728,16595,2026-08-28T17:44:43+00:00
2022-01-16,2021/2022,Liverpool,Brentford,3,0,3.49099,0.376656,16589,2026-08-28T17:44:43+00:00
2022-01-16,2021/2022,West Ham United,Leeds United,2,3,2.3549,2.26884,16594,2026-08-28T17:44:43+00:00
2022-01-18,2021/2022,Brighton & Hove Albion,Chelsea,1,1,0.747557,0.572994,16607,2026-08-28T17:44:43+00:00
2022-01-19,2021/2022,Brentford,Manchester United,1,3,2.081,2.05969,16537,2026-08-28T17:44:43+00:00
2022-01-19,2021/2022,Leicester City,Tottenham Hotspur,2,3,1.95031,4.24711,16540,2026-08-28T17:44:43+00:00
2022-01-21,2021/2022,Watford,Norwich City,0,3,1.30606,0.925212,16605,2026-08-28T17:44:43+00:00
2022-01-22,2021/2022,Brentford,Wolverhampton Wanderers,1,2,0.742573,0.218211,16597,2026-08-28T17:44:43+00:00
2022-01-22,2021/2022,Everton,Aston Villa,0,1,1.2384,0.860245,16600,2026-08-28T17:44:43+00:00
2022-01-22,2021/2022,Leeds United,Newcastle United,0,1,1.12992,1.15904,16601,2026-08-28T17:44:43+00:00
2022-01-22,2021/2022,Manchester United,West Ham United,1,0,1.75857,0.238027,16603,2026-08-28T17:44:43+00:00
2022-01-22,2021/2022,Southampton,Manchester City,1,1,1.00222,1.62907,16604,2026-08-28T17:44:43+00:00
2022-01-23,2021/2022,Arsenal,Burnley,0,0,1.35507,0.388963,16596,2026-08-28T17:44:43+00:00
2022-01-23,2021/2022,Chelsea,Tottenham Hotspur,2,0,1.04212,0.328818,16598,2026-08-28T17:44:43+00:00
2022-01-23,2021/2022,Crystal Palace,Liverpool,1,3,1.62615,1.49697,16599,2026-08-28T17:44:43+00:00
2022-01-23,2021/2022,Leicester City,Brighton & Hove Albion,1,1,1.70979,1.19738,16602,2026-08-28T17:44:43+00:00
2022-02-05,2021/2022,Burnley,Watford,0,0,0.765905,0.933965,16539,2026-08-28T17:44:43+00:00
2022-02-08,2021/2022,Burnley,Manchester United,1,1,0.772721,1.83387,16608,2026-08-28T17:44:43+00:00
2022-02-08,2021/2022,West Ham United,Watford,1,0,0.905143,0.335474,16610,2026-08-28T17:44:43+00:00
2022-02-08,2021/2022,Newcastle United,Everton,3,1,2.68732,0.823607,16612,2026-08-28T17:44:43+00:00
2022-02-09,2021/2022,Aston Villa,Leeds United,3,3,1.5013,2.52914,16606,2026-08-28T17:44:43+00:00
2022-02-09,2021/2022,Norwich City,Crystal Palace,1,1,0.296411,1.22883,16609,2026-08-28T17:44:43+00:00
2022-02-09,2021/2022,Tottenham Hotspur,Southampton,2,3,1.74286,1.73293,16613,2026-08-28T17:44:43+00:00
2022-02-09,2021/2022,Manchester City,Brentford,2,0,1.98246,0.461305,16615,2026-08-28T17:44:43+00:00
2022-02-10,2021/2022,Wolverhampton Wanderers,Arsenal,0,1,0.641359,1.45247,16611,2026-08-28T17:44:43+00:00
2022-02-10,2021/2022,Liverpool,Leicester City,2,0,2.72997,0.544954,16614,2026-08-28T17:44:43+00:00
2022-02-12,2021/2022,Brentford,Crystal Palace,0,0,1.97576,0.49802,16616,2026-08-28T17:44:43+00:00
2022-02-12,2021/2022,Everton,Leeds United,3,0,2.58561,0.242668,16619,2026-08-28T17:44:43+00:00
2022-02-12,2021/2022,Manchester United,Southampton,1,1,2.99207,0.677386,16621,2026-08-28T17:44:43+00:00
2022-02-12,2021/2022,Norwich City,Manchester City,0,4,0.356755,4.44653,16623,2026-08-28T17:44:43+00:00
2022-02-12,2021/2022,Watford,Brighton & Hove Albion,0,2,0.532979,1.80456,16625,2026-08-28T17:44:43+00:00
2022-02-13,2021/2022,Burnley,Liverpool,0,1,1.16081,1.95722,16617,2026-08-28T17:44:43+00:00
2022-02-13,2021/2022,Leicester City,West Ham United,2,2,1.40693,0.745068,16620,2026-08-28T17:44:43+00:00
2022-02-13,2021/2022,Newcastle United,Aston Villa,1,0,0.527571,0.455206,16622,2026-08-28T17:44:43+00:00
2022-02-13,2021/2022,Tottenham Hotspur,Wolverhampton Wanderers,0,2,0.838197,1.87026,16624,2026-08-28T17:44:43+00:00
2022-02-15,2021/2022,Manchester United,Brighton & Hove Albion,2,0,2.74936,1.26179,16549,2026-08-28T17:44:43+00:00
2022-02-19,2021/2022,Arsenal,Brentford,2,1,1.52247,0.640726,16626,2026-08-28T17:44:43+00:00
2022-02-19,2021/2022,Aston Villa,Watford,0,1,1.0267,1.82051,16627,2026-08-28T17:44:43+00:00
2022-02-19,2021/2022,Brighton & Hove Albion,Burnley,0,3,0.44587,0.821228,16628,2026-08-28T17:44:43+00:00
2022-02-19,2021/2022,Crystal Palace,Chelsea,0,1,0.624023,1.12339,16629,2026-08-28T17:44:43+00:00
2022-02-19,2021/2022,Liverpool,Norwich City,3,1,3.15449,0.66975,16631,2026-08-28T17:44:43+00:00
2022-02-19,2021/2022,Manchester City,Tottenham Hotspur,2,3,2.31773,2.00235,16632,2026-08-28T17:44:43+00:00
2022-02-19,2021/2022,Southampton,Everton,2,0,2.72851,0.19991,16633,2026-08-28T17:44:43+00:00
2022-02-19,2021/2022,West Ham United,Newcastle United,1,1,0.847948,0.932574,16634,2026-08-28T17:44:43+00:00
2022-02-20,2021/2022,Leeds United,Manchester United,2,4,1.74476,2.60999,16630,2026-08-28T17:44:43+00:00
2022-02-20,2021/2022,Wolverhampton Wanderers,Leicester City,2,1,0.472777,1.55048,16635,2026-08-28T17:44:43+00:00
2022-02-23,2021/2022,Burnley,Tottenham Hotspur,1,0,1.55576,0.691655,16499,2026-08-28T17:44:43+00:00
2022-02-23,2021/2022,Watford,Crystal Palace,1,4,1.71917,0.818403,16553,2026-08-28T17:44:43+00:00
2022-02-23,2021/2022,Liverpool,Leeds United,6,0,5.3303,0.141547,16559,2026-08-28T17:44:43+00:00
2022-02-24,2021/2022,Arsenal,Wolverhampton Wanderers,2,1,2.50961,1.10934,16566,2026-08-28T17:44:43+00:00
2022-02-25,2021/2022,Southampton,Norwich City,2,0,3.08863,0.424877,16644,2026-08-28T17:44:43+00:00
2022-02-26,2021/2022,Brentford,Newcastle United,0,2,0.494232,2.25373,16637,2026-08-28T17:44:43+00:00
2022-02-26,2021/2022,Brighton & Hove Albion,Aston Villa,0,2,0.627107,1.3027,16638,2026-08-28T17:44:43+00:00
2022-02-26,2021/2022,Crystal Palace,Burnley,1,1,1.03765,0.255988,16640,2026-08-28T17:44:43+00:00
2022-02-26,2021/2022,Everton,Manchester City,0,1,0.770819,1.93422,16641,2026-08-28T17:44:43+00:00
2022-02-26,2021/2022,Leeds United,Tottenham Hotspur,0,4,1.89569,2.47025,16642,2026-08-28T17:44:43+00:00
2022-02-26,2021/2022,Manchester United,Watford,0,0,2.41457,0.437185,16643,2026-08-28T17:44:43+00:00
2022-02-27,2021/2022,West Ham United,Wolverhampton Wanderers,1,0,1.62241,0.892018,16645,2026-08-28T17:44:43+00:00
2022-03-01,2021/2022,Burnley,Leicester City,0,2,1.04214,1.79558,16588,2026-08-28T17:44:43+00:00
2022-03-05,2021/2022,Aston Villa,Southampton,4,0,2.85379,1.32947,16646,2026-08-28T17:44:43+00:00
2022-03-05,2021/2022,Burnley,Chelsea,0,4,0.849232,2.2868,16647,2026-08-28T17:44:43+00:00
2022-03-05,2021/2022,Leicester City,Leeds United,1,0,0.359129,2.14389,16648,2026-08-28T17:44:43+00:00
2022-03-05,2021/2022,Liverpool,West Ham United,1,0,2.18865,1.33829,16649,2026-08-28T17:44:43+00:00
2022-03-05,2021/2022,Newcastle United,Brighton & Hove Albion,2,1,1.58028,1.64995,16651,2026-08-28T17:44:43+00:00
2022-03-05,2021/2022,Norwich City,Brentford,1,3,0.77334,2.22064,16652,2026-08-28T17:44:43+00:00
2022-03-05,2021/2022,Wolverhampton Wanderers,Crystal Palace,0,2,0.710865,2.53759,16655,2026-08-28T17:44:43+00:00
2022-03-06,2021/2022,Manchester City,Manchester United,4,1,2.74434,0.361782,16650,2026-08-28T17:44:43+00:00
2022-03-06,2021/2022,Watford,Arsenal,2,3,1.29603,1.00457,16654,2026-08-28T17:44:43+00:00
2022-03-07,2021/2022,Tottenham Hotspur,Everton,5,0,3.24279,0.208263,16653,2026-08-28T17:44:43+00:00
2022-03-10,2021/2022,Wolverhampton Wanderers,Watford,4,0,1.55037,0.498696,16565,2026-08-28T17:44:43+00:00
2022-03-10,2021/2022,Leeds United,Aston Villa,0,3,0.194028,1.2729,16572,2026-08-28T17:44:43+00:00
2022-03-10,2021/2022,Southampton,Newcastle United,1,2,1.79835,0.812233,16584,2026-08-28T17:44:43+00:00
2022-03-10,2021/2022,Norwich City,Chelsea,1,3,0.965723,2.1308,16672,2026-08-28T17:44:43+00:00
2022-03-12,2021/2022,Brentford,Burnley,2,0,1.82002,0.825311,16657,2026-08-28T17:44:43+00:00
2022-03-12,2021/2022,Brighton & Hove Albion,Liverpool,0,2,0.629316,2.48312,16658,2026-08-28T17:44:43+00:00
2022-03-12,2021/2022,Manchester United,Tottenham Hotspur,3,2,1.0181,1.62374,16663,2026-08-28T17:44:43+00:00
2022-03-13,2021/2022,Arsenal,Leicester City,2,0,2.93665,0.54911,16656,2026-08-28T17:44:43+00:00
2022-03-13,2021/2022,Chelsea,Newcastle United,1,0,1.07072,0.246037,16659,2026-08-28T17:44:43+00:00
2022-03-13,2021/2022,Everton,Wolverhampton Wanderers,0,1,0.397268,0.712135,16661,2026-08-28T17:44:43+00:00
2022-03-13,2021/2022,Leeds United,Norwich City,2,1,3.11755,1.40148,16662,2026-08-28T17:44:43+00:00
2022-03-13,2021/2022,Southampton,Watford,1,2,1.25696,1.29385,16664,2026-08-28T17:44:43+00:00
2022-03-13,2021/2022,West Ham United,Aston Villa,2,1,1.58468,1.05391,16665,2026-08-28T17:44:43+00:00
2022-03-14,2021/2022,Crystal Palace,Manchester City,0,0,0.474002,2.04021,16660,2026-08-28T17:44:43+00:00
2022-03-16,2021/2022,Brighton & Hove Albion,Tottenham Hotspur,0,2,1.04171,2.05196,16528,2026-08-28T17:44:43+00:00
2022-03-16,2021/2022,Arsenal,Liverpool,0,2,0.534265,1.27681,16636,2026-08-28T17:44:43+00:00
2022-03-17,2021/2022,Everton,Newcastle United,1,0,0.708809,0.75803,16571,2026-08-28T17:44:43+00:00
2022-03-18,2021/2022,Wolverhampton Wanderers,Leeds United,2,3,1.24075,2.82103,16675,2026-08-28T17:44:43+00:00
2022-03-19,2021/2022,Aston Villa,Arsenal,0,1,0.309375,1.14522,16666,2026-08-28T17:44:43+00:00
2022-03-20,2021/2022,Leicester City,Brentford,2,1,1.27865,1.72466,16668,2026-08-28T17:44:43+00:00
2022-03-20,2021/2022,Tottenham Hotspur,West Ham United,3,1,2.54795,0.644964,16673,2026-08-28T17:44:43+00:00
2022-04-02,2021/2022,Wolverhampton Wanderers,Aston Villa,2,1,1.62151,1.91256,16676,2026-08-28T17:44:43+00:00
2022-04-02,2021/2022,Manchester United,Leicester City,1,1,0.902127,1.07638,16679,2026-08-28T17:44:43+00:00
2022-04-02,2021/2022,Liverpool,Watford,2,0,2.23651,0.753307,16680,2026-08-28T17:44:43+00:00
2022-04-02,2021/2022,Leeds United,Southampton,1,1,1.50715,2.06387,16681,2026-08-28T17:44:43+00:00
2022-04-02,2021/2022,Chelsea,Brentford,1,4,1.29014,2.43422,16683,2026-08-28T17:44:43+00:00
2022-04-02,2021/2022,Burnley,Manchester City,0,2,0.0591223,1.62008,16684,2026-08-28T17:44:43+00:00
2022-04-02,2021/2022,Brighton & Hove Albion,Norwich City,0,0,2.38297,0.494112,16685,2026-08-28T17:44:43+00:00
2022-04-03,2021/2022,West Ham United,Everton,2,1,1.49657,0.657846,16677,2026-08-28T17:44:43+00:00
2022-04-03,2021/2022,Tottenham Hotspur,Newcastle United,5,1,3.6081,0.538152,16678,2026-08-28T17:44:43+00:00
2022-04-04,2021/2022,Crystal Palace,Arsenal,3,0,1.39707,1.05199,16682,2026-08-28T17:44:43+00:00
2022-04-06,2021/2022,Burnley,Everton,3,2,2.24439,2.31574,16558,2026-08-28T17:44:43+00:00
2022-04-08,2021/2022,Newcastle United,Wolverhampton Wanderers,1,0,1.43878,0.306867,16689,2026-08-28T17:44:43+00:00
2022-04-09,2021/2022,Watford,Leeds United,0,3,1.07422,0.895612,16686,2026-08-28T17:44:43+00:00
2022-04-09,2021/2022,Southampton,Chelsea,0,6,0.564726,4.39683,16687,2026-08-28T17:44:43+00:00
2022-04-09,2021/2022,Everton,Manchester United,1,0,0.357295,0.762357,16692,2026-08-28T17:44:43+00:00
2022-04-09,2021/2022,Aston Villa,Tottenham Hotspur,0,4,1.48712,0.983601,16694,2026-08-28T17:44:43+00:00
2022-04-09,2021/2022,Arsenal,Brighton & Hove Albion,1,2,2.35153,0.596106,16695,2026-08-28T17:44:43+00:00
2022-04-10,2021/2022,Norwich City,Burnley,2,0,1.6723,1.44652,16688,2026-08-28T17:44:43+00:00
2022-04-10,2021/2022,Manchester City,Liverpool,2,2,1.34647,1.29983,16690,2026-08-28T17:44:43+00:00
2022-04-10,2021/2022,Leicester City,Crystal Palace,2,1,0.879235,1.52767,16691,2026-08-28T17:44:43+00:00
2022-04-10,2021/2022,Brentford,West Ham United,2,0,1.85534,0.244824,16693,2026-08-28T17:44:43+00:00
2022-04-16,2021/2022,Watford,Brentford,1,2,1.50381,2.12457,16698,2026-08-28T17:44:43+00:00
2022-04-16,2021/2022,Tottenham Hotspur,Brighton & Hove Albion,0,1,0.58624,0.711155,16699,2026-08-28T17:44:43+00:00
2022-04-16,2021/2022,Southampton,Arsenal,1,0,1.04007,1.35002,16700,2026-08-28T17:44:43+00:00
2022-04-16,2021/2022,Manchester United,Norwich City,3,2,1.66737,1.79754,16702,2026-08-28T17:44:43+00:00
2022-04-17,2021/2022,West Ham United,Burnley,1,1,2.79175,1.88137,16697,2026-08-28T17:44:43+00:00
2022-04-17,2021/2022,Newcastle United,Leicester City,2,1,2.54294,0.541084,16701,2026-08-28T17:44:43+00:00
2022-04-19,2021/2022,Liverpool,Manchester United,4,0,2.25967,0.110227,16669,2026-08-28T17:44:43+00:00
2022-04-20,2021/2022,Everton,Leicester City,1,1,1.68819,0.786333,16547,2026-08-28T17:44:43+00:00
2022-04-20,2021/2022,Chelsea,Arsenal,2,4,0.593801,1.87331,16618,2026-08-28T17:44:43+00:00
2022-04-20,2021/2022,Manchester City,Brighton & Hove Albion,3,0,1.52844,0.117354,16670,2026-08-28T17:44:43+00:00
2022-04-20,2021/2022,Newcastle United,Crystal Palace,1,0,0.767855,0.432788,16671,2026-08-28T17:44:43+00:00
2022-04-21,2021/2022,Burnley,Southampton,2,0,2.14743,1.31837,16667,2026-08-28T17:44:43+00:00
2022-04-23,2021/2022,Norwich City,Newcastle United,0,3,0.657661,1.87558,16706,2026-08-28T17:44:43+00:00
2022-04-23,2021/2022,Manchester City,Watford,5,1,3.68,0.42632,16707,2026-08-28T17:44:43+00:00
2022-04-23,2021/2022,Leicester City,Aston Villa,0,0,0.235635,0.593202,16709,2026-08-28T17:44:43+00:00
2022-04-23,2021/2022,Brentford,Tottenham Hotspur,0,0,1.3153,0.517755,16714,2026-08-28T17:44:43+00:00
2022-04-23,2021/2022,Arsenal,Manchester United,3,1,2.54173,2.04244,16715,2026-08-28T17:44:43+00:00
2022-04-24,2021/2022,Liverpool,Everton,2,0,1.70397,0.424961,16708,2026-08-28T17:44:43+00:00
2022-04-24,2021/2022,Chelsea,West Ham United,1,0,2.34959,0.388975,16711,2026-08-28T17:44:43+00:00
2022-04-24,2021/2022,Burnley,Wolverhampton Wanderers,1,0,1.27298,0.592902,16712,2026-08-28T17:44:43+00:00
2022-04-24,2021/2022,Brighton & Hove Albion,Southampton,2,2,1.87343,0.926764,16713,2026-08-28T17:44:43+00:00
2022-04-25,2021/2022,Crystal Palace,Leeds United,0,0,1.61656,0.374044,16710,2026-08-28T17:44:43+00:00
2022-04-28,2021/2022,Manchester United,Chelsea,1,1,0.618456,2.46868,16742,2026-08-28T17:44:43+00:00
2022-04-30,2021/2022,Wolverhampton Wanderers,Brighton & Hove Albion,0,3,0.525912,2.90679,16716,2026-08-28T17:44:43+00:00
2022-04-30,2021/2022,Watford,Burnley,1,2,0.785742,1.37022,16718,2026-08-28T17:44:43+00:00
2022-04-30,2021/2022,Southampton,Crystal Palace,1,2,0.650256,0.756217,16720,2026-08-28T17:44:43+00:00
2022-04-30,2021/2022,Newcastle United,Liverpool,0,1,0.115353,2.73435,16721,2026-08-28T17:44:43+00:00
2022-04-30,2021/2022,Leeds United,Manchester City,0,4,1.03608,3.01431,16723,2026-08-28T17:44:43+00:00
2022-04-30,2021/2022,Aston Villa,Norwich City,2,0,2.31192,0.352212,16725,2026-08-28T17:44:43+00:00
2022-05-01,2021/2022,West Ham United,Arsenal,1,2,0.451976,0.964564,16717,2026-08-28T17:44:43+00:00
2022-05-01,2021/2022,Tottenham Hotspur,Leicester City,3,1,1.65338,0.274133,16719,2026-08-28T17:44:43+00:00
2022-05-01,2021/2022,Everton,Chelsea,1,0,1.11712,1.21141,16724,2026-08-28T17:44:43+00:00
2022-05-02,2021/2022,Manchester United,Brentford,3,0,1.84111,0.681425,16722,2026-08-28T17:44:43+00:00
2022-05-07,2021/2022,Liverpool,Tottenham Hotspur,1,1,1.0481,0.982635,16728,2026-08-28T17:44:43+00:00
2022-05-07,2021/2022,Crystal Palace,Watford,1,0,2.49142,0.255373,16730,2026-08-28T17:44:43+00:00
2022-05-07,2021/2022,Chelsea,Wolverhampton Wanderers,2,2,1.82098,1.6842,16731,2026-08-28T17:44:43+00:00
2022-05-07,2021/2022,Burnley,Aston Villa,1,3,1.31028,1.81256,16732,2026-08-28T17:44:43+00:00
2022-05-07,2021/2022,Brighton & Hove Albion,Manchester United,4,0,2.82636,0.930715,16733,2026-08-28T17:44:43+00:00
2022-05-07,2021/2022,Brentford,Southampton,3,0,3.68223,0.988574,16734,2026-08-28T17:44:43+00:00
2022-05-08,2021/2022,Norwich City,West Ham United,0,4,0.77895,3.25894,16726,2026-08-28T17:44:43+00:00
2022-05-08,2021/2022,Manchester City,Newcastle United,5,0,4.05613,0.995099,16727,2026-08-28T17:44:43+00:00
2022-05-08,2021/2022,Leicester City,Everton,1,2,1.47479,1.55635,16729,2026-08-28T17:44:43+00:00
2022-05-08,2021/2022,Arsenal,Leeds United,2,1,2.7227,0.696785,16735,2026-08-28T17:44:43+00:00
2022-05-10,2021/2022,Aston Villa,Liverpool,1,2,1.44726,1.75417,16705,2026-08-28T17:44:43+00:00
2022-05-11,2021/2022,Leicester City,Norwich City,3,0,2.57058,1.21966,16582,2026-08-28T17:44:43+00:00
2022-05-11,2021/2022,Watford,Everton,0,0,0.232236,0.812193,16674,2026-08-28T17:44:43+00:00
2022-05-11,2021/2022,Wolverhampton Wanderers,Manchester City,1,5,0.411857,3.39304,16696,2026-08-28T17:44:43+00:00
2022-05-11,2021/2022,Leeds United,Chelsea,0,3,0.499789,1.46853,16703,2026-08-28T17:44:43+00:00
2022-05-12,2021/2022,Tottenham Hotspur,Arsenal,3,0,3.42522,0.387446,16593,2026-08-28T17:44:43+00:00
2022-05-15,2021/2022,Wolverhampton Wanderers,Norwich City,1,1,0.999066,1.53212,16736,2026-08-28T17:44:43+00:00
2022-05-15,2021/2022,West Ham United,Manchester City,2,2,1.0088,2.14723,16737,2026-08-28T17:44:43+00:00
2022-05-15,2021/2022,Watford,Leicester City,1,5,2.58968,2.27297,16738,2026-08-28T17:44:43+00:00
2022-05-15,2021/2022,Tottenham Hotspur,Burnley,1,0,2.39449,0.629888,16739,2026-08-28T17:44:43+00:00
2022-05-15,2021/2022,Leeds United,Brighton & Hove Albion,1,1,2.22282,2.25898,16743,2026-08-28T17:44:43+00:00
2022-05-15,2021/2022,Everton,Brentford,2,3,2.69589,1.81626,16744,2026-08-28T17:44:43+00:00
2022-05-15,2021/2022,Aston Villa,Crystal Palace,1,1,0.799443,1.39009,16745,2026-08-28T17:44:43+00:00
2022-05-16,2021/2022,Newcastle United,Arsenal,2,0,1.68299,0.492454,16741,2026-08-28T17:44:43+00:00
2022-05-17,2021/2022,Southampton,Liverpool,1,2,0.121506,1.19178,16740,2026-08-28T17:44:43+00:00
2022-05-19,2021/2022,Aston Villa,Burnley,1,1,0.996403,1.63117,16546,2026-08-28T17:44:43+00:00
2022-05-19,2021/2022,Chelsea,Leicester City,1,1,1.61996,0.0417972,16639,2026-08-28T17:44:43+00:00
2022-05-19,2021/2022,Everton,Crystal Palace,3,2,0.813157,1.6023,16704,2026-08-28T17:44:43+00:00
2022-05-22,2021/2022,Arsenal,Everton,5,1,4.35597,1.08601,16746,2026-08-28T17:44:43+00:00
2022-05-22,2021/2022,Brentford,Leeds United,1,2,0.844985,1.47786,16747,2026-08-28T17:44:43+00:00
2022-05-22,2021/2022,Brighton & Hove Albion,West Ham United,3,1,1.67774,0.268845,16748,2026-08-28T17:44:43+00:00
2022-05-22,2021/2022,Burnley,Newcastle United,1,2,1.49164,1.74291,16749,2026-08-28T17:44:43+00:00
2022-05-22,2021/2022,Chelsea,Watford,2,1,2.59231,0.575755,16750,2026-08-28T17:44:43+00:00
2022-05-22,2021/2022,Crystal Palace,Manchester United,1,0,0.354618,0.782005,16751,2026-08-28T17:44:43+00:00
2022-05-22,2021/2022,Leicester City,Southampton,4,1,3.42058,1.05141,16752,2026-08-28T17:44:43+00:00
2022-05-22,2021/2022,Liverpool,Wolverhampton Wanderers,3,1,3.19385,1.11708,16753,2026-08-28T17:44:43+00:00
2022-05-22,2021/2022,Manchester City,Aston Villa,3,2,3.3209,0.247841,16754,2026-08-28T17:44:43+00:00
2022-05-22,2021/2022,Norwich City,Tottenham Hotspur,0,5,0.310789,3.815,16755,2026-08-28T17:44:43+00:00
2022-08-05,2022/2023,Crystal Palace,Arsenal,0,2,1.20637,1.43601,18202,2026-08-28T17:44:43+00:00
2022-08-06,2022/2023,Fulham,Liverpool,2,2,1.26822,2.34111,18203,2026-08-28T17:44:43+00:00
2022-08-06,2022/2023,AFC Bournemouth,Aston Villa,2,0,0.588341,0.488895,18204,2026-08-28T17:44:43+00:00
2022-08-06,2022/2023,Leeds United,Wolverhampton Wanderers,2,1,0.88917,1.10119,18205,2026-08-28T17:44:43+00:00
2022-08-06,2022/2023,Newcastle United,Nottingham Forest,2,0,1.8591,0.235825,18206,2026-08-28T17:44:43+00:00
2022-08-06,2022/2023,Tottenham Hotspur,Southampton,4,1,1.6172,0.386546,18207,2026-08-28T17:44:43+00:00
2022-08-06,2022/2023,Everton,Chelsea,0,1,0.541983,1.92315,18208,2026-08-28T17:44:43+00:00
2022-08-07,2022/2023,Manchester United,Brighton & Hove Albion,1,2,1.42103,1.7289,18209,2026-08-28T17:44:43+00:00
2022-08-07,2022/2023,Leicester City,Brentford,2,2,0.455695,0.931067,18210,2026-08-28T17:44:43+00:00
2022-08-07,2022/2023,West Ham United,Manchester City,0,2,0.246188,2.58739,18211,2026-08-28T17:44:43+00:00
2022-08-13,2022/2023,Aston Villa,Everton,2,1,2.66696,1.37507,18212,2026-08-28T17:44:43+00:00
2022-08-13,2022/2023,Brighton & Hove Albion,Newcastle United,0,0,1.60835,0.183952,18213,2026-08-28T17:44:43+00:00
2022-08-13,2022/2023,Manchester City,AFC Bournemouth,4,0,1.69064,0.123946,18214,2026-08-28T17:44:43+00:00
2022-08-13,2022/2023,Southampton,Leeds United,2,2,1.40906,1.99694,18215,2026-08-28T17:44:43+00:00
2022-08-13,2022/2023,Wolverhampton Wanderers,Fulham,0,0,0.975375,1.08813,18216,2026-08-28T17:44:43+00:00
2022-08-13,2022/2023,Arsenal,Leicester City,4,2,3.0107,0.690679,18217,2026-08-28T17:44:43+00:00
2022-08-13,2022/2023,Brentford,Manchester United,4,0,1.38785,0.896038,18218,2026-08-28T17:44:43+00:00
2022-08-14,2022/2023,Nottingham Forest,West Ham United,1,0,1.9717,2.08634,18219,2026-08-28T17:44:43+00:00
2022-08-14,2022/2023,Chelsea,Tottenham Hotspur,2,2,1.83945,1.58708,18220,2026-08-28T17:44:43+00:00
2022-08-15,2022/2023,Liverpool,Crystal Palace,1,1,2.23596,1.64468,18221,2026-08-28T17:44:43+00:00
2022-08-20,2022/2023,Tottenham Hotspur,Wolverhampton Wanderers,1,0,1.46608,0.686123,18222,2026-08-28T17:44:43+00:00
2022-08-20,2022/2023,Crystal Palace,Aston Villa,3,1,2.91137,0.803828,18223,2026-08-28T17:44:43+00:00
2022-08-20,2022/2023,Everton,Nottingham Forest,1,1,1.43408,0.918315,18224,2026-08-28T17:44:43+00:00
2022-08-20,2022/2023,Fulham,Brentford,3,2,2.89934,1.59352,18225,2026-08-28T17:44:43+00:00
2022-08-20,2022/2023,Leicester City,Southampton,1,2,0.242948,1.24155,18226,2026-08-28T17:44:43+00:00
2022-08-20,2022/2023,AFC Bournemouth,Arsenal,0,3,0.211335,1.71081,18227,2026-08-28T17:44:43+00:00
2022-08-21,2022/2023,Leeds United,Chelsea,3,0,2.20971,0.692492,18228,2026-08-28T17:44:43+00:00
2022-08-21,2022/2023,West Ham United,Brighton & Hove Albion,0,2,0.768634,1.82645,18229,2026-08-28T17:44:43+00:00
2022-08-21,2022/2023,Newcastle United,Manchester City,3,3,2.2127,3.67382,18230,2026-08-28T17:44:43+00:00
2022-08-22,2022/2023,Manchester United,Liverpool,2,1,2.01764,1.52301,18231,2026-08-28T17:44:43+00:00
2022-08-27,2022/2023,Southampton,Manchester United,0,1,1.35887,1.34359,18232,2026-08-28T17:44:43+00:00
2022-08-27,2022/2023,Brentford,Everton,1,1,2.28391,1.65465,18233,2026-08-28T17:44:43+00:00
2022-08-27,2022/2023,Brighton & Hove Albion,Leeds United,1,0,1.60986,1.14874,18234,2026-08-28T17:44:43+00:00
2022-08-27,2022/2023,Chelsea,Leicester City,2,1,1.74916,1.96023,18235,2026-08-28T17:44:43+00:00
2022-08-27,2022/2023,Liverpool,AFC Bournemouth,9,0,4.86035,0.180991,18236,2026-08-28T17:44:43+00:00
2022-08-27,2022/2023,Manchester City,Crystal Palace,4,2,2.3853,0.091976,18237,2026-08-28T17:44:43+00:00
2022-08-27,2022/2023,Arsenal,Fulham,2,1,2.47427,0.926007,18238,2026-08-28T17:44:43+00:00
2022-08-28,2022/2023,Aston Villa,West Ham United,0,1,0.304555,0.334589,18239,2026-08-28T17:44:43+00:00
2022-08-28,2022/2023,Wolverhampton Wanderers,Newcastle United,1,1,1.13248,1.93362,18240,2026-08-28T17:44:43+00:00
2022-08-28,2022/2023,Nottingham Forest,Tottenham Hotspur,0,2,0.801369,2.44473,18241,2026-08-28T17:44:43+00:00
2022-08-30,2022/2023,Fulham,Brighton & Hove Albion,2,1,1.07093,1.75359,18242,2026-08-28T17:44:43+00:00
2022-08-30,2022/2023,Crystal Palace,Brentford,1,1,0.777363,1.61808,18243,2026-08-28T17:44:43+00:00
2022-08-30,2022/2023,Southampton,Chelsea,2,1,1.44086,1.5047,18244,2026-08-28T17:44:43+00:00
2022-08-30,2022/2023,Leeds United,Everton,1,1,1.04551,1.17189,18245,2026-08-28T17:44:43+00:00
2022-08-31,2022/2023,Manchester City,Nottingham Forest,6,0,3.83759,0.729752,18246,2026-08-28T17:44:43+00:00
2022-08-31,2022/2023,Arsenal,Aston Villa,2,1,2.79971,0.297168,18247,2026-08-28T17:44:43+00:00
2022-08-31,2022/2023,AFC Bournemouth,Wolverhampton Wanderers,0,0,0.362035,1.53246,18248,2026-08-28T17:44:43+00:00
2022-08-31,2022/2023,West Ham United,Tottenham Hotspur,1,1,1.52267,0.723285,18249,2026-08-28T17:44:43+00:00
2022-08-31,2022/2023,Liverpool,Newcastle United,2,1,1.76119,0.643546,18250,2026-08-28T17:44:43+00:00
2022-09-01,2022/2023,Leicester City,Manchester United,0,1,0.615266,1.09969,18251,2026-08-28T17:44:43+00:00
2022-09-03,2022/2023,Everton,Liverpool,0,0,1.39169,1.38617,18252,2026-08-28T17:44:43+00:00
2022-09-03,2022/2023,Newcastle United,Crystal Palace,0,0,2.90672,0.920595,18253,2026-08-28T17:44:43+00:00
2022-09-03,2022/2023,Nottingham Forest,AFC Bournemouth,2,3,1.32895,0.905041,18254,2026-08-28T17:44:43+00:00
2022-09-03,2022/2023,Tottenham Hotspur,Fulham,2,1,2.67823,0.381556,18255,2026-08-28T17:44:43+00:00
2022-09-03,2022/2023,Wolverhampton Wanderers,Southampton,1,0,1.10039,1.20838,18256,2026-08-28T17:44:43+00:00
2022-09-03,2022/2023,Brentford,Leeds United,5,2,2.7485,1.796,18257,2026-08-28T17:44:43+00:00
2022-09-03,2022/2023,Aston Villa,Manchester City,1,1,0.279392,1.92143,18258,2026-08-28T17:44:43+00:00
2022-09-03,2022/2023,Chelsea,West Ham United,2,1,0.707333,1.4196,18260,2026-08-28T17:44:43+00:00
2022-09-04,2022/2023,Brighton & Hove Albion,Leicester City,5,2,2.73166,1.06549,18259,2026-08-28T17:44:43+00:00
2022-09-04,2022/2023,Manchester United,Arsenal,3,1,2.02904,1.42238,18261,2026-08-28T17:44:43+00:00
2022-09-16,2022/2023,Aston Villa,Southampton,1,0,1.34365,0.218302,18272,2026-08-28T17:44:43+00:00
2022-09-16,2022/2023,Nottingham Forest,Fulham,2,3,1.41541,1.3496,18273,2026-08-28T17:44:43+00:00
2022-09-17,2022/2023,Wolverhampton Wanderers,Manchester City,0,3,0.310995,1.4242,18274,2026-08-28T17:44:43+00:00
2022-09-17,2022/2023,Newcastle United,AFC Bournemouth,1,1,1.54758,0.976948,18275,2026-08-28T17:44:43+00:00
2022-09-17,2022/2023,Tottenham Hotspur,Leicester City,6,2,1.98619,1.59449,18278,2026-08-28T17:44:43+00:00
2022-09-18,2022/2023,Everton,West Ham United,1,0,0.39773,0.655351,18277,2026-08-28T17:44:43+00:00
2022-09-18,2022/2023,Brentford,Arsenal,0,3,0.54011,1.32021,18280,2026-08-28T17:44:43+00:00
2022-10-01,2022/2023,Arsenal,Tottenham Hotspur,3,1,2.48403,1.5027,18282,2026-08-28T17:44:43+00:00
2022-10-01,2022/2023,AFC Bournemouth,Brentford,0,0,0.758128,1.046,18283,2026-08-28T17:44:43+00:00
2022-10-01,2022/2023,Crystal Palace,Chelsea,1,2,0.70987,1.25506,18284,2026-08-28T17:44:43+00:00
2022-10-01,2022/2023,Fulham,Newcastle United,1,4,0.683701,4.67198,18285,2026-08-28T17:44:43+00:00
2022-10-01,2022/2023,Liverpool,Brighton & Hove Albion,3,3,2.1515,2.36567,18288,2026-08-28T17:44:43+00:00
2022-10-01,2022/2023,Southampton,Everton,1,2,1.95961,1.99979,18290,2026-08-28T17:44:43+00:00
2022-10-01,2022/2023,West Ham United,Wolverhampton Wanderers,2,0,1.03934,0.575988,18291,2026-08-28T17:44:43+00:00
2022-10-02,2022/2023,Leeds United,Aston Villa,0,0,0.298626,1.89645,18286,2026-08-28T17:44:43+00:00
2022-10-02,2022/2023,Manchester City,Manchester United,6,3,3.01103,1.71335,18289,2026-08-28T17:44:43+00:00
2022-10-03,2022/2023,Leicester City,Nottingham Forest,4,0,1.2497,1.22169,18287,2026-08-28T17:44:43+00:00
2022-10-08,2022/2023,AFC Bournemouth,Leicester City,2,1,1.14891,1.18125,18293,2026-08-28T17:44:43+00:00
2022-10-08,2022/2023,Brighton & Hove Albion,Tottenham Hotspur,0,1,0.899735,0.771641,18294,2026-08-28T17:44:43+00:00
2022-10-08,2022/2023,Chelsea,Wolverhampton Wanderers,3,0,2.43092,0.748449,18295,2026-08-28T17:44:43+00:00
2022-10-08,2022/2023,Manchester City,Southampton,4,0,2.73536,0.101148,18298,2026-08-28T17:44:43+00:00
2022-10-08,2022/2023,Newcastle United,Brentford,5,1,2.44631,1.13466,18299,2026-08-28T17:44:43+00:00
2022-10-09,2022/2023,Arsenal,Liverpool,3,2,2.81968,0.765151,18292,2026-08-28T17:44:43+00:00
2022-10-09,2022/2023,Crystal Palace,Leeds United,2,1,1.65194,1.06564,18296,2026-08-28T17:44:43+00:00
2022-10-09,2022/2023,Everton,Manchester United,1,2,0.365844,1.82612,18297,2026-08-28T17:44:43+00:00
2022-10-09,2022/2023,West Ham United,Fulham,3,1,3.43676,0.549848,18301,2026-08-28T17:44:43+00:00
2022-10-10,2022/2023,Nottingham Forest,Aston Villa,1,1,0.221346,0.657187,18300,2026-08-28T17:44:43+00:00
2022-10-14,2022/2023,Brentford,Brighton & Hove Albion,2,0,1.90636,2.15668,18303,2026-08-28T17:44:43+00:00
2022-10-15,2022/2023,Fulham,AFC Bournemouth,2,2,1.61738,1.62829,18304,2026-08-28T17:44:43+00:00
2022-10-15,2022/2023,Leicester City,Crystal Palace,0,0,0.973426,0.346808,18306,2026-08-28T17:44:43+00:00
2022-10-15,2022/2023,Tottenham Hotspur,Everton,2,0,2.49409,0.560039,18310,2026-08-28T17:44:43+00:00
2022-10-15,2022/2023,Wolverhampton Wanderers,Nottingham Forest,1,0,1.22368,1.24761,18311,2026-08-28T17:44:43+00:00
2022-10-16,2022/2023,Aston Villa,Chelsea,0,2,2.44542,1.23643,18302,2026-08-28T17:44:43+00:00
2022-10-16,2022/2023,Leeds United,Arsenal,0,1,2.02232,0.821757,18305,2026-08-28T17:44:43+00:00
2022-10-16,2022/2023,Liverpool,Manchester City,1,0,1.9992,0.911493,18307,2026-08-28T17:44:43+00:00
2022-10-16,2022/2023,Manchester United,Newcastle United,0,0,1.41606,0.78815,18308,2026-08-28T17:44:43+00:00
2022-10-16,2022/2023,Southampton,West Ham United,1,1,0.524479,1.70727,18309,2026-08-28T17:44:43+00:00
2022-10-18,2022/2023,Brighton & Hove Albion,Nottingham Forest,0,0,2.10188,0.195003,18315,2026-08-28T17:44:43+00:00
2022-10-18,2022/2023,Crystal Palace,Wolverhampton Wanderers,2,1,1.25617,0.857837,18318,2026-08-28T17:44:43+00:00
2022-10-19,2022/2023,AFC Bournemouth,Southampton,0,1,0.810452,1.23878,18313,2026-08-28T17:44:43+00:00
2022-10-19,2022/2023,Brentford,Chelsea,0,0,1.45228,0.557405,18314,2026-08-28T17:44:43+00:00
2022-10-19,2022/2023,Newcastle United,Everton,1,0,1.13393,0.0609567,18319,2026-08-28T17:44:43+00:00
2022-10-19,2022/2023,Liverpool,West Ham United,1,0,2.24066,2.48649,18320,2026-08-28T17:44:43+00:00
2022-10-19,2022/2023,Manchester United,Tottenham Hotspur,2,0,1.70973,0.658526,18321,2026-08-28T17:44:43+00:00
2022-10-20,2022/2023,Fulham,Aston Villa,3,0,2.892,0.711487,18316,2026-08-28T17:44:43+00:00
2022-10-20,2022/2023,Leicester City,Leeds United,2,0,0.655249,1.19464,18317,2026-08-28T17:44:43+00:00
2022-10-22,2022/2023,Chelsea,Manchester United,1,1,1.20238,0.730935,18323,2026-08-28T17:44:43+00:00
2022-10-22,2022/2023,Everton,Crystal Palace,3,0,1.93396,0.597167,18324,2026-08-28T17:44:43+00:00
2022-10-22,2022/2023,Manchester City,Brighton & Hove Albion,3,1,1.86239,0.52863,18326,2026-08-28T17:44:43+00:00
2022-10-22,2022/2023,Nottingham Forest,Liverpool,1,0,2.50163,2.19752,18327,2026-08-28T17:44:43+00:00
2022-10-23,2022/2023,Aston Villa,Brentford,4,0,3.45617,1.00462,18322,2026-08-28T17:44:43+00:00
2022-10-23,2022/2023,Leeds United,Fulham,2,3,1.96384,2.47512,18325,2026-08-28T17:44:43+00:00
2022-10-23,2022/2023,Southampton,Arsenal,1,1,0.622653,1.57897,18328,2026-08-28T17:44:43+00:00
2022-10-23,2022/2023,Tottenham Hotspur,Newcastle United,1,2,1.56513,1.1294,18329,2026-08-28T17:44:43+00:00
2022-10-23,2022/2023,Wolverhampton Wanderers,Leicester City,0,4,1.61785,0.989075,18331,2026-08-28T17:44:43+00:00
2022-10-24,2022/2023,West Ham United,AFC Bournemouth,2,0,1.97715,0.730443,18330,2026-08-28T17:44:43+00:00
2022-10-29,2022/2023,AFC Bournemouth,Tottenham Hotspur,2,3,0.887533,2.1946,18333,2026-08-28T17:44:43+00:00
2022-10-29,2022/2023,Brentford,Wolverhampton Wanderers,1,1,1.29257,0.557605,18334,2026-08-28T17:44:43+00:00
2022-10-29,2022/2023,Brighton & Hove Albion,Chelsea,4,1,2.881,1.07554,18335,2026-08-28T17:44:43+00:00
2022-10-29,2022/2023,Crystal Palace,Southampton,1,0,1.00384,1.35803,18336,2026-08-28T17:44:43+00:00
2022-10-29,2022/2023,Fulham,Everton,0,0,1.76438,1.19166,18337,2026-08-28T17:44:43+00:00
2022-10-29,2022/2023,Leicester City,Manchester City,0,1,0.693597,0.703827,18338,2026-08-28T17:44:43+00:00
2022-10-29,2022/2023,Liverpool,Leeds United,1,2,1.90889,1.61271,18339,2026-08-28T17:44:43+00:00
2022-10-29,2022/2023,Newcastle United,Aston Villa,4,0,4.18808,0.270814,18341,2026-08-28T17:44:43+00:00
2022-10-30,2022/2023,Arsenal,Nottingham Forest,5,0,3.00699,0.206127,18332,2026-08-28T17:44:43+00:00
2022-10-30,2022/2023,Manchester United,West Ham United,1,0,1.7514,1.00033,18340,2026-08-28T17:44:43+00:00
2022-11-05,2022/2023,Everton,Leicester City,0,2,1.3729,2.2679,18344,2026-08-28T17:44:43+00:00
2022-11-05,2022/2023,Leeds United,AFC Bournemouth,4,3,2.22532,1.55594,18345,2026-08-28T17:44:43+00:00
2022-11-05,2022/2023,Manchester City,Fulham,2,1,2.39332,0.843884,18346,2026-08-28T17:44:43+00:00
2022-11-05,2022/2023,Nottingham Forest,Brentford,2,2,1.29696,1.2204,18347,2026-08-28T17:44:43+00:00
2022-11-05,2022/2023,Wolverhampton Wanderers,Brighton & Hove Albion,2,3,1.29252,1.87375,18351,2026-08-28T17:44:43+00:00
2022-11-06,2022/2023,Aston Villa,Manchester United,3,1,0.578563,0.517189,18342,2026-08-28T17:44:43+00:00
2022-11-06,2022/2023,Chelsea,Arsenal,0,1,0.278815,2.37846,18343,2026-08-28T17:44:43+00:00
2022-11-06,2022/2023,Southampton,Newcastle United,1,4,1.65228,1.42101,18348,2026-08-28T17:44:43+00:00
2022-11-06,2022/2023,Tottenham Hotspur,Liverpool,1,2,1.81736,1.46548,18349,2026-08-28T17:44:43+00:00
2022-11-06,2022/2023,West Ham United,Crystal Palace,1,2,0.192579,1.03344,18350,2026-08-28T17:44:43+00:00
2022-11-12,2022/2023,AFC Bournemouth,Everton,3,0,2.45642,0.768756,18352,2026-08-28T17:44:43+00:00
2022-11-12,2022/2023,Liverpool,Southampton,3,1,2.74418,1.43427,18355,2026-08-28T17:44:43+00:00
2022-11-12,2022/2023,Manchester City,Brentford,1,2,1.605,3.29012,18356,2026-08-28T17:44:43+00:00
2022-11-12,2022/2023,Newcastle United,Chelsea,1,0,1.3601,0.359105,18357,2026-08-28T17:44:43+00:00
2022-11-12,2022/2023,Nottingham Forest,Crystal Palace,1,0,1.23752,1.14552,18358,2026-08-28T17:44:43+00:00
2022-11-12,2022/2023,Tottenham Hotspur,Leeds United,4,3,2.58046,1.71731,18359,2026-08-28T17:44:43+00:00
2022-11-12,2022/2023,West Ham United,Leicester City,0,2,0.720721,1.60566,18360,2026-08-28T17:44:43+00:00
2022-11-12,2022/2023,Wolverhampton Wanderers,Arsenal,0,2,0.512339,2.27996,18361,2026-08-28T17:44:43+00:00
2022-11-13,2022/2023,Brighton & Hove Albion,Aston Villa,1,2,0.829107,1.15437,18353,2026-08-28T17:44:43+00:00
2022-11-13,2022/2023,Fulham,Manchester United,1,2,1.70218,3.37664,18354,2026-08-28T17:44:43+00:00
2022-12-26,2022/2023,Arsenal,West Ham United,3,1,1.88828,1.02652,18362,2026-08-28T17:44:43+00:00
2022-12-26,2022/2023,Aston Villa,Liverpool,1,3,1.69155,3.50694,18363,2026-08-28T17:44:43+00:00
2022-12-26,2022/2023,Brentford,Tottenham Hotspur,2,2,2.25263,0.883787,18364,2026-08-28T17:44:43+00:00
2022-12-26,2022/2023,Crystal Palace,Fulham,0,3,0.421754,2.69927,18366,2026-08-28T17:44:43+00:00
2022-12-26,2022/2023,Everton,Wolverhampton Wanderers,1,2,1.22653,1.22076,18367,2026-08-28T17:44:43+00:00
2022-12-26,2022/2023,Leicester City,Newcastle United,0,3,0.31099,1.76382,18369,2026-08-28T17:44:43+00:00
2022-12-26,2022/2023,Southampton,Brighton & Hove Albion,1,3,1.70709,1.00714,18371,2026-08-28T17:44:43+00:00
2022-12-27,2022/2023,Chelsea,AFC Bournemouth,2,0,1.91378,0.44307,18365,2026-08-28T17:44:43+00:00
2022-12-27,2022/2023,Manchester United,Nottingham Forest,3,0,2.13668,0.477076,18370,2026-08-28T17:44:43+00:00
2022-12-28,2022/2023,Leeds United,Manchester City,1,3,0.603751,4.16249,18368,2026-08-28T17:44:43+00:00
2022-12-30,2022/2023,Liverpool,Leicester City,2,1,2.02463,0.863312,18375,2026-08-28T17:44:43+00:00
2022-12-30,2022/2023,West Ham United,Brentford,0,2,1.13979,1.51436,18380,2026-08-28T17:44:43+00:00
2022-12-31,2022/2023,AFC Bournemouth,Crystal Palace,0,2,0.895819,1.75264,18372,2026-08-28T17:44:43+00:00
2022-12-31,2022/2023,Brighton & Hove Albion,Arsenal,2,4,1.15663,3.22106,18373,2026-08-28T17:44:43+00:00
2022-12-31,2022/2023,Fulham,Southampton,2,1,1.49305,0.698711,18374,2026-08-28T17:44:43+00:00
2022-12-31,2022/2023,Manchester City,Everton,1,1,2.36333,0.0760019,18376,2026-08-28T17:44:43+00:00
2022-12-31,2022/2023,Newcastle United,Leeds United,0,0,2.78846,0.517099,18377,2026-08-28T17:44:43+00:00
2022-12-31,2022/2023,Wolverhampton Wanderers,Manchester United,0,1,0.587672,2.44728,18381,2026-08-28T17:44:43+00:00
2023-01-01,2022/2023,Nottingham Forest,Chelsea,1,1,0.985219,1.37305,18378,2026-08-28T17:44:43+00:00
2023-01-01,2022/2023,Tottenham Hotspur,Aston Villa,0,2,0.569383,1.21733,18379,2026-08-28T17:44:43+00:00
2023-01-02,2022/2023,Brentford,Liverpool,3,1,2.0991,2.10461,18384,2026-08-28T17:44:43+00:00
2023-01-03,2022/2023,Arsenal,Newcastle United,0,0,0.970637,0.959523,18382,2026-08-28T17:44:43+00:00
2023-01-03,2022/2023,Everton,Brighton & Hove Albion,1,4,1.16896,2.50731,18387,2026-08-28T17:44:43+00:00
2023-01-03,2022/2023,Leicester City,Fulham,0,1,1.45221,1.33493,18389,2026-08-28T17:44:43+00:00
2023-01-03,2022/2023,Manchester United,AFC Bournemouth,3,0,2.97383,0.679022,18390,2026-08-28T17:44:43+00:00
2023-01-04,2022/2023,Aston Villa,Wolverhampton Wanderers,1,1,1.03226,0.832522,18383,2026-08-28T17:44:43+00:00
2023-01-04,2022/2023,Crystal Palace,Tottenham Hotspur,0,4,0.787525,1.66514,18386,2026-08-28T17:44:43+00:00
2023-01-04,2022/2023,Leeds United,West Ham United,2,2,1.2577,1.29245,18388,2026-08-28T17:44:43+00:00
2023-01-04,2022/2023,Southampton,Nottingham Forest,0,1,0.62937,1.22324,18391,2026-08-28T17:44:43+00:00
2023-01-05,2022/2023,Chelsea,Manchester City,0,1,0.493576,1.71972,18385,2026-08-28T17:44:43+00:00
2023-01-12,2022/2023,Fulham,Chelsea,2,1,0.711266,2.39911,18262,2026-08-28T17:44:43+00:00
2023-01-13,2022/2023,Aston Villa,Leeds United,2,1,1.64599,2.46295,18392,2026-08-28T17:44:43+00:00
2023-01-14,2022/2023,Brentford,AFC Bournemouth,2,0,1.29815,0.269283,18393,2026-08-28T17:44:43+00:00
2023-01-14,2022/2023,Brighton & Hove Albion,Liverpool,3,0,2.40062,1.28853,18394,2026-08-28T17:44:43+00:00
2023-01-14,2022/2023,Everton,Southampton,1,2,1.18191,1.08412,18396,2026-08-28T17:44:43+00:00
2023-01-14,2022/2023,Manchester United,Manchester City,2,1,1.98228,0.73695,18397,2026-08-28T17:44:43+00:00
2023-01-14,2022/2023,Nottingham Forest,Leicester City,2,0,1.75313,0.803421,18399,2026-08-28T17:44:43+00:00
2023-01-14,2022/2023,Wolverhampton Wanderers,West Ham United,1,0,0.806232,0.735105,18401,2026-08-28T17:44:43+00:00
2023-01-15,2022/2023,Chelsea,Crystal Palace,1,0,2.12987,0.837366,18395,2026-08-28T17:44:43+00:00
2023-01-15,2022/2023,Newcastle United,Fulham,1,0,1.96256,0.989872,18398,2026-08-28T17:44:43+00:00
2023-01-15,2022/2023,Tottenham Hotspur,Arsenal,0,2,1.71032,2.04232,18400,2026-08-28T17:44:43+00:00
2023-01-18,2022/2023,Crystal Palace,Manchester United,1,1,0.413339,1.39437,18270,2026-08-28T17:44:43+00:00
2023-01-19,2022/2023,Manchester City,Tottenham Hotspur,4,2,2.34166,1.16499,18267,2026-08-28T17:44:43+00:00
2023-01-21,2022/2023,AFC Bournemouth,Nottingham Forest,1,1,1.80549,1.57544,18403,2026-08-28T17:44:43+00:00
2023-01-21,2022/2023,Crystal Palace,Newcastle United,0,0,0.333154,1.44384,18404,2026-08-28T17:44:43+00:00
2023-01-21,2022/2023,Leicester City,Brighton & Hove Albion,2,2,1.35941,1.94491,18407,2026-08-28T17:44:43+00:00
2023-01-21,2022/2023,Liverpool,Chelsea,0,0,1.30125,1.84467,18408,2026-08-28T17:44:43+00:00
2023-01-21,2022/2023,Southampton,Aston Villa,0,1,0.672444,1.16432,18410,2026-08-28T17:44:43+00:00
2023-01-21,2022/2023,West Ham United,Everton,2,0,2.46879,0.286826,18411,2026-08-28T17:44:43+00:00
2023-01-22,2022/2023,Arsenal,Manchester United,3,2,2.90273,0.272246,18402,2026-08-28T17:44:43+00:00
2023-01-22,2022/2023,Leeds United,Brentford,0,0,0.374736,0.17114,18406,2026-08-28T17:44:43+00:00
2023-01-22,2022/2023,Manchester City,Wolverhampton Wanderers,3,0,3.32757,0.469277,18409,2026-08-28T17:44:43+00:00
2023-01-23,2022/2023,Fulham,Tottenham Hotspur,0,1,1.09339,0.993805,18405,2026-08-28T17:44:43+00:00
2023-02-03,2022/2023,Chelsea,Fulham,0,0,1.41471,0.493341,18415,2026-08-28T17:44:43+00:00
2023-02-04,2022/2023,Aston Villa,Leicester City,2,4,1.4989,2.49784,18412,2026-08-28T17:44:43+00:00
2023-02-04,2022/2023,Brentford,Southampton,3,0,2.36747,0.644385,18413,2026-08-28T17:44:43+00:00
2023-02-04,2022/2023,Brighton & Hove Albion,AFC Bournemouth,1,0,2.55696,0.908298,18414,2026-08-28T17:44:43+00:00
2023-02-04,2022/2023,Everton,Arsenal,1,0,2.09191,0.690102,18416,2026-08-28T17:44:43+00:00
2023-02-04,2022/2023,Manchester United,Crystal Palace,2,1,2.07035,1.3798,18417,2026-08-28T17:44:43+00:00
2023-02-04,2022/2023,Newcastle United,West Ham United,1,1,1.22883,1.27831,18418,2026-08-28T17:44:43+00:00
2023-02-04,2022/2023,Wolverhampton Wanderers,Liverpool,3,0,2.63328,1.30193,18421,2026-08-28T17:44:43+00:00
2023-02-05,2022/2023,Nottingham Forest,Leeds United,1,0,0.3325,1.12331,18419,2026-08-28T17:44:43+00:00
2023-02-05,2022/2023,Tottenham Hotspur,Manchester City,1,0,1.42168,0.773747,18420,2026-08-28T17:44:43+00:00
2023-02-08,2022/2023,Manchester United,Leeds United,2,2,2.00007,0.554798,18279,2026-08-28T17:44:43+00:00
2023-02-11,2022/2023,Arsenal,Brentford,1,1,1.36738,2.17538,18422,2026-08-28T17:44:43+00:00
2023-02-11,2022/2023,AFC Bournemouth,Newcastle United,1,1,1.54458,1.54853,18423,2026-08-28T17:44:43+00:00
2023-02-11,2022/2023,Crystal Palace,Brighton & Hove Albion,1,1,0.928279,2.64981,18424,2026-08-28T17:44:43+00:00
2023-02-11,2022/2023,Fulham,Nottingham Forest,2,0,1.69704,0.686824,18425,2026-08-28T17:44:43+00:00
2023-02-11,2022/2023,Leicester City,Tottenham Hotspur,4,1,1.41208,1.11709,18427,2026-08-28T17:44:43+00:00
2023-02-11,2022/2023,Southampton,Wolverhampton Wanderers,1,2,1.30203,0.615651,18430,2026-08-28T17:44:43+00:00
2023-02-11,2022/2023,West Ham United,Chelsea,1,1,1.07615,0.900465,18431,2026-08-28T17:44:43+00:00
2023-02-12,2022/2023,Leeds United,Manchester United,0,2,1.89163,1.30375,18426,2026-08-28T17:44:43+00:00
2023-02-12,2022/2023,Manchester City,Aston Villa,3,1,3.60987,0.275348,18429,2026-08-28T17:44:43+00:00
2023-02-13,2022/2023,Liverpool,Everton,2,0,2.23291,0.402331,18428,2026-08-28T17:44:43+00:00
2023-02-15,2022/2023,Arsenal,Manchester City,1,3,1.70139,2.00841,18312,2026-08-28T17:44:43+00:00
2023-02-18,2022/2023,Aston Villa,Arsenal,2,4,0.335752,2.85981,18432,2026-08-28T17:44:43+00:00
2023-02-18,2022/2023,Brentford,Crystal Palace,1,1,0.610105,1.12202,18433,2026-08-28T17:44:43+00:00
2023-02-18,2022/2023,Brighton & Hove Albion,Fulham,0,1,2.71375,0.224214,18434,2026-08-28T17:44:43+00:00
2023-02-18,2022/2023,Chelsea,Southampton,0,1,1.61723,0.619532,18435,2026-08-28T17:44:43+00:00
2023-02-18,2022/2023,Everton,Leeds United,1,0,1.53811,0.597403,18436,2026-08-28T17:44:43+00:00
2023-02-18,2022/2023,Newcastle United,Liverpool,0,2,1.74852,2.16549,18438,2026-08-28T17:44:43+00:00
2023-02-18,2022/2023,Nottingham Forest,Manchester City,1,1,1.12735,2.80966,18439,2026-08-28T17:44:43+00:00
2023-02-18,2022/2023,Wolverhampton Wanderers,AFC Bournemouth,0,1,0.911415,1.15274,18441,2026-08-28T17:44:43+00:00
2023-02-19,2022/2023,Manchester United,Leicester City,3,0,4.24663,1.39678,18437,2026-08-28T17:44:43+00:00
2023-02-19,2022/2023,Tottenham Hotspur,West Ham United,2,0,1.43042,0.365173,18440,2026-08-28T17:44:43+00:00
2023-02-24,2022/2023,Fulham,Wolverhampton Wanderers,1,1,0.913133,0.997097,18445,2026-08-28T17:44:43+00:00
2023-02-25,2022/2023,AFC Bournemouth,Manchester City,1,4,1.08527,2.98206,18442,2026-08-28T17:44:43+00:00
2023-02-25,2022/2023,Crystal Palace,Liverpool,0,0,0.989086,1.35123,18443,2026-08-28T17:44:43+00:00
2023-02-25,2022/2023,Everton,Aston Villa,0,2,1.54109,2.06037,18444,2026-08-28T17:44:43+00:00
2023-02-25,2022/2023,Leeds United,Southampton,1,0,0.720048,0.391128,18446,2026-08-28T17:44:43+00:00
2023-02-25,2022/2023,Leicester City,Arsenal,0,1,0.0203463,0.722059,18447,2026-08-28T17:44:43+00:00
2023-02-25,2022/2023,West Ham United,Nottingham Forest,4,0,3.05032,0.350849,18451,2026-08-28T17:44:43+00:00
2023-02-26,2022/2023,Tottenham Hotspur,Chelsea,2,0,0.926313,0.262281,18450,2026-08-28T17:44:43+00:00
2023-03-01,2022/2023,Liverpool,Wolverhampton Wanderers,2,0,2.70191,0.78681,18264,2026-08-28T17:44:43+00:00
2023-03-01,2022/2023,Arsenal,Everton,4,0,3.06919,1.604,18269,2026-08-28T17:44:43+00:00
2023-03-04,2022/2023,Arsenal,AFC Bournemouth,3,2,2.46279,1.74267,18452,2026-08-28T17:44:43+00:00
2023-03-04,2022/2023,Aston Villa,Crystal Palace,1,0,0.890605,0.152761,18453,2026-08-28T17:44:43+00:00
2023-03-04,2022/2023,Brighton & Hove Albion,West Ham United,4,0,3.49993,0.250045,18455,2026-08-28T17:44:43+00:00
2023-03-04,2022/2023,Chelsea,Leeds United,1,0,1.8678,0.633995,18456,2026-08-28T17:44:43+00:00
2023-03-04,2022/2023,Manchester City,Newcastle United,2,0,1.34144,0.359809,18458,2026-08-28T17:44:43+00:00
2023-03-04,2022/2023,Southampton,Leicester City,1,0,1.34332,1.67051,18460,2026-08-28T17:44:43+00:00
2023-03-04,2022/2023,Wolverhampton Wanderers,Tottenham Hotspur,1,0,0.562477,1.25588,18461,2026-08-28T17:44:43+00:00
2023-03-05,2022/2023,Liverpool,Manchester United,7,0,3.44269,0.837542,18457,2026-08-28T17:44:43+00:00
2023-03-05,2022/2023,Nottingham Forest,Everton,2,2,0.799733,1.70877,18459,2026-08-28T17:44:43+00:00
2023-03-06,2022/2023,Brentford,Fulham,3,2,2.44358,1.67531,18454,2026-08-28T17:44:43+00:00
2023-03-11,2022/2023,AFC Bournemouth,Liverpool,1,0,1.10128,2.13465,18462,2026-08-28T17:44:43+00:00
2023-03-11,2022/2023,Crystal Palace,Manchester City,0,1,0.185498,2.1884,18463,2026-08-28T17:44:43+00:00
2023-03-11,2022/2023,Everton,Brentford,1,0,1.71599,1.95088,18464,2026-08-28T17:44:43+00:00
2023-03-11,2022/2023,Leeds United,Brighton & Hove Albion,2,2,0.596738,1.51388,18466,2026-08-28T17:44:43+00:00
2023-03-11,2022/2023,Leicester City,Chelsea,1,3,2.36139,1.49478,18467,2026-08-28T17:44:43+00:00
2023-03-11,2022/2023,Tottenham Hotspur,Nottingham Forest,3,1,1.73482,1.62805,18470,2026-08-28T17:44:43+00:00
2023-03-12,2022/2023,Fulham,Arsenal,0,3,0.61832,2.64355,18465,2026-08-28T17:44:43+00:00
2023-03-12,2022/2023,Manchester United,Southampton,0,0,0.910911,1.18053,18468,2026-08-28T17:44:43+00:00
2023-03-12,2022/2023,Newcastle United,Wolverhampton Wanderers,2,1,2.45527,0.709895,18469,2026-08-28T17:44:43+00:00
2023-03-12,2022/2023,West Ham United,Aston Villa,1,1,2.14634,1.99139,18471,2026-08-28T17:44:43+00:00
2023-03-15,2022/2023,Southampton,Brentford,0,2,0.358977,1.66591,18265,2026-08-28T17:44:43+00:00
2023-03-15,2022/2023,Brighton & Hove Albion,Crystal Palace,1,0,0.588727,1.21452,18276,2026-08-28T17:44:43+00:00
2023-03-17,2022/2023,Nottingham Forest,Newcastle United,1,2,0.531985,2.50027,18479,2026-08-28T17:44:43+00:00
2023-03-18,2022/2023,Aston Villa,AFC Bournemouth,3,0,3.45474,0.50014,18473,2026-08-28T17:44:43+00:00
2023-03-18,2022/2023,Brentford,Leicester City,1,1,0.476467,1.42133,18474,2026-08-28T17:44:43+00:00
2023-03-18,2022/2023,Chelsea,Everton,2,2,1.90027,1.64675,18476,2026-08-28T17:44:43+00:00
2023-03-18,2022/2023,Southampton,Tottenham Hotspur,3,3,2.52077,1.88473,18480,2026-08-28T17:44:43+00:00
2023-03-18,2022/2023,Wolverhampton Wanderers,Leeds United,2,4,2.76358,1.6549,18481,2026-08-28T17:44:43+00:00
2023-03-19,2022/2023,Arsenal,Crystal Palace,4,1,1.53568,1.19194,18472,2026-08-28T17:44:43+00:00
2023-04-01,2022/2023,Arsenal,Leeds United,4,1,3.29548,0.497609,18482,2026-08-28T17:44:43+00:00
2023-04-01,2022/2023,AFC Bournemouth,Fulham,2,1,3.14054,0.601049,18483,2026-08-28T17:44:43+00:00
2023-04-01,2022/2023,Brighton & Hove Albion,Brentford,3,3,3.8195,1.2788,18484,2026-08-28T17:44:43+00:00
2023-04-01,2022/2023,Chelsea,Aston Villa,0,2,2.38024,0.765794,18485,2026-08-28T17:44:43+00:00
2023-04-01,2022/2023,Crystal Palace,Leicester City,2,1,1.93471,0.198959,18486,2026-08-28T17:44:43+00:00
2023-04-01,2022/2023,Manchester City,Liverpool,4,1,3.01243,0.318171,18488,2026-08-28T17:44:43+00:00
2023-04-01,2022/2023,Nottingham Forest,Wolverhampton Wanderers,1,1,1.11441,0.383739,18490,2026-08-28T17:44:43+00:00
2023-04-02,2022/2023,Newcastle United,Manchester United,2,0,3.33162,0.334127,18489,2026-08-28T17:44:43+00:00
2023-04-02,2022/2023,West Ham United,Southampton,1,0,1.40363,0.318261,18491,2026-08-28T17:44:43+00:00
2023-04-03,2022/2023,Everton,Tottenham Hotspur,1,1,0.823365,1.39177,18487,2026-08-28T17:44:43+00:00
2023-04-04,2022/2023,Leicester City,Aston Villa,1,2,0.671597,1.00159,18263,2026-08-28T17:44:43+00:00
2023-04-04,2022/2023,AFC Bournemouth,Brighton & Hove Albion,0,2,1.15322,2.63392,18266,2026-08-28T17:44:43+00:00
2023-04-04,2022/2023,Leeds United,Nottingham Forest,2,1,2.43248,0.613917,18271,2026-08-28T17:44:43+00:00
2023-04-04,2022/2023,Chelsea,Liverpool,0,0,2.18903,0.202217,18281,2026-08-28T17:44:43+00:00
2023-04-05,2022/2023,West Ham United,Newcastle United,1,5,0.83342,2.84091,18268,2026-08-28T17:44:43+00:00
2023-04-05,2022/2023,Manchester United,Brentford,1,0,1.1445,0.64499,18448,2026-08-28T17:44:43+00:00
2023-04-08,2022/2023,Aston Villa,Nottingham Forest,2,0,1.42718,0.232452,18492,2026-08-28T17:44:43+00:00
2023-04-08,2022/2023,Brentford,Newcastle United,1,2,2.06521,1.02337,18493,2026-08-28T17:44:43+00:00
2023-04-08,2022/2023,Fulham,West Ham United,0,1,0.456524,1.23261,18494,2026-08-28T17:44:43+00:00
2023-04-08,2022/2023,Leicester City,AFC Bournemouth,0,1,0.731965,1.92396,18496,2026-08-28T17:44:43+00:00
2023-04-08,2022/2023,Manchester United,Everton,2,0,4.38578,0.949183,18498,2026-08-28T17:44:43+00:00
2023-04-08,2022/2023,Southampton,Manchester City,1,4,0.492801,3.05999,18499,2026-08-28T17:44:43+00:00
2023-04-08,2022/2023,Tottenham Hotspur,Brighton & Hove Albion,2,1,0.594139,1.47549,18500,2026-08-28T17:44:43+00:00
2023-04-08,2022/2023,Wolverhampton Wanderers,Chelsea,1,0,0.601153,0.815308,18501,2026-08-28T17:44:43+00:00
2023-04-09,2022/2023,Leeds United,Crystal Palace,1,5,1.02075,3.22687,18495,2026-08-28T17:44:43+00:00
2023-04-09,2022/2023,Liverpool,Arsenal,2,2,4.64012,1.53631,18497,2026-08-28T17:44:43+00:00
2023-04-15,2022/2023,Aston Villa,Newcastle United,3,0,1.91802,0.425086,18502,2026-08-28T17:44:43+00:00
2023-04-15,2022/2023,Chelsea,Brighton & Hove Albion,1,2,0.46331,2.52107,18503,2026-08-28T17:44:43+00:00
2023-04-15,2022/2023,Everton,Fulham,1,3,2.24262,1.92209,18504,2026-08-28T17:44:43+00:00
2023-04-15,2022/2023,Manchester City,Leicester City,3,1,1.60702,1.92692,18506,2026-08-28T17:44:43+00:00
2023-04-15,2022/2023,Southampton,Crystal Palace,0,2,0.678449,0.86306,18508,2026-08-28T17:44:43+00:00
2023-04-15,2022/2023,Tottenham Hotspur,AFC Bournemouth,2,3,2.30604,1.20598,18509,2026-08-28T17:44:43+00:00
2023-04-15,2022/2023,Wolverhampton Wanderers,Brentford,2,0,0.93912,1.5133,18511,2026-08-28T17:44:43+00:00
2023-04-16,2022/2023,Nottingham Forest,Manchester United,0,2,1.05289,3.33747,18507,2026-08-28T17:44:43+00:00
2023-04-16,2022/2023,West Ham United,Arsenal,2,2,1.96095,2.71782,18510,2026-08-28T17:44:43+00:00
2023-04-17,2022/2023,Leeds United,Liverpool,1,6,1.16748,2.65476,18505,2026-08-28T17:44:43+00:00
2023-04-21,2022/2023,Arsenal,Southampton,3,3,2.39609,1.43063,18512,2026-08-28T17:44:43+00:00
2023-04-22,2022/2023,Brentford,Aston Villa,1,1,2.03162,1.66602,18514,2026-08-28T17:44:43+00:00
2023-04-22,2022/2023,Crystal Palace,Everton,0,0,0.368137,0.433712,18516,2026-08-28T17:44:43+00:00
2023-04-22,2022/2023,Fulham,Leeds United,2,1,1.43763,1.07482,18517,2026-08-28T17:44:43+00:00
2023-04-22,2022/2023,Leicester City,Wolverhampton Wanderers,2,1,2.66929,0.59626,18518,2026-08-28T17:44:43+00:00
2023-04-22,2022/2023,Liverpool,Nottingham Forest,3,2,3.32745,0.724666,18519,2026-08-28T17:44:43+00:00
2023-04-23,2022/2023,AFC Bournemouth,West Ham United,0,4,0.974687,2.52322,18513,2026-08-28T17:44:43+00:00
2023-04-23,2022/2023,Newcastle United,Tottenham Hotspur,6,1,3.98532,0.883001,18521,2026-08-28T17:44:43+00:00
2023-04-25,2022/2023,Leeds United,Leicester City,1,1,2.09645,2.08594,18523,2026-08-28T17:44:43+00:00
2023-04-25,2022/2023,Wolverhampton Wanderers,Crystal Palace,2,0,1.12829,0.580294,18527,2026-08-28T17:44:43+00:00
2023-04-25,2022/2023,Aston Villa,Fulham,1,0,0.839159,0.079864,18528,2026-08-28T17:44:43+00:00
2023-04-26,2022/2023,Nottingham Forest,Brighton & Hove Albion,3,1,2.43846,2.33064,18524,2026-08-28T17:44:43+00:00
2023-04-26,2022/2023,West Ham United,Liverpool,1,2,0.939348,1.7045,18526,2026-08-28T17:44:43+00:00
2023-04-26,2022/2023,Chelsea,Brentford,0,2,1.21124,0.695344,18529,2026-08-28T17:44:43+00:00
2023-04-26,2022/2023,Manchester City,Arsenal,4,1,2.01168,0.398372,18531,2026-08-28T17:44:43+00:00
2023-04-27,2022/2023,Everton,Newcastle United,1,4,0.777008,2.86368,18522,2026-08-28T17:44:43+00:00
2023-04-27,2022/2023,Tottenham Hotspur,Manchester United,2,2,2.37239,1.96508,18525,2026-08-28T17:44:43+00:00
2023-04-27,2022/2023,Southampton,AFC Bournemouth,0,1,0.477034,0.988554,18530,2026-08-28T17:44:43+00:00
2023-04-29,2022/2023,Brentford,Nottingham Forest,2,1,1.32059,0.939693,18534,2026-08-28T17:44:43+00:00
2023-04-29,2022/2023,Brighton & Hove Albion,Wolverhampton Wanderers,6,0,3.60471,0.603985,18535,2026-08-28T17:44:43+00:00
2023-04-29,2022/2023,Crystal Palace,West Ham United,4,3,2.31888,1.98262,18536,2026-08-28T17:44:43+00:00
2023-04-30,2022/2023,AFC Bournemouth,Leeds United,4,1,2.51723,1.33691,18533,2026-08-28T17:44:43+00:00
2023-04-30,2022/2023,Fulham,Manchester City,1,2,0.431813,2.32338,18537,2026-08-28T17:44:43+00:00
2023-04-30,2022/2023,Liverpool,Tottenham Hotspur,4,3,2.42911,1.44927,18539,2026-08-28T17:44:43+00:00
2023-04-30,2022/2023,Manchester United,Aston Villa,1,0,1.3056,0.434738,18540,2026-08-28T17:44:43+00:00
2023-04-30,2022/2023,Newcastle United,Southampton,3,1,3.91457,0.897175,18541,2026-08-28T17:44:43+00:00
2023-05-01,2022/2023,Leicester City,Everton,2,2,3.32486,3.28648,18538,2026-08-28T17:44:43+00:00
2023-05-02,2022/2023,Arsenal,Chelsea,3,1,2.7832,0.785202,18532,2026-08-28T17:44:43+00:00
2023-05-03,2022/2023,Liverpool,Fulham,1,0,1.67372,0.740125,18477,2026-08-28T17:44:43+00:00
2023-05-03,2022/2023,Manchester City,West Ham United,3,0,2.99908,0.492075,18478,2026-08-28T17:44:43+00:00
2023-05-04,2022/2023,Brighton & Hove Albion,Manchester United,1,0,2.09953,1.32105,18475,2026-08-28T17:44:43+00:00
2023-05-06,2022/2023,AFC Bournemouth,Chelsea,1,3,1.21755,1.76852,18542,2026-08-28T17:44:43+00:00
2023-05-06,2022/2023,Liverpool,Brentford,1,0,1.992,0.183892,18545,2026-08-28T17:44:43+00:00
2023-05-06,2022/2023,Manchester City,Leeds United,2,1,2.83472,0.140924,18546,2026-08-28T17:44:43+00:00
2023-05-06,2022/2023,Tottenham Hotspur,Crystal Palace,1,0,1.15665,0.306669,18549,2026-08-28T17:44:43+00:00
2023-05-06,2022/2023,Wolverhampton Wanderers,Aston Villa,1,0,0.80605,1.50158,18551,2026-08-28T17:44:43+00:00
2023-05-07,2022/2023,Newcastle United,Arsenal,0,2,1.37224,1.29061,18547,2026-08-28T17:44:43+00:00
2023-05-07,2022/2023,West Ham United,Manchester United,1,0,1.76618,1.1942,18550,2026-08-28T17:44:43+00:00
2023-05-08,2022/2023,Brighton & Hove Albion,Everton,1,5,3.23717,2.94223,18543,2026-08-28T17:44:43+00:00
2023-05-08,2022/2023,Fulham,Leicester City,5,3,1.75276,2.92566,18544,2026-08-28T17:44:43+00:00
2023-05-08,2022/2023,Nottingham Forest,Southampton,4,3,1.91326,3.31096,18548,2026-08-28T17:44:43+00:00
2023-05-13,2022/2023,Aston Villa,Tottenham Hotspur,2,1,1.79987,1.18505,18553,2026-08-28T17:44:43+00:00
2023-05-13,2022/2023,Chelsea,Nottingham Forest,2,2,0.999181,1.96797,18555,2026-08-28T17:44:43+00:00
2023-05-13,2022/2023,Crystal Palace,AFC Bournemouth,2,0,1.40237,0.262022,18556,2026-08-28T17:44:43+00:00
2023-05-13,2022/2023,Leeds United,Newcastle United,2,2,2.01567,2.35118,18558,2026-08-28T17:44:43+00:00
2023-05-13,2022/2023,Manchester United,Wolverhampton Wanderers,2,0,3.10118,0.268789,18560,2026-08-28T17:44:43+00:00
2023-05-13,2022/2023,Southampton,Fulham,0,2,0.149649,1.27085,18561,2026-08-28T17:44:43+00:00
2023-05-14,2022/2023,Arsenal,Brighton & Hove Albion,0,3,0.958651,2.21276,18552,2026-08-28T17:44:43+00:00
2023-05-14,2022/2023,Brentford,West Ham United,2,0,4.42571,0.203312,18554,2026-08-28T17:44:43+00:00
2023-05-14,2022/2023,Everton,Manchester City,0,3,1.18597,1.04338,18557,2026-08-28T17:44:43+00:00
2023-05-15,2022/2023,Leicester City,Liverpool,0,3,0.527496,1.77085,18559,2026-08-28T17:44:43+00:00
2023-05-18,2022/2023,Newcastle United,Brighton & Hove Albion,4,1,4.11359,0.593493,18449,2026-08-28T17:44:43+00:00
2023-05-20,2022/2023,AFC Bournemouth,Manchester United,0,1,0.815723,1.71783,18562,2026-08-28T17:44:43+00:00
2023-05-20,2022/2023,Fulham,Crystal Palace,2,2,1.95519,1.70785,18564,2026-08-28T17:44:43+00:00
2023-05-20,2022/2023,Liverpool,Aston Villa,1,1,0.918508,1.46948,18565,2026-08-28T17:44:43+00:00
2023-05-20,2022/2023,Nottingham Forest,Arsenal,1,0,1.1397,0.4902,18568,2026-08-28T17:44:43+00:00
2023-05-20,2022/2023,Tottenham Hotspur,Brentford,1,3,1.61667,1.15344,18569,2026-08-28T17:44:43+00:00
2023-05-20,2022/2023,Wolverhampton Wanderers,Everton,1,1,1.28976,2.46976,18571,2026-08-28T17:44:43+00:00
2023-05-21,2022/2023,Brighton & Hove Albion,Southampton,3,1,2.41418,0.863659,18563,2026-08-28T17:44:43+00:00
2023-05-21,2022/2023,Manchester City,Chelsea,1,0,1.20557,1.15648,18566,2026-08-28T17:44:43+00:00
2023-05-21,2022/2023,West Ham United,Leeds United,3,1,2.48001,0.645828,18570,2026-08-28T17:44:43+00:00
2023-05-22,2022/2023,Newcastle United,Leicester City,0,0,2.05089,0.0839072,18567,2026-08-28T17:44:43+00:00
2023-05-24,2022/2023,Brighton & Hove Albion,Manchester City,1,1,2.11486,1.92973,18515,2026-08-28T17:44:43+00:00
2023-05-25,2022/2023,Manchester United,Chelsea,4,1,4.92231,1.68364,18520,2026-08-28T17:44:43+00:00
2023-05-28,2022/2023,Arsenal,Wolverhampton Wanderers,5,0,3.02466,0.38772,18572,2026-08-28T17:44:43+00:00
2023-05-28,2022/2023,Aston Villa,Brighton & Hove Albion,2,1,2.55845,1.23117,18573,2026-08-28T17:44:43+00:00
2023-05-28,2022/2023,Brentford,Manchester City,1,0,1.43893,1.18649,18574,2026-08-28T17:44:43+00:00
2023-05-28,2022/2023,Chelsea,Newcastle United,1,1,2.01924,1.51899,18575,2026-08-28T17:44:43+00:00
2023-05-28,2022/2023,Crystal Palace,Nottingham Forest,1,1,1.00786,0.436439,18576,2026-08-28T17:44:43+00:00
2023-05-28,2022/2023,Everton,AFC Bournemouth,1,0,1.12933,0.432084,18577,2026-08-28T17:44:43+00:00
2023-05-28,2022/2023,Leeds United,Tottenham Hotspur,1,4,1.19151,2.03315,18578,2026-08-28T17:44:43+00:00
2023-05-28,2022/2023,Leicester City,West Ham United,2,1,2.03013,0.970352,18579,2026-08-28T17:44:43+00:00
2023-05-28,2022/2023,Manchester United,Fulham,2,1,2.74766,1.88167,18580,2026-08-28T17:44:43+00:00
2023-05-28,2022/2023,Southampton,Liverpool,4,4,1.33964,4.00345,18581,2026-08-28T17:44:43+00:00
2023-08-11,2023/2024,Burnley,Manchester City,0,3,0.311032,2.40074,22275,2026-08-28T17:44:43+00:00
2023-08-12,2023/2024,Arsenal,Nottingham Forest,2,1,0.84262,0.966305,22276,2026-08-28T17:44:43+00:00
2023-08-12,2023/2024,AFC Bournemouth,West Ham United,1,1,1.51025,1.4834,22277,2026-08-28T17:44:43+00:00
2023-08-12,2023/2024,Brighton & Hove Albion,Luton Town,4,1,4.36748,1.88594,22278,2026-08-28T17:44:43+00:00
2023-08-12,2023/2024,Everton,Fulham,0,1,2.59001,1.58144,22279,2026-08-28T17:44:43+00:00
2023-08-12,2023/2024,Sheffield United,Crystal Palace,0,1,0.422704,2.27616,22280,2026-08-28T17:44:43+00:00
2023-08-12,2023/2024,Newcastle United,Aston Villa,5,1,4.32208,1.486,22281,2026-08-28T17:44:43+00:00
2023-08-13,2023/2024,Brentford,Tottenham Hotspur,2,2,1.90756,1.45316,22282,2026-08-28T17:44:43+00:00
2023-08-13,2023/2024,Chelsea,Liverpool,1,1,1.93258,1.29994,22283,2026-08-28T17:44:43+00:00
2023-08-14,2023/2024,Manchester United,Wolverhampton Wanderers,1,0,1.97087,1.72228,22284,2026-08-28T17:44:43+00:00
2023-08-18,2023/2024,Nottingham Forest,Sheffield United,2,1,1.37181,0.551038,22285,2026-08-28T17:44:43+00:00
2023-08-19,2023/2024,Wolverhampton Wanderers,Brighton & Hove Albion,1,4,2.68821,3.15562,22286,2026-08-28T17:44:43+00:00
2023-08-19,2023/2024,Fulham,Brentford,0,3,0.399899,3.46888,22287,2026-08-28T17:44:43+00:00
2023-08-19,2023/2024,Liverpool,AFC Bournemouth,3,1,3.25448,1.3867,22288,2026-08-28T17:44:43+00:00
2023-08-19,2023/2024,Tottenham Hotspur,Manchester United,2,0,2.53904,2.44604,22290,2026-08-28T17:44:43+00:00
2023-08-19,2023/2024,Manchester City,Newcastle United,1,0,1.22528,0.257154,22291,2026-08-28T17:44:43+00:00
2023-08-20,2023/2024,Aston Villa,Everton,4,0,3.24336,0.721465,22292,2026-08-28T17:44:43+00:00
2023-08-20,2023/2024,West Ham United,Chelsea,3,1,1.71234,1.60916,22293,2026-08-28T17:44:43+00:00
2023-08-21,2023/2024,Crystal Palace,Arsenal,0,1,1.06916,2.20593,22294,2026-08-28T17:44:43+00:00
2023-08-25,2023/2024,Chelsea,Luton Town,3,0,3.41419,0.465741,22295,2026-08-28T17:44:43+00:00
2023-08-26,2023/2024,AFC Bournemouth,Tottenham Hotspur,0,2,0.483582,2.26115,22296,2026-08-28T17:44:43+00:00
2023-08-26,2023/2024,Arsenal,Fulham,2,2,3.23088,0.849817,22297,2026-08-28T17:44:43+00:00
2023-08-26,2023/2024,Brentford,Crystal Palace,1,1,0.948011,1.06061,22298,2026-08-28T17:44:43+00:00
2023-08-26,2023/2024,Everton,Wolverhampton Wanderers,0,1,1.89792,1.40228,22299,2026-08-28T17:44:43+00:00
2023-08-26,2023/2024,Manchester United,Nottingham Forest,3,2,3.02803,0.960354,22300,2026-08-28T17:44:43+00:00
2023-08-26,2023/2024,Brighton & Hove Albion,West Ham United,1,3,1.3743,2.9527,22301,2026-08-28T17:44:43+00:00
2023-08-27,2023/2024,Burnley,Aston Villa,1,3,0.630605,2.83691,22302,2026-08-28T17:44:43+00:00
2023-08-27,2023/2024,Sheffield United,Manchester City,1,2,0.762232,3.84804,22303,2026-08-28T17:44:43+00:00
2023-08-27,2023/2024,Newcastle United,Liverpool,1,2,1.62037,0.856121,22304,2026-08-28T17:44:43+00:00
2023-09-01,2023/2024,Luton Town,West Ham United,1,2,2.02244,1.22528,21925,2026-08-28T17:44:43+00:00
2023-09-02,2023/2024,Sheffield United,Everton,2,2,1.575,2.73871,21926,2026-08-28T17:44:43+00:00
2023-09-02,2023/2024,Manchester City,Fulham,5,1,2.00152,1.46427,21927,2026-08-28T17:44:43+00:00
2023-09-02,2023/2024,Brentford,AFC Bournemouth,2,2,3.07185,2.11013,21928,2026-08-28T17:44:43+00:00
2023-09-02,2023/2024,Burnley,Tottenham Hotspur,2,5,1.66604,2.39785,21929,2026-08-28T17:44:43+00:00
2023-09-02,2023/2024,Chelsea,Nottingham Forest,0,1,2.28442,1.1505,21930,2026-08-28T17:44:43+00:00
2023-09-02,2023/2024,Brighton & Hove Albion,Newcastle United,3,1,1.32258,0.90476,21931,2026-08-28T17:44:43+00:00
2023-09-03,2023/2024,Crystal Palace,Wolverhampton Wanderers,3,2,2.32935,1.13911,21932,2026-08-28T17:44:43+00:00
2023-09-03,2023/2024,Liverpool,Aston Villa,3,0,2.73138,0.615503,21933,2026-08-28T17:44:43+00:00
2023-09-03,2023/2024,Arsenal,Manchester United,3,1,1.90973,0.966109,21934,2026-08-28T17:44:43+00:00
2023-09-16,2023/2024,Wolverhampton Wanderers,Liverpool,1,3,0.538833,2.82701,21935,2026-08-28T17:44:43+00:00
2023-09-16,2023/2024,Tottenham Hotspur,Sheffield United,2,1,2.15909,0.790655,21936,2026-08-28T17:44:43+00:00
2023-09-16,2023/2024,West Ham United,Manchester City,1,3,0.895632,4.15046,21937,2026-08-28T17:44:43+00:00
2023-09-16,2023/2024,Aston Villa,Crystal Palace,3,1,2.31518,1.11696,21938,2026-08-28T17:44:43+00:00
2023-09-16,2023/2024,Fulham,Luton Town,1,0,1.75704,1.45705,21939,2026-08-28T17:44:43+00:00
2023-09-16,2023/2024,Manchester United,Brighton & Hove Albion,1,3,0.719951,1.93908,21940,2026-08-28T17:44:43+00:00
2023-09-16,2023/2024,Newcastle United,Brentford,1,0,1.50126,0.633678,21943,2026-08-28T17:44:43+00:00
2023-09-17,2023/2024,Everton,Arsenal,0,1,0.28317,0.802605,21941,2026-08-28T17:44:43+00:00
2023-09-17,2023/2024,AFC Bournemouth,Chelsea,0,0,1.32515,1.39677,21942,2026-08-28T17:44:43+00:00
2023-09-18,2023/2024,Nottingham Forest,Burnley,1,1,0.705795,0.807651,21944,2026-08-28T17:44:43+00:00
2023-09-23,2023/2024,Luton Town,Wolverhampton Wanderers,1,1,2.24101,0.762984,21945,2026-08-28T17:44:43+00:00
2023-09-23,2023/2024,Manchester City,Nottingham Forest,2,0,1.33984,0.729109,21946,2026-08-28T17:44:43+00:00
2023-09-23,2023/2024,Crystal Palace,Fulham,0,0,0.37236,0.542678,21948,2026-08-28T17:44:43+00:00
2023-09-23,2023/2024,Brentford,Everton,1,3,1.57402,2.51497,21949,2026-08-28T17:44:43+00:00
2023-09-23,2023/2024,Burnley,Manchester United,0,1,0.935444,0.840273,21950,2026-08-28T17:44:43+00:00
2023-09-24,2023/2024,Chelsea,Aston Villa,0,1,1.19716,1.13479,21947,2026-08-28T17:44:43+00:00
2023-09-24,2023/2024,Brighton & Hove Albion,AFC Bournemouth,3,1,2.14533,1.58984,21951,2026-08-28T17:44:43+00:00
2023-09-24,2023/2024,Arsenal,Tottenham Hotspur,2,2,2.3429,2.21166,21952,2026-08-28T17:44:43+00:00
2023-09-24,2023/2024,Liverpool,West Ham United,3,1,4.14262,1.53878,21953,2026-08-28T17:44:43+00:00
2023-09-24,2023/2024,Sheffield United,Newcastle United,0,8,0.579392,5.1082,21954,2026-08-28T17:44:43+00:00
2023-09-30,2023/2024,Aston Villa,Brighton & Hove Albion,6,1,1.90746,1.72819,21955,2026-08-28T17:44:43+00:00
2023-09-30,2023/2024,Everton,Luton Town,1,2,3.65377,1.5102,21956,2026-08-28T17:44:43+00:00
2023-09-30,2023/2024,Manchester United,Crystal Palace,0,1,1.55408,1.19015,21957,2026-08-28T17:44:43+00:00
2023-09-30,2023/2024,Newcastle United,Burnley,2,0,3.08516,0.801849,21958,2026-08-28T17:44:43+00:00
2023-09-30,2023/2024,AFC Bournemouth,Arsenal,0,4,0.644443,4.0742,21959,2026-08-28T17:44:43+00:00
2023-09-30,2023/2024,West Ham United,Sheffield United,2,0,3.19753,0.911997,21960,2026-08-28T17:44:43+00:00
2023-09-30,2023/2024,Wolverhampton Wanderers,Manchester City,2,1,0.673985,0.98075,21961,2026-08-28T17:44:43+00:00
2023-09-30,2023/2024,Tottenham Hotspur,Liverpool,2,1,2.18823,1.12299,21962,2026-08-28T17:44:43+00:00
2023-10-01,2023/2024,Nottingham Forest,Brentford,1,1,0.800317,1.75862,21963,2026-08-28T17:44:43+00:00
2023-10-02,2023/2024,Fulham,Chelsea,0,2,0.889383,1.98461,21964,2026-08-28T17:44:43+00:00
2023-10-03,2023/2024,Luton Town,Burnley,1,2,1.53058,0.920206,22289,2026-08-28T17:44:43+00:00
2023-10-07,2023/2024,Burnley,Chelsea,1,4,0.956642,1.97566,21967,2026-08-28T17:44:43+00:00
2023-10-07,2023/2024,Crystal Palace,Nottingham Forest,0,0,0.982452,1.22105,21968,2026-08-28T17:44:43+00:00
2023-10-07,2023/2024,Everton,AFC Bournemouth,3,0,3.16482,0.981732,21969,2026-08-28T17:44:43+00:00
2023-10-07,2023/2024,Fulham,Sheffield United,3,1,2.26612,0.251809,21970,2026-08-28T17:44:43+00:00
2023-10-07,2023/2024,Luton Town,Tottenham Hotspur,0,1,0.848118,2.37947,21971,2026-08-28T17:44:43+00:00
2023-10-07,2023/2024,Manchester United,Brentford,2,1,1.29356,1.02509,21972,2026-08-28T17:44:43+00:00
2023-10-08,2023/2024,Arsenal,Manchester City,1,0,0.386558,0.858071,21965,2026-08-28T17:44:43+00:00
2023-10-08,2023/2024,Brighton & Hove Albion,Liverpool,2,2,2.23187,2.51029,21966,2026-08-28T17:44:43+00:00
2023-10-08,2023/2024,West Ham United,Newcastle United,2,2,0.931345,1.97865,21973,2026-08-28T17:44:43+00:00
2023-10-08,2023/2024,Wolverhampton Wanderers,Aston Villa,1,1,1.76232,1.81618,21974,2026-08-28T17:44:43+00:00
2023-10-21,2023/2024,AFC Bournemouth,Wolverhampton Wanderers,1,2,1.01839,2.30454,21975,2026-08-28T17:44:43+00:00
2023-10-21,2023/2024,Brentford,Burnley,3,0,3.15685,0.693129,21977,2026-08-28T17:44:43+00:00
2023-10-21,2023/2024,Chelsea,Arsenal,2,2,1.71838,1.05791,21978,2026-08-28T17:44:43+00:00
2023-10-21,2023/2024,Liverpool,Everton,2,0,2.28568,0.0937725,21979,2026-08-28T17:44:43+00:00
2023-10-21,2023/2024,Manchester City,Brighton & Hove Albion,2,1,0.962509,0.963733,21980,2026-08-28T17:44:43+00:00
2023-10-21,2023/2024,Newcastle United,Crystal Palace,4,0,3.73336,1.08795,21981,2026-08-28T17:44:43+00:00
2023-10-21,2023/2024,Nottingham Forest,Luton Town,2,2,3.27549,1.49555,21982,2026-08-28T17:44:43+00:00
2023-10-21,2023/2024,Sheffield United,Manchester United,1,2,1.41074,1.46187,21983,2026-08-28T17:44:43+00:00
2023-10-22,2023/2024,Aston Villa,West Ham United,4,1,2.34143,0.659622,21976,2026-08-28T17:44:43+00:00
2023-10-23,2023/2024,Tottenham Hotspur,Fulham,2,0,1.63523,0.745838,21984,2026-08-28T17:44:43+00:00
2023-10-27,2023/2024,Crystal Palace,Tottenham Hotspur,1,2,0.561834,0.989103,21990,2026-08-28T17:44:43+00:00
2023-10-28,2023/2024,AFC Bournemouth,Burnley,2,1,1.10052,0.90255,21985,2026-08-28T17:44:43+00:00
2023-10-28,2023/2024,Arsenal,Sheffield United,5,0,3.03496,0.0281554,21986,2026-08-28T17:44:43+00:00
2023-10-28,2023/2024,Chelsea,Brentford,0,2,1.71801,2.48137,21989,2026-08-28T17:44:43+00:00
2023-10-28,2023/2024,Wolverhampton Wanderers,Newcastle United,2,2,0.863393,2.31987,21994,2026-08-28T17:44:43+00:00
2023-10-29,2023/2024,Aston Villa,Luton Town,3,1,3.07654,0.453117,21987,2026-08-28T17:44:43+00:00
2023-10-29,2023/2024,Brighton & Hove Albion,Fulham,1,1,1.31996,0.552523,21988,2026-08-28T17:44:43+00:00
2023-10-29,2023/2024,Liverpool,Nottingham Forest,3,0,2.70428,0.642014,21991,2026-08-28T17:44:43+00:00
2023-10-29,2023/2024,Manchester United,Manchester City,0,3,0.714628,4.54595,21992,2026-08-28T17:44:43+00:00
2023-10-29,2023/2024,West Ham United,Everton,0,1,0.618578,0.733813,21993,2026-08-28T17:44:43+00:00
2023-11-04,2023/2024,Brentford,West Ham United,3,2,1.82944,1.75505,21995,2026-08-28T17:44:43+00:00
2023-11-04,2023/2024,Burnley,Crystal Palace,0,2,1.4998,1.43653,21996,2026-08-28T17:44:43+00:00
2023-11-04,2023/2024,Everton,Brighton & Hove Albion,1,1,0.617607,0.442489,21997,2026-08-28T17:44:43+00:00
2023-11-04,2023/2024,Fulham,Manchester United,0,1,1.18241,0.697095,21998,2026-08-28T17:44:43+00:00
2023-11-04,2023/2024,Manchester City,AFC Bournemouth,6,1,2.39949,0.643127,22000,2026-08-28T17:44:43+00:00
2023-11-04,2023/2024,Newcastle United,Arsenal,1,0,1.12355,0.535473,22001,2026-08-28T17:44:43+00:00
2023-11-04,2023/2024,Sheffield United,Wolverhampton Wanderers,2,1,1.10165,1.14803,22003,2026-08-28T17:44:43+00:00
2023-11-05,2023/2024,Luton Town,Liverpool,1,1,1.3411,3.03925,21999,2026-08-28T17:44:43+00:00
2023-11-05,2023/2024,Nottingham Forest,Aston Villa,2,0,0.592447,1.33116,22002,2026-08-28T17:44:43+00:00
2023-11-06,2023/2024,Tottenham Hotspur,Chelsea,1,4,0.959108,4.05865,22004,2026-08-28T17:44:43+00:00
2023-11-11,2023/2024,AFC Bournemouth,Newcastle United,2,0,2.78424,0.306141,22005,2026-08-28T17:44:43+00:00
2023-11-11,2023/2024,Arsenal,Burnley,3,1,2.63194,0.327706,22006,2026-08-28T17:44:43+00:00
2023-11-11,2023/2024,Crystal Palace,Everton,2,3,1.89194,1.7904,22010,2026-08-28T17:44:43+00:00
2023-11-11,2023/2024,Manchester United,Luton Town,1,0,2.74105,0.408265,22012,2026-08-28T17:44:43+00:00
2023-11-11,2023/2024,Wolverhampton Wanderers,Tottenham Hotspur,2,1,1.90884,0.432315,22014,2026-08-28T17:44:43+00:00
2023-11-12,2023/2024,Aston Villa,Fulham,3,1,2.86039,0.648745,22007,2026-08-28T17:44:43+00:00
2023-11-12,2023/2024,Brighton & Hove Albion,Sheffield United,1,1,1.08601,0.84434,22008,2026-08-28T17:44:43+00:00
2023-11-12,2023/2024,Chelsea,Manchester City,4,4,3.47238,3.19324,22009,2026-08-28T17:44:43+00:00
2023-11-12,2023/2024,Liverpool,Brentford,3,0,1.56004,1.44954,22011,2026-08-28T17:44:43+00:00
2023-11-12,2023/2024,West Ham United,Nottingham Forest,3,2,2.06402,1.42128,22013,2026-08-28T17:44:43+00:00
2023-11-25,2023/2024,Brentford,Arsenal,0,1,1.66315,1.82699,22015,2026-08-28T17:44:43+00:00
2023-11-25,2023/2024,Burnley,West Ham United,1,2,1.44228,1.36963,22016,2026-08-28T17:44:43+00:00
2023-11-25,2023/2024,Luton Town,Crystal Palace,2,1,0.996153,1.83546,22019,2026-08-28T17:44:43+00:00
2023-11-25,2023/2024,Manchester City,Liverpool,1,1,1.79622,0.766278,22020,2026-08-28T17:44:43+00:00
2023-11-25,2023/2024,Newcastle United,Chelsea,4,1,2.15227,0.968061,22021,2026-08-28T17:44:43+00:00
2023-11-25,2023/2024,Nottingham Forest,Brighton & Hove Albion,2,3,2.22655,1.21792,22022,2026-08-28T17:44:43+00:00
2023-11-25,2023/2024,Sheffield United,AFC Bournemouth,1,3,0.816227,3.13975,22023,2026-08-28T17:44:43+00:00
2023-11-26,2023/2024,Everton,Manchester United,0,3,2.49764,2.07334,22017,2026-08-28T17:44:43+00:00
2023-11-26,2023/2024,Tottenham Hotspur,Aston Villa,1,2,2.22542,2.39755,22024,2026-08-28T17:44:43+00:00
2023-11-27,2023/2024,Fulham,Wolverhampton Wanderers,3,2,2.49057,1.57875,22018,2026-08-28T17:44:43+00:00
2023-12-02,2023/2024,Arsenal,Wolverhampton Wanderers,2,1,3.30368,1.07886,22026,2026-08-28T17:44:43+00:00
2023-12-02,2023/2024,Brentford,Luton Town,3,1,3.25952,0.227176,22027,2026-08-28T17:44:43+00:00
2023-12-02,2023/2024,Burnley,Sheffield United,5,0,2.60469,0.618131,22028,2026-08-28T17:44:43+00:00
2023-12-02,2023/2024,Newcastle United,Manchester United,1,0,2.90191,0.422674,22032,2026-08-28T17:44:43+00:00
2023-12-02,2023/2024,Nottingham Forest,Everton,0,1,0.673085,0.623789,22033,2026-08-28T17:44:43+00:00
2023-12-03,2023/2024,AFC Bournemouth,Aston Villa,2,2,2.54937,0.89511,22025,2026-08-28T17:44:43+00:00
2023-12-03,2023/2024,Chelsea,Brighton & Hove Albion,3,2,1.66304,0.855058,22029,2026-08-28T17:44:43+00:00
2023-12-03,2023/2024,Liverpool,Fulham,4,3,2.72831,1.51005,22030,2026-08-28T17:44:43+00:00
2023-12-03,2023/2024,Manchester City,Tottenham Hotspur,3,3,2.90729,0.433077,22031,2026-08-28T17:44:43+00:00
2023-12-03,2023/2024,West Ham United,Crystal Palace,1,1,1.1466,0.987682,22034,2026-08-28T17:44:43+00:00
2023-12-05,2023/2024,Luton Town,Arsenal,3,4,0.526254,2.58815,22039,2026-08-28T17:44:43+00:00
2023-12-05,2023/2024,Wolverhampton Wanderers,Burnley,1,0,1.11886,0.781542,22042,2026-08-28T17:44:43+00:00
2023-12-06,2023/2024,Aston Villa,Manchester City,1,0,2.1922,1.00198,22035,2026-08-28T17:44:43+00:00
2023-12-06,2023/2024,Brighton & Hove Albion,Brentford,2,1,1.54099,1.22007,22036,2026-08-28T17:44:43+00:00
2023-12-06,2023/2024,Fulham,Nottingham Forest,5,0,3.09427,0.218659,22038,2026-08-28T17:44:43+00:00
2023-12-06,2023/2024,Sheffield United,Liverpool,0,2,0.834172,1.80116,22040,2026-08-28T17:44:43+00:00
2023-12-06,2023/2024,Crystal Palace,AFC Bournemouth,0,2,1.26441,1.79997,22043,2026-08-28T17:44:43+00:00
2023-12-06,2023/2024,Manchester United,Chelsea,2,1,4.03949,2.3512,22044,2026-08-28T17:44:43+00:00
2023-12-07,2023/2024,Everton,Newcastle United,3,0,2.95393,1.29564,22037,2026-08-28T17:44:43+00:00
2023-12-07,2023/2024,Tottenham Hotspur,West Ham United,1,2,1.61268,1.7409,22041,2026-08-28T17:44:43+00:00
2023-12-09,2023/2024,Aston Villa,Arsenal,1,0,0.628499,1.71667,22045,2026-08-28T17:44:43+00:00
2023-12-09,2023/2024,Brighton & Hove Albion,Burnley,1,1,2.96247,1.05162,22046,2026-08-28T17:44:43+00:00
2023-12-09,2023/2024,Crystal Palace,Liverpool,1,2,1.79152,1.3708,22047,2026-08-28T17:44:43+00:00
2023-12-09,2023/2024,Manchester United,AFC Bournemouth,0,3,1.11296,1.9742,22051,2026-08-28T17:44:43+00:00
2023-12-09,2023/2024,Sheffield United,Brentford,1,0,0.841976,0.644638,22052,2026-08-28T17:44:43+00:00
2023-12-09,2023/2024,Wolverhampton Wanderers,Nottingham Forest,1,1,1.02199,1.21801,22054,2026-08-28T17:44:43+00:00
2023-12-10,2023/2024,Everton,Chelsea,2,0,1.11437,0.885512,22048,2026-08-28T17:44:43+00:00
2023-12-10,2023/2024,Fulham,West Ham United,5,0,2.1884,0.983,22049,2026-08-28T17:44:43+00:00
2023-12-10,2023/2024,Luton Town,Manchester City,1,2,0.689037,2.23353,22050,2026-08-28T17:44:43+00:00
2023-12-10,2023/2024,Tottenham Hotspur,Newcastle United,4,1,4.40118,1.61368,22053,2026-08-28T17:44:43+00:00
2023-12-15,2023/2024,Nottingham Forest,Tottenham Hotspur,0,2,1.70569,1.60738,22063,2026-08-28T17:44:43+00:00
2023-12-16,2023/2024,Burnley,Everton,0,2,0.811435,2.22305,22058,2026-08-28T17:44:43+00:00
2023-12-16,2023/2024,Chelsea,Sheffield United,2,0,3.27322,0.44014,22059,2026-08-28T17:44:43+00:00
2023-12-16,2023/2024,Manchester City,Crystal Palace,2,2,2.41646,1.64977,22061,2026-08-28T17:44:43+00:00
2023-12-16,2023/2024,Newcastle United,Fulham,3,0,4.27933,0.471042,22062,2026-08-28T17:44:43+00:00
2023-12-17,2023/2024,Arsenal,Brighton & Hove Albion,2,0,2.76976,0.663054,22056,2026-08-28T17:44:43+00:00
2023-12-17,2023/2024,Brentford,Aston Villa,1,2,0.796812,1.4664,22057,2026-08-28T17:44:43+00:00
2023-12-17,2023/2024,Liverpool,Manchester United,0,0,1.97111,0.632715,22060,2026-08-28T17:44:43+00:00
2023-12-17,2023/2024,West Ham United,Wolverhampton Wanderers,3,0,1.03828,0.556206,22064,2026-08-28T17:44:43+00:00
2023-12-21,2023/2024,Crystal Palace,Brighton & Hove Albion,1,1,1.65409,1.33653,22066,2026-08-28T17:44:43+00:00
2023-12-22,2023/2024,Aston Villa,Sheffield United,1,1,1.21861,0.646159,22065,2026-08-28T17:44:43+00:00
2023-12-23,2023/2024,Fulham,Burnley,0,2,1.38096,0.41714,22067,2026-08-28T17:44:43+00:00
2023-12-23,2023/2024,Liverpool,Arsenal,1,1,0.982901,0.851681,22068,2026-08-28T17:44:43+00:00
2023-12-23,2023/2024,Luton Town,Newcastle United,1,0,1.81844,1.41488,22069,2026-08-28T17:44:43+00:00
2023-12-23,2023/2024,Nottingham Forest,AFC Bournemouth,2,3,0.791806,1.89067,22070,2026-08-28T17:44:43+00:00
2023-12-23,2023/2024,Tottenham Hotspur,Everton,2,1,1.57527,1.98385,22071,2026-08-28T17:44:43+00:00
2023-12-23,2023/2024,West Ham United,Manchester United,2,0,1.51468,0.730496,22072,2026-08-28T17:44:43+00:00
2023-12-24,2023/2024,Wolverhampton Wanderers,Chelsea,2,1,1.74626,1.75447,22073,2026-08-28T17:44:43+00:00
2023-12-26,2023/2024,AFC Bournemouth,Fulham,3,0,2.07911,0.324365,22075,2026-08-28T17:44:43+00:00
2023-12-26,2023/2024,Burnley,Liverpool,0,2,0.972389,1.68451,22079,2026-08-28T17:44:43+00:00
2023-12-26,2023/2024,Manchester United,Aston Villa,3,2,1.20104,1.83637,22082,2026-08-28T17:44:43+00:00
2023-12-26,2023/2024,Newcastle United,Nottingham Forest,1,3,2.79106,3.1074,22083,2026-08-28T17:44:43+00:00
2023-12-26,2023/2024,Sheffield United,Luton Town,2,3,3.61788,0.715575,22084,2026-08-28T17:44:43+00:00
2023-12-27,2023/2024,Brentford,Wolverhampton Wanderers,1,4,2.59347,1.89483,22077,2026-08-28T17:44:43+00:00
2023-12-27,2023/2024,Chelsea,Crystal Palace,2,1,2.73005,0.958077,22080,2026-08-28T17:44:43+00:00
2023-12-27,2023/2024,Everton,Manchester City,1,3,1.23529,2.28321,22081,2026-08-28T17:44:43+00:00
2023-12-28,2023/2024,Arsenal,West Ham United,0,2,2.7884,1.59711,22076,2026-08-28T17:44:43+00:00
2023-12-28,2023/2024,Brighton & Hove Albion,Tottenham Hotspur,4,2,3.84702,2.06955,22078,2026-08-28T17:44:43+00:00
2023-12-30,2023/2024,Aston Villa,Burnley,3,2,2.92587,1.11923,22085,2026-08-28T17:44:43+00:00
2023-12-30,2023/2024,Crystal Palace,Brentford,3,1,1.61057,1.28731,22086,2026-08-28T17:44:43+00:00
2023-12-30,2023/2024,Luton Town,Chelsea,2,3,2.64093,1.57463,22089,2026-08-28T17:44:43+00:00
2023-12-30,2023/2024,Manchester City,Sheffield United,2,0,2.24229,0.263211,22090,2026-08-28T17:44:43+00:00
2023-12-30,2023/2024,Nottingham Forest,Manchester United,2,1,0.744348,0.651905,22091,2026-08-28T17:44:43+00:00
2023-12-30,2023/2024,Wolverhampton Wanderers,Everton,3,0,2.64477,0.519641,22094,2026-08-28T17:44:43+00:00
2023-12-31,2023/2024,Fulham,Arsenal,2,1,1.52829,1.6591,22087,2026-08-28T17:44:43+00:00
2023-12-31,2023/2024,Tottenham Hotspur,AFC Bournemouth,3,1,2.15027,1.58229,22092,2026-08-28T17:44:43+00:00
2024-01-01,2023/2024,Liverpool,Newcastle United,4,2,6.67151,0.910974,22088,2026-08-28T17:44:43+00:00
2024-01-02,2023/2024,West Ham United,Brighton & Hove Albion,0,0,0.9831,2.1552,22093,2026-08-28T17:44:43+00:00
2024-01-12,2023/2024,Burnley,Luton Town,1,1,1.52023,0.965167,22096,2026-08-28T17:44:43+00:00
2024-01-13,2023/2024,Chelsea,Fulham,1,0,2.0456,0.697847,22097,2026-08-28T17:44:43+00:00
2024-01-13,2023/2024,Newcastle United,Manchester City,2,3,1.23638,2.55452,22100,2026-08-28T17:44:43+00:00
2024-01-14,2023/2024,Everton,Aston Villa,0,0,1.03664,1.3435,22098,2026-08-28T17:44:43+00:00
2024-01-14,2023/2024,Manchester United,Tottenham Hotspur,2,2,0.923233,1.31224,22099,2026-08-28T17:44:43+00:00
2024-01-20,2023/2024,Arsenal,Crystal Palace,5,0,3.52167,0.288083,22103,2026-08-28T17:44:43+00:00
2024-01-20,2023/2024,Brentford,Nottingham Forest,3,2,1.94219,1.22251,22104,2026-08-28T17:44:43+00:00
2024-01-21,2023/2024,Sheffield United,West Ham United,2,2,2.61362,2.4241,22101,2026-08-28T17:44:43+00:00
2024-01-21,2023/2024,AFC Bournemouth,Liverpool,0,4,0.834585,1.53344,22102,2026-08-28T17:44:43+00:00
2024-01-22,2023/2024,Brighton & Hove Albion,Wolverhampton Wanderers,0,0,1.3701,1.14116,22095,2026-08-28T17:44:43+00:00
2024-01-30,2023/2024,Aston Villa,Newcastle United,1,3,1.44485,3.3224,22105,2026-08-28T17:44:43+00:00
2024-01-30,2023/2024,Fulham,Everton,0,0,2.37499,2.83317,22106,2026-08-28T17:44:43+00:00
2024-01-30,2023/2024,Luton Town,Brighton & Hove Albion,4,0,3.63312,1.01366,22107,2026-08-28T17:44:43+00:00
2024-01-30,2023/2024,Nottingham Forest,Arsenal,1,2,0.631618,1.39143,22108,2026-08-28T17:44:43+00:00
2024-01-30,2023/2024,Crystal Palace,Sheffield United,3,2,1.1601,0.768467,22112,2026-08-28T17:44:43+00:00
2024-01-31,2023/2024,Tottenham Hotspur,Brentford,3,2,3.36194,1.59637,22109,2026-08-28T17:44:43+00:00
2024-01-31,2023/2024,Liverpool,Chelsea,4,1,3.6627,0.477972,22113,2026-08-28T17:44:43+00:00
2024-01-31,2023/2024,Manchester City,Burnley,3,1,1.84756,1.49114,22114,2026-08-28T17:44:43+00:00
2024-02-01,2023/2024,West Ham United,AFC Bournemouth,1,1,1.3128,1.13487,22110,2026-08-28T17:44:43+00:00
2024-02-01,2023/2024,Wolverhampton Wanderers,Manchester United,3,4,2.27609,3.22698,22111,2026-08-28T17:44:43+00:00
2024-02-03,2023/2024,Brighton & Hove Albion,Crystal Palace,4,1,1.92591,0.241137,22118,2026-08-28T17:44:43+00:00
2024-02-03,2023/2024,Burnley,Fulham,2,2,1.00428,1.28806,22119,2026-08-28T17:44:43+00:00
2024-02-03,2023/2024,Everton,Tottenham Hotspur,2,2,3.25881,0.922371,22121,2026-08-28T17:44:43+00:00
2024-02-03,2023/2024,Newcastle United,Luton Town,4,4,2.37353,2.67463,22123,2026-08-28T17:44:43+00:00
2024-02-03,2023/2024,Sheffield United,Aston Villa,0,5,1.52784,2.99015,22124,2026-08-28T17:44:43+00:00
2024-02-04,2023/2024,AFC Bournemouth,Nottingham Forest,1,1,1.1895,0.456548,22115,2026-08-28T17:44:43+00:00
2024-02-04,2023/2024,Arsenal,Liverpool,3,1,2.8526,0.542052,22116,2026-08-28T17:44:43+00:00
2024-02-04,2023/2024,Chelsea,Wolverhampton Wanderers,2,4,2.35967,2.48996,22120,2026-08-28T17:44:43+00:00
2024-02-04,2023/2024,Manchester United,West Ham United,3,0,0.96721,1.1807,22122,2026-08-28T17:44:43+00:00
2024-02-05,2023/2024,Brentford,Manchester City,1,3,0.865741,2.10785,22117,2026-08-28T17:44:43+00:00
2024-02-10,2023/2024,Fulham,AFC Bournemouth,3,1,1.7456,2.60612,22127,2026-08-28T17:44:43+00:00
2024-02-10,2023/2024,Liverpool,Burnley,3,1,3.14734,1.11123,22128,2026-08-28T17:44:43+00:00
2024-02-10,2023/2024,Luton Town,Sheffield United,1,3,1.76215,1.98283,22129,2026-08-28T17:44:43+00:00
2024-02-10,2023/2024,Manchester City,Everton,2,0,1.58971,0.192072,22130,2026-08-28T17:44:43+00:00
2024-02-10,2023/2024,Nottingham Forest,Newcastle United,2,3,0.968075,0.511375,22131,2026-08-28T17:44:43+00:00
2024-02-10,2023/2024,Tottenham Hotspur,Brighton & Hove Albion,2,1,2.10928,1.49285,22132,2026-08-28T17:44:43+00:00
2024-02-10,2023/2024,Wolverhampton Wanderers,Brentford,0,2,1.05781,1.84908,22134,2026-08-28T17:44:43+00:00
2024-02-11,2023/2024,Aston Villa,Manchester United,1,2,2.64675,2.44591,22125,2026-08-28T17:44:43+00:00
2024-02-11,2023/2024,West Ham United,Arsenal,0,6,0.191065,3.99893,22133,2026-08-28T17:44:43+00:00
2024-02-12,2023/2024,Crystal Palace,Chelsea,1,3,0.719516,1.26948,22126,2026-08-28T17:44:43+00:00
2024-02-17,2023/2024,Brentford,Liverpool,1,4,1.69518,3.08952,22135,2026-08-28T17:44:43+00:00
2024-02-17,2023/2024,Burnley,Arsenal,0,5,0.335143,2.20575,22136,2026-08-28T17:44:43+00:00
2024-02-17,2023/2024,Fulham,Aston Villa,1,2,1.41796,1.57297,22138,2026-08-28T17:44:43+00:00
2024-02-17,2023/2024,Manchester City,Chelsea,1,1,2.77713,1.82903,22140,2026-08-28T17:44:43+00:00
2024-02-17,2023/2024,Newcastle United,AFC Bournemouth,2,2,2.38425,2.08098,22141,2026-08-28T17:44:43+00:00
2024-02-17,2023/2024,Nottingham Forest,West Ham United,2,0,2.66942,0.520016,22142,2026-08-28T17:44:43+00:00
2024-02-17,2023/2024,Tottenham Hotspur,Wolverhampton Wanderers,1,2,1.59768,1.77591,22144,2026-08-28T17:44:43+00:00
2024-02-18,2023/2024,Luton Town,Manchester United,1,2,1.57234,3.58973,22139,2026-08-28T17:44:43+00:00
2024-02-18,2023/2024,Sheffield United,Brighton & Hove Albion,0,5,0.586214,3.35549,22143,2026-08-28T17:44:43+00:00
2024-02-19,2023/2024,Everton,Crystal Palace,1,1,2.44588,0.734685,22137,2026-08-28T17:44:43+00:00
2024-02-20,2023/2024,Manchester City,Brentford,1,0,2.53766,0.503799,22074,2026-08-28T17:44:43+00:00
2024-02-21,2023/2024,Liverpool,Luton Town,4,1,3.70302,0.956512,22151,2026-08-28T17:44:43+00:00
2024-02-24,2023/2024,AFC Bournemouth,Manchester City,0,1,0.925889,1.79636,22145,2026-08-28T17:44:43+00:00
2024-02-24,2023/2024,Arsenal,Newcastle United,4,1,2.59336,0.217373,22146,2026-08-28T17:44:43+00:00
2024-02-24,2023/2024,Aston Villa,Nottingham Forest,4,2,3.48861,2.25569,22147,2026-08-28T17:44:43+00:00
2024-02-24,2023/2024,Brighton & Hove Albion,Everton,1,1,1.6538,0.286655,22148,2026-08-28T17:44:43+00:00
2024-02-24,2023/2024,Crystal Palace,Burnley,3,0,2.41612,0.0760216,22150,2026-08-28T17:44:43+00:00
2024-02-24,2023/2024,Manchester United,Fulham,1,2,1.96036,1.1385,22152,2026-08-28T17:44:43+00:00
2024-02-25,2023/2024,Wolverhampton Wanderers,Sheffield United,1,0,1.21618,0.654342,22154,2026-08-28T17:44:43+00:00
2024-02-26,2023/2024,West Ham United,Brentford,4,2,2.06873,1.33683,22153,2026-08-28T17:44:43+00:00
2024-03-02,2023/2024,Brentford,Chelsea,2,2,2.4732,2.1523,22155,2026-08-28T17:44:43+00:00
2024-03-02,2023/2024,Everton,West Ham United,1,3,3.12075,2.17948,22157,2026-08-28T17:44:43+00:00
2024-03-02,2023/2024,Fulham,Brighton & Hove Albion,3,0,1.37604,1.15198,22158,2026-08-28T17:44:43+00:00
2024-03-02,2023/2024,Luton Town,Aston Villa,2,3,2.43312,2.08586,22159,2026-08-28T17:44:43+00:00
2024-03-02,2023/2024,Newcastle United,Wolverhampton Wanderers,3,0,3.33495,0.507769,22161,2026-08-28T17:44:43+00:00
2024-03-02,2023/2024,Nottingham Forest,Liverpool,0,1,0.971466,1.32259,22162,2026-08-28T17:44:43+00:00
2024-03-02,2023/2024,Tottenham Hotspur,Crystal Palace,3,1,2.6625,0.277887,22164,2026-08-28T17:44:43+00:00
2024-03-03,2023/2024,Burnley,AFC Bournemouth,0,2,1.60461,1.43616,22156,2026-08-28T17:44:43+00:00
2024-03-03,2023/2024,Manchester City,Manchester United,3,1,2.64173,0.153764,22160,2026-08-28T17:44:43+00:00
2024-03-04,2023/2024,Sheffield United,Arsenal,0,6,0.201374,2.47294,22163,2026-08-28T17:44:43+00:00
2024-03-09,2023/2024,AFC Bournemouth,Sheffield United,2,2,3.92657,1.91752,22165,2026-08-28T17:44:43+00:00
2024-03-09,2023/2024,Arsenal,Brentford,2,1,1.59369,0.733239,22166,2026-08-28T17:44:43+00:00
2024-03-09,2023/2024,Crystal Palace,Luton Town,1,1,3.25103,1.08531,22170,2026-08-28T17:44:43+00:00
2024-03-09,2023/2024,Manchester United,Everton,2,0,2.9016,1.8214,22172,2026-08-28T17:44:43+00:00
2024-03-09,2023/2024,Wolverhampton Wanderers,Fulham,2,1,1.29589,2.94155,22174,2026-08-28T17:44:43+00:00
2024-03-10,2023/2024,Aston Villa,Tottenham Hotspur,0,4,1.23267,2.25381,22167,2026-08-28T17:44:43+00:00
2024-03-10,2023/2024,Brighton & Hove Albion,Nottingham Forest,1,0,0.534518,0.687034,22168,2026-08-28T17:44:43+00:00
2024-03-10,2023/2024,Liverpool,Manchester City,1,1,2.25492,1.37289,22171,2026-08-28T17:44:43+00:00
2024-03-10,2023/2024,West Ham United,Burnley,2,2,1.87414,0.88131,22173,2026-08-28T17:44:43+00:00
2024-03-11,2023/2024,Chelsea,Newcastle United,3,2,1.78315,0.568435,22169,2026-08-28T17:44:43+00:00
2024-03-13,2023/2024,AFC Bournemouth,Luton Town,4,3,2.84403,2.79419,25861,2026-08-28T17:44:43+00:00
2024-03-16,2023/2024,Burnley,Brentford,2,1,2.69776,1.25123,22177,2026-08-28T17:44:43+00:00
2024-03-16,2023/2024,Fulham,Tottenham Hotspur,3,0,2.47234,2.14564,22180,2026-08-28T17:44:43+00:00
2024-03-16,2023/2024,Luton Town,Nottingham Forest,1,1,0.853782,1.95268,22181,2026-08-28T17:44:43+00:00
2024-03-17,2023/2024,West Ham United,Aston Villa,1,1,1.32829,0.911274,22183,2026-08-28T17:44:43+00:00
2024-03-30,2023/2024,AFC Bournemouth,Everton,2,1,1.39268,0.93378,22185,2026-08-28T17:44:43+00:00
2024-03-30,2023/2024,Aston Villa,Wolverhampton Wanderers,2,0,1.28271,1.66232,22186,2026-08-28T17:44:43+00:00
2024-03-30,2023/2024,Brentford,Manchester United,1,1,3.16487,0.989565,22187,2026-08-28T17:44:43+00:00
2024-03-30,2023/2024,Chelsea,Burnley,2,2,4.46643,2.10422,22188,2026-08-28T17:44:43+00:00
2024-03-30,2023/2024,Newcastle United,West Ham United,4,3,3.80922,0.994584,22191,2026-08-28T17:44:43+00:00
2024-03-30,2023/2024,Nottingham Forest,Crystal Palace,1,1,0.784652,0.900972,22192,2026-08-28T17:44:43+00:00
2024-03-30,2023/2024,Sheffield United,Fulham,3,3,1.78824,1.10254,22193,2026-08-28T17:44:43+00:00
2024-03-30,2023/2024,Tottenham Hotspur,Luton Town,2,1,2.46523,0.402402,22194,2026-08-28T17:44:43+00:00
2024-03-31,2023/2024,Liverpool,Brighton & Hove Albion,2,1,3.21149,0.43922,22189,2026-08-28T17:44:43+00:00
2024-03-31,2023/2024,Manchester City,Arsenal,0,0,1.22009,0.511402,22190,2026-08-28T17:44:43+00:00
2024-04-02,2023/2024,AFC Bournemouth,Crystal Palace,1,0,1.30969,0.174389,22195,2026-08-28T17:44:43+00:00
2024-04-02,2023/2024,Burnley,Wolverhampton Wanderers,1,1,1.12581,1.01021,22197,2026-08-28T17:44:43+00:00
2024-04-02,2023/2024,Nottingham Forest,Fulham,3,1,1.94619,1.04304,22198,2026-08-28T17:44:43+00:00
2024-04-02,2023/2024,West Ham United,Tottenham Hotspur,1,1,1.47017,1.39423,22199,2026-08-28T17:44:43+00:00
2024-04-02,2023/2024,Newcastle United,Everton,1,1,2.65009,1.69834,22202,2026-08-28T17:44:43+00:00
2024-04-03,2023/2024,Arsenal,Luton Town,2,0,1.14384,0.292082,22196,2026-08-28T17:44:43+00:00
2024-04-03,2023/2024,Brentford,Brighton & Hove Albion,0,0,0.423299,1.22404,22200,2026-08-28T17:44:43+00:00
2024-04-03,2023/2024,Manchester City,Aston Villa,4,1,3.87704,1.18643,22204,2026-08-28T17:44:43+00:00
2024-04-04,2023/2024,Chelsea,Manchester United,4,3,3.48048,1.56686,22201,2026-08-28T17:44:43+00:00
2024-04-04,2023/2024,Liverpool,Sheffield United,3,1,2.51772,0.720948,22203,2026-08-28T17:44:43+00:00
2024-04-06,2023/2024,Aston Villa,Brentford,3,3,1.16333,1.42064,22205,2026-08-28T17:44:43+00:00
2024-04-06,2023/2024,Brighton & Hove Albion,Arsenal,0,3,0.428514,4.16518,22206,2026-08-28T17:44:43+00:00
2024-04-06,2023/2024,Crystal Palace,Manchester City,2,4,1.49472,2.26381,22207,2026-08-28T17:44:43+00:00
2024-04-06,2023/2024,Everton,Burnley,1,0,0.659844,0.34699,22208,2026-08-28T17:44:43+00:00
2024-04-06,2023/2024,Fulham,Newcastle United,0,1,0.834564,1.18012,22209,2026-08-28T17:44:43+00:00
2024-04-06,2023/2024,Luton Town,AFC Bournemouth,2,1,1.30478,0.616108,22210,2026-08-28T17:44:43+00:00
2024-04-06,2023/2024,Wolverhampton Wanderers,West Ham United,1,2,1.78341,1.14133,22214,2026-08-28T17:44:43+00:00
2024-04-07,2023/2024,Manchester United,Liverpool,2,2,0.814509,4.43457,22211,2026-08-28T17:44:43+00:00
2024-04-07,2023/2024,Sheffield United,Chelsea,2,2,1.74265,0.521789,22212,2026-08-28T17:44:43+00:00
2024-04-07,2023/2024,Tottenham Hotspur,Nottingham Forest,3,1,1.61978,2.00122,22213,2026-08-28T17:44:43+00:00
2024-04-13,2023/2024,AFC Bournemouth,Manchester United,2,2,2.38519,1.52274,22215,2026-08-28T17:44:43+00:00
2024-04-13,2023/2024,Brentford,Sheffield United,2,0,1.09071,0.834498,22217,2026-08-28T17:44:43+00:00
2024-04-13,2023/2024,Burnley,Brighton & Hove Albion,1,1,1.8522,0.889445,22218,2026-08-28T17:44:43+00:00
2024-04-13,2023/2024,Manchester City,Luton Town,5,1,4.64245,0.809775,22221,2026-08-28T17:44:43+00:00
2024-04-13,2023/2024,Newcastle United,Tottenham Hotspur,4,0,3.1483,0.737596,22222,2026-08-28T17:44:43+00:00
2024-04-13,2023/2024,Nottingham Forest,Wolverhampton Wanderers,2,2,1.76244,1.45688,22223,2026-08-28T17:44:43+00:00
2024-04-14,2023/2024,Arsenal,Aston Villa,0,2,1.89003,0.929049,22216,2026-08-28T17:44:43+00:00
2024-04-14,2023/2024,Liverpool,Crystal Palace,0,1,3.04497,2.12879,22220,2026-08-28T17:44:43+00:00
2024-04-14,2023/2024,West Ham United,Fulham,0,2,1.45307,3.61413,22224,2026-08-28T17:44:43+00:00
2024-04-15,2023/2024,Chelsea,Everton,6,0,3.37093,1.21791,22219,2026-08-28T17:44:43+00:00
2024-04-20,2023/2024,Luton Town,Brentford,1,5,0.497799,3.7809,22230,2026-08-28T17:44:43+00:00
2024-04-20,2023/2024,Sheffield United,Burnley,1,4,1.97816,2.42338,22232,2026-08-28T17:44:43+00:00
2024-04-20,2023/2024,Wolverhampton Wanderers,Arsenal,0,2,0.164516,1.66179,22234,2026-08-28T17:44:43+00:00
2024-04-21,2023/2024,Aston Villa,AFC Bournemouth,3,1,2.62687,2.05211,22225,2026-08-28T17:44:43+00:00
2024-04-21,2023/2024,Crystal Palace,West Ham United,5,2,3.7185,1.34536,22227,2026-08-28T17:44:43+00:00
2024-04-21,2023/2024,Everton,Nottingham Forest,2,0,0.473233,1.18916,22228,2026-08-28T17:44:43+00:00
2024-04-21,2023/2024,Fulham,Liverpool,1,3,0.83885,1.02445,22229,2026-08-28T17:44:43+00:00
2024-04-23,2023/2024,Arsenal,Chelsea,5,0,3.45858,1.60343,22175,2026-08-28T17:44:43+00:00
2024-04-24,2023/2024,Crystal Palace,Newcastle United,2,0,1.43661,0.55129,22178,2026-08-28T17:44:43+00:00
2024-04-24,2023/2024,Everton,Liverpool,2,0,1.89111,1.87155,22179,2026-08-28T17:44:43+00:00
2024-04-24,2023/2024,Manchester United,Sheffield United,4,2,3.51311,1.20517,22182,2026-08-28T17:44:43+00:00
2024-04-24,2023/2024,Wolverhampton Wanderers,AFC Bournemouth,0,1,0.484454,2.40311,22184,2026-08-28T17:44:43+00:00
2024-04-25,2023/2024,Brighton & Hove Albion,Manchester City,0,4,0.572021,1.90507,22176,2026-08-28T17:44:43+00:00
2024-04-27,2023/2024,Aston Villa,Chelsea,2,2,0.612257,1.56401,22236,2026-08-28T17:44:43+00:00
2024-04-27,2023/2024,Everton,Brentford,1,0,1.21399,0.956356,22237,2026-08-28T17:44:43+00:00
2024-04-27,2023/2024,Fulham,Crystal Palace,1,1,1.39418,1.05387,22238,2026-08-28T17:44:43+00:00
2024-04-27,2023/2024,Manchester United,Burnley,1,1,3.06197,1.89591,22239,2026-08-28T17:44:43+00:00
2024-04-27,2023/2024,Newcastle United,Sheffield United,5,1,2.93477,1.82408,22240,2026-08-28T17:44:43+00:00
2024-04-27,2023/2024,West Ham United,Liverpool,2,2,0.794025,2.29298,22243,2026-08-28T17:44:43+00:00
2024-04-27,2023/2024,Wolverhampton Wanderers,Luton Town,2,1,1.49011,0.90435,22244,2026-08-28T17:44:43+00:00
2024-04-28,2023/2024,AFC Bournemouth,Brighton & Hove Albion,3,0,2.48132,1.35682,22235,2026-08-28T17:44:43+00:00
2024-04-28,2023/2024,Tottenham Hotspur,Arsenal,2,3,2.60458,1.51469,22241,2026-08-28T17:44:43+00:00
2024-04-28,2023/2024,Nottingham Forest,Manchester City,0,2,2.17312,0.932063,22242,2026-08-28T17:44:43+00:00
2024-05-02,2023/2024,Chelsea,Tottenham Hotspur,2,0,2.22432,1.27064,22149,2026-08-28T17:44:43+00:00
2024-05-03,2023/2024,Luton Town,Everton,1,1,0.950391,1.22959,22252,2026-08-28T17:44:43+00:00
2024-05-04,2023/2024,Arsenal,AFC Bournemouth,3,0,3.91372,0.4687,22245,2026-08-28T17:44:43+00:00
2024-05-04,2023/2024,Brentford,Fulham,0,0,0.809379,1.45579,22246,2026-08-28T17:44:43+00:00
2024-05-04,2023/2024,Burnley,Newcastle United,1,4,1.28632,4.25643,22248,2026-08-28T17:44:43+00:00
2024-05-04,2023/2024,Manchester City,Wolverhampton Wanderers,5,1,4.52542,0.396887,22253,2026-08-28T17:44:43+00:00
2024-05-04,2023/2024,Sheffield United,Nottingham Forest,1,3,2.48986,1.93818,22254,2026-08-28T17:44:43+00:00
2024-05-05,2023/2024,Brighton & Hove Albion,Aston Villa,1,0,2.63566,0.0644055,22247,2026-08-28T17:44:43+00:00
2024-05-05,2023/2024,Chelsea,West Ham United,5,0,4.21838,0.893899,22249,2026-08-28T17:44:43+00:00
2024-05-05,2023/2024,Liverpool,Tottenham Hotspur,4,2,3.26222,1.17205,22251,2026-08-28T17:44:43+00:00
2024-05-06,2023/2024,Crystal Palace,Manchester United,4,0,2.0656,0.341417,22250,2026-08-28T17:44:43+00:00
2024-05-11,2023/2024,AFC Bournemouth,Brentford,1,2,1.07237,1.92722,22255,2026-08-28T17:44:43+00:00
2024-05-11,2023/2024,Everton,Sheffield United,1,0,1.82411,0.465523,22257,2026-08-28T17:44:43+00:00
2024-05-11,2023/2024,Fulham,Manchester City,0,4,0.0886245,3.15218,22258,2026-08-28T17:44:43+00:00
2024-05-11,2023/2024,Newcastle United,Brighton & Hove Albion,1,1,2.45163,1.91556,22260,2026-08-28T17:44:43+00:00
2024-05-11,2023/2024,Nottingham Forest,Chelsea,2,3,2.44569,2.41068,22261,2026-08-28T17:44:43+00:00
2024-05-11,2023/2024,Tottenham Hotspur,Burnley,2,1,3.00238,0.950331,22262,2026-08-28T17:44:43+00:00
2024-05-11,2023/2024,West Ham United,Luton Town,3,1,3.71009,0.640456,22263,2026-08-28T17:44:43+00:00
2024-05-11,2023/2024,Wolverhampton Wanderers,Crystal Palace,1,3,1.1561,2.51452,22264,2026-08-28T17:44:43+00:00
2024-05-12,2023/2024,Manchester United,Arsenal,0,1,0.551669,1.73104,22259,2026-08-28T17:44:43+00:00
2024-05-13,2023/2024,Aston Villa,Liverpool,3,3,2.71655,1.89968,22256,2026-08-28T17:44:43+00:00
2024-05-14,2023/2024,Tottenham Hotspur,Manchester City,0,2,1.84285,2.70331,22233,2026-08-28T17:44:43+00:00
2024-05-15,2023/2024,Brighton & Hove Albion,Chelsea,1,2,1.32423,1.544,22226,2026-08-28T17:44:43+00:00
2024-05-15,2023/2024,Manchester United,Newcastle United,3,2,1.49706,2.27657,22231,2026-08-28T17:44:43+00:00
2024-05-19,2023/2024,Arsenal,Everton,2,1,3.2117,0.664904,22265,2026-08-28T17:44:43+00:00
2024-05-19,2023/2024,Brentford,Newcastle United,2,4,1.70157,3.65044,22266,2026-08-28T17:44:43+00:00
2024-05-19,2023/2024,Brighton & Hove Albion,Manchester United,0,2,1.9717,1.00404,22267,2026-08-28T17:44:43+00:00
2024-05-19,2023/2024,Burnley,Nottingham Forest,1,2,1.08222,1.57962,22268,2026-08-28T17:44:43+00:00
2024-05-19,2023/2024,Chelsea,AFC Bournemouth,2,1,1.59771,2.002,22269,2026-08-28T17:44:43+00:00
2024-05-19,2023/2024,Crystal Palace,Aston Villa,5,0,2.23189,0.598846,22270,2026-08-28T17:44:43+00:00
2024-05-19,2023/2024,Liverpool,Wolverhampton Wanderers,2,0,5.65937,0.731254,22271,2026-08-28T17:44:43+00:00
2024-05-19,2023/2024,Luton Town,Fulham,2,4,2.06743,1.11598,22272,2026-08-28T17:44:43+00:00
2024-05-19,2023/2024,Manchester City,West Ham United,3,1,2.31504,0.240159,22273,2026-08-28T17:44:43+00:00
2024-05-19,2023/2024,Sheffield United,Tottenham Hotspur,0,3,0.697312,3.19675,22274,2026-08-28T17:44:43+00:00
2024-08-16,2024/2025,Manchester United,Fulham,1,0,2.04268,0.418711,26602,2026-08-28T17:44:43+00:00
2024-08-17,2024/2025,Ipswich Town,Liverpool,0,2,0.342601,3.92906,26603,2026-08-28T17:44:43+00:00
2024-08-17,2024/2025,Arsenal,Wolverhampton Wanderers,2,0,1.6283,0.575835,26604,2026-08-28T17:44:43+00:00
2024-08-17,2024/2025,Everton,Brighton & Hove Albion,0,3,0.405325,1.79083,26605,2026-08-28T17:44:43+00:00
2024-08-17,2024/2025,Newcastle United,Southampton,1,0,0.433489,1.95483,26606,2026-08-28T17:44:43+00:00
2024-08-17,2024/2025,Nottingham Forest,AFC Bournemouth,1,1,1.24405,1.90915,26607,2026-08-28T17:44:43+00:00
2024-08-17,2024/2025,West Ham United,Aston Villa,1,2,2.8047,2.6703,26608,2026-08-28T17:44:43+00:00
2024-08-18,2024/2025,Brentford,Crystal Palace,2,1,1.38064,1.14757,26609,2026-08-28T17:44:43+00:00
2024-08-18,2024/2025,Chelsea,Manchester City,0,2,1.06123,1.18038,26610,2026-08-28T17:44:43+00:00
2024-08-19,2024/2025,Leicester City,Tottenham Hotspur,1,1,1.02614,1.40775,26611,2026-08-28T17:44:43+00:00
2024-08-24,2024/2025,Brighton & Hove Albion,Manchester United,2,1,2.14153,1.28556,26612,2026-08-28T17:44:43+00:00
2024-08-24,2024/2025,Crystal Palace,West Ham United,0,2,1.3761,1.53421,26613,2026-08-28T17:44:43+00:00
2024-08-24,2024/2025,Fulham,Leicester City,2,1,1.96218,0.857005,26614,2026-08-28T17:44:43+00:00
2024-08-24,2024/2025,Manchester City,Ipswich Town,4,1,3.07818,0.479999,26615,2026-08-28T17:44:43+00:00
2024-08-24,2024/2025,Southampton,Nottingham Forest,0,1,0.214952,2.86475,26616,2026-08-28T17:44:43+00:00
2024-08-24,2024/2025,Tottenham Hotspur,Everton,4,0,2.61143,0.648869,26617,2026-08-28T17:44:43+00:00
2024-08-24,2024/2025,Aston Villa,Arsenal,0,2,1.31664,1.41399,26618,2026-08-28T17:44:43+00:00
2024-08-25,2024/2025,Wolverhampton Wanderers,Chelsea,2,6,2.4181,2.02935,26619,2026-08-28T17:44:43+00:00
2024-08-25,2024/2025,AFC Bournemouth,Newcastle United,1,1,2.53513,1.89287,26620,2026-08-28T17:44:43+00:00
2024-08-25,2024/2025,Liverpool,Brentford,2,0,2.71877,0.457239,26621,2026-08-28T17:44:43+00:00
2024-08-31,2024/2025,Arsenal,Brighton & Hove Albion,1,1,2.41798,1.81748,26622,2026-08-28T17:44:43+00:00
2024-08-31,2024/2025,Brentford,Southampton,3,1,3.86281,1.64713,26623,2026-08-28T17:44:43+00:00
2024-08-31,2024/2025,Everton,AFC Bournemouth,2,3,2.55629,2.95688,26624,2026-08-28T17:44:43+00:00
2024-08-31,2024/2025,Ipswich Town,Fulham,1,1,0.707048,1.18883,26625,2026-08-28T17:44:43+00:00
2024-08-31,2024/2025,Leicester City,Aston Villa,1,2,0.774741,2.16385,26626,2026-08-28T17:44:43+00:00
2024-08-31,2024/2025,Nottingham Forest,Wolverhampton Wanderers,1,1,1.41069,0.937632,26627,2026-08-28T17:44:43+00:00
2024-08-31,2024/2025,West Ham United,Manchester City,1,3,0.947201,3.19297,26628,2026-08-28T17:44:43+00:00
2024-09-01,2024/2025,Newcastle United,Tottenham Hotspur,2,1,1.58694,1.63304,26629,2026-08-28T17:44:43+00:00
2024-09-01,2024/2025,Chelsea,Crystal Palace,1,1,2.97743,0.459708,26630,2026-08-28T17:44:43+00:00
2024-09-01,2024/2025,Manchester United,Liverpool,0,3,1.50087,2.10397,26631,2026-08-28T17:44:43+00:00
2024-09-14,2024/2025,Southampton,Manchester United,0,3,1.35593,3.02693,26632,2026-08-28T17:44:43+00:00
2024-09-14,2024/2025,Brighton & Hove Albion,Ipswich Town,0,0,1.75696,0.721323,26633,2026-08-28T17:44:43+00:00
2024-09-14,2024/2025,Fulham,West Ham United,1,1,2.88601,0.682719,26634,2026-08-28T17:44:43+00:00
2024-09-14,2024/2025,Liverpool,Nottingham Forest,0,1,1.17044,0.589532,26635,2026-08-28T17:44:43+00:00
2024-09-14,2024/2025,Crystal Palace,Leicester City,2,2,2.88716,1.65187,26636,2026-08-28T17:44:43+00:00
2024-09-14,2024/2025,Manchester City,Brentford,2,1,1.55279,1.05094,26637,2026-08-28T17:44:43+00:00
2024-09-14,2024/2025,Aston Villa,Everton,3,2,3.15876,0.852158,26638,2026-08-28T17:44:43+00:00
2024-09-14,2024/2025,AFC Bournemouth,Chelsea,0,1,1.53731,0.932726,26639,2026-08-28T17:44:43+00:00
2024-09-15,2024/2025,Tottenham Hotspur,Arsenal,0,1,0.792595,1.1209,26640,2026-08-28T17:44:43+00:00
2024-09-15,2024/2025,Wolverhampton Wanderers,Newcastle United,1,2,1.46969,1.48343,26641,2026-08-28T17:44:43+00:00
2024-09-21,2024/2025,West Ham United,Chelsea,0,3,0.758267,2.39727,26642,2026-08-28T17:44:43+00:00
2024-09-21,2024/2025,Southampton,Ipswich Town,1,1,2.89813,1.645,26643,2026-08-28T17:44:43+00:00
2024-09-21,2024/2025,Leicester City,Everton,1,1,1.33793,1.82377,26644,2026-08-28T17:44:43+00:00
2024-09-21,2024/2025,Liverpool,AFC Bournemouth,3,0,2.43731,1.46979,26645,2026-08-28T17:44:43+00:00
2024-09-21,2024/2025,Fulham,Newcastle United,3,1,3.21141,1.09768,26646,2026-08-28T17:44:43+00:00
2024-09-21,2024/2025,Aston Villa,Wolverhampton Wanderers,3,1,2.37351,0.520117,26647,2026-08-28T17:44:43+00:00
2024-09-21,2024/2025,Tottenham Hotspur,Brentford,3,1,3.89481,0.893565,26648,2026-08-28T17:44:43+00:00
2024-09-21,2024/2025,Crystal Palace,Manchester United,0,0,1.66928,2.35056,26649,2026-08-28T17:44:43+00:00
2024-09-22,2024/2025,Brighton & Hove Albion,Nottingham Forest,2,2,1.56836,1.36923,26650,2026-08-28T17:44:43+00:00
2024-09-22,2024/2025,Manchester City,Arsenal,2,2,2.75588,1.28411,26651,2026-08-28T17:44:43+00:00
2024-09-28,2024/2025,Newcastle United,Manchester City,1,1,1.34344,1.26516,26652,2026-08-28T17:44:43+00:00
2024-09-28,2024/2025,Nottingham Forest,Fulham,0,1,0.614351,1.43592,26653,2026-08-28T17:44:43+00:00
2024-09-28,2024/2025,Everton,Crystal Palace,2,1,1.10959,1.12358,26654,2026-08-28T17:44:43+00:00
2024-09-28,2024/2025,Arsenal,Leicester City,4,2,6.05305,0.337909,26655,2026-08-28T17:44:43+00:00
2024-09-28,2024/2025,Brentford,West Ham United,1,1,0.370222,0.878617,26656,2026-08-28T17:44:43+00:00
2024-09-28,2024/2025,Chelsea,Brighton & Hove Albion,4,2,3.65839,1.20712,26657,2026-08-28T17:44:43+00:00
2024-09-28,2024/2025,Wolverhampton Wanderers,Liverpool,1,2,0.748925,2.11724,26658,2026-08-28T17:44:43+00:00
2024-09-29,2024/2025,Ipswich Town,Aston Villa,2,2,1.84608,1.14494,26659,2026-08-28T17:44:43+00:00
2024-09-29,2024/2025,Manchester United,Tottenham Hotspur,0,3,0.600721,5.4072,26660,2026-08-28T17:44:43+00:00
2024-09-30,2024/2025,AFC Bournemouth,Southampton,3,1,1.44215,0.696068,26661,2026-08-28T17:44:43+00:00
2024-10-05,2024/2025,Crystal Palace,Liverpool,0,1,0.609481,2.07332,26662,2026-08-28T17:44:43+00:00
2024-10-05,2024/2025,Leicester City,AFC Bournemouth,1,0,0.912063,1.94963,26663,2026-08-28T17:44:43+00:00
2024-10-05,2024/2025,Manchester City,Fulham,3,2,1.36684,2.75846,26664,2026-08-28T17:44:43+00:00
2024-10-05,2024/2025,West Ham United,Ipswich Town,4,1,4.39402,1.18463,26665,2026-08-28T17:44:43+00:00
2024-10-05,2024/2025,Arsenal,Southampton,3,1,3.25165,1.27313,26666,2026-08-28T17:44:43+00:00
2024-10-05,2024/2025,Brentford,Wolverhampton Wanderers,5,3,4.13513,0.696254,26667,2026-08-28T17:44:43+00:00
2024-10-05,2024/2025,Everton,Newcastle United,0,0,0.692214,1.79048,26669,2026-08-28T17:44:43+00:00
2024-10-06,2024/2025,Chelsea,Nottingham Forest,1,1,2.27752,1.66654,26668,2026-08-28T17:44:43+00:00
2024-10-06,2024/2025,Aston Villa,Manchester United,0,0,0.532809,0.448537,26670,2026-08-28T17:44:43+00:00
2024-10-06,2024/2025,Brighton & Hove Albion,Tottenham Hotspur,3,2,1.97217,1.09279,26671,2026-08-28T17:44:43+00:00
2024-10-19,2024/2025,Tottenham Hotspur,West Ham United,4,1,1.44052,0.858803,26672,2026-08-28T17:44:43+00:00
2024-10-19,2024/2025,Fulham,Aston Villa,1,3,2.63074,1.43595,26673,2026-08-28T17:44:43+00:00
2024-10-19,2024/2025,Ipswich Town,Everton,0,2,1.174,1.60804,26674,2026-08-28T17:44:43+00:00
2024-10-19,2024/2025,Manchester United,Brentford,2,1,1.76555,0.892843,26675,2026-08-28T17:44:43+00:00
2024-10-19,2024/2025,Newcastle United,Brighton & Hove Albion,0,1,1.93657,1.6779,26676,2026-08-28T17:44:43+00:00
2024-10-19,2024/2025,Southampton,Leicester City,2,3,2.42776,2.83826,26678,2026-08-28T17:44:43+00:00
2024-10-19,2024/2025,AFC Bournemouth,Arsenal,2,0,2.18419,0.740758,26680,2026-08-28T17:44:43+00:00
2024-10-20,2024/2025,Liverpool,Chelsea,2,1,2.22517,1.33904,26679,2026-08-28T17:44:43+00:00
2024-10-20,2024/2025,Wolverhampton Wanderers,Manchester City,1,2,0.761217,1.36569,26681,2026-08-28T17:44:43+00:00
2024-10-21,2024/2025,Nottingham Forest,Crystal Palace,1,0,1.88573,0.835001,26677,2026-08-28T17:44:43+00:00
2024-10-25,2024/2025,Leicester City,Nottingham Forest,1,3,0.832415,2.54488,26682,2026-08-28T17:44:43+00:00
2024-10-26,2024/2025,Manchester City,Southampton,1,0,3.16286,0.369989,26683,2026-08-28T17:44:43+00:00
2024-10-26,2024/2025,Aston Villa,AFC Bournemouth,1,1,1.974,0.328651,26684,2026-08-28T17:44:43+00:00
2024-10-26,2024/2025,Brentford,Ipswich Town,4,3,4.09663,1.65698,26685,2026-08-28T17:44:43+00:00
2024-10-26,2024/2025,Brighton & Hove Albion,Wolverhampton Wanderers,2,2,1.51347,1.11074,26686,2026-08-28T17:44:43+00:00
2024-10-26,2024/2025,Everton,Fulham,1,1,0.884845,1.49531,26687,2026-08-28T17:44:43+00:00
2024-10-27,2024/2025,Chelsea,Newcastle United,2,1,1.61794,1.74225,26688,2026-08-28T17:44:43+00:00
2024-10-27,2024/2025,Crystal Palace,Tottenham Hotspur,1,0,0.978611,1.0192,26689,2026-08-28T17:44:43+00:00
2024-10-27,2024/2025,West Ham United,Manchester United,2,1,2.99312,2.62598,26690,2026-08-28T17:44:43+00:00
2024-10-27,2024/2025,Arsenal,Liverpool,2,2,1.0883,1.35346,26691,2026-08-28T17:44:43+00:00
2024-11-02,2024/2025,AFC Bournemouth,Manchester City,2,1,2.4493,2.3527,26692,2026-08-28T17:44:43+00:00
2024-11-02,2024/2025,Newcastle United,Arsenal,1,0,0.859715,0.911305,26694,2026-08-28T17:44:43+00:00
2024-11-02,2024/2025,Ipswich Town,Leicester City,1,1,1.33617,2.33858,26695,2026-08-28T17:44:43+00:00
2024-11-02,2024/2025,Liverpool,Brighton & Hove Albion,2,1,1.81037,1.01568,26696,2026-08-28T17:44:43+00:00
2024-11-02,2024/2025,Nottingham Forest,West Ham United,3,0,2.35011,0.132317,26698,2026-08-28T17:44:43+00:00
2024-11-02,2024/2025,Southampton,Everton,1,0,0.540345,1.78581,26699,2026-08-28T17:44:43+00:00
2024-11-02,2024/2025,Wolverhampton Wanderers,Crystal Palace,2,2,1.65018,2.64849,26701,2026-08-28T17:44:43+00:00
2024-11-03,2024/2025,Manchester United,Chelsea,1,1,2.1605,1.21071,26697,2026-08-28T17:44:43+00:00
2024-11-03,2024/2025,Tottenham Hotspur,Aston Villa,4,1,2.09751,2.48749,26700,2026-08-28T17:44:43+00:00
2024-11-04,2024/2025,Fulham,Brentford,2,1,1.43017,0.739231,26693,2026-08-28T17:44:43+00:00
2024-11-09,2024/2025,Brentford,AFC Bournemouth,3,2,1.56474,2.49234,26702,2026-08-28T17:44:43+00:00
2024-11-09,2024/2025,Brighton & Hove Albion,Manchester City,2,1,2.87116,2.60334,26703,2026-08-28T17:44:43+00:00
2024-11-09,2024/2025,Crystal Palace,Fulham,0,2,1.96037,2.25331,26706,2026-08-28T17:44:43+00:00
2024-11-09,2024/2025,Liverpool,Aston Villa,2,0,2.68196,1.66337,26707,2026-08-28T17:44:43+00:00
2024-11-09,2024/2025,West Ham United,Everton,0,0,1.1237,0.865983,26710,2026-08-28T17:44:43+00:00
2024-11-09,2024/2025,Wolverhampton Wanderers,Southampton,2,0,0.912781,0.792655,26711,2026-08-28T17:44:43+00:00
2024-11-10,2024/2025,Nottingham Forest,Newcastle United,1,3,1.17852,1.86904,26704,2026-08-28T17:44:43+00:00
2024-11-10,2024/2025,Chelsea,Arsenal,1,1,1.24067,1.9605,26705,2026-08-28T17:44:43+00:00
2024-11-10,2024/2025,Manchester United,Leicester City,3,0,1.2369,0.417295,26708,2026-08-28T17:44:43+00:00
2024-11-10,2024/2025,Tottenham Hotspur,Ipswich Town,1,2,1.75088,2.18392,26709,2026-08-28T17:44:43+00:00
2024-11-23,2024/2025,AFC Bournemouth,Brighton & Hove Albion,1,2,1.91157,1.23059,26712,2026-08-28T17:44:43+00:00
2024-11-23,2024/2025,Arsenal,Nottingham Forest,3,0,1.66016,0.403136,26714,2026-08-28T17:44:43+00:00
2024-11-23,2024/2025,Everton,Brentford,0,0,1.5951,1.34314,26715,2026-08-28T17:44:43+00:00
2024-11-23,2024/2025,Aston Villa,Crystal Palace,2,2,3.04455,1.61437,26716,2026-08-28T17:44:43+00:00
2024-11-23,2024/2025,Fulham,Wolverhampton Wanderers,1,4,0.717158,1.33903,26717,2026-08-28T17:44:43+00:00
2024-11-23,2024/2025,Leicester City,Chelsea,1,2,0.967987,2.81658,26719,2026-08-28T17:44:43+00:00
2024-11-23,2024/2025,Manchester City,Tottenham Hotspur,0,4,2.15899,3.30449,26720,2026-08-28T17:44:43+00:00
2024-11-24,2024/2025,Ipswich Town,Manchester United,1,1,1.98714,1.26912,26718,2026-08-28T17:44:43+00:00
2024-11-24,2024/2025,Southampton,Liverpool,2,3,1.53985,3.18835,26721,2026-08-28T17:44:43+00:00
2024-11-25,2024/2025,Newcastle United,West Ham United,0,2,1.49781,0.942824,26713,2026-08-28T17:44:43+00:00
2024-11-29,2024/2025,Brighton & Hove Albion,Southampton,1,1,1.86986,0.934969,26723,2026-08-28T17:44:43+00:00
2024-11-30,2024/2025,Brentford,Leicester City,4,1,2.21885,0.907555,26722,2026-08-28T17:44:43+00:00
2024-11-30,2024/2025,Crystal Palace,Newcastle United,1,1,2.29595,0.020989,26725,2026-08-28T17:44:43+00:00
2024-11-30,2024/2025,Nottingham Forest,Ipswich Town,1,0,1.76587,0.462771,26728,2026-08-28T17:44:43+00:00
2024-11-30,2024/2025,West Ham United,Arsenal,2,5,1.23539,3.99935,26730,2026-08-28T17:44:43+00:00
2024-11-30,2024/2025,Wolverhampton Wanderers,AFC Bournemouth,2,4,0.866034,3.07901,26731,2026-08-28T17:44:43+00:00
2024-12-01,2024/2025,Chelsea,Aston Villa,3,0,1.94939,0.875443,26724,2026-08-28T17:44:43+00:00
2024-12-01,2024/2025,Liverpool,Manchester City,2,0,3.70054,0.745015,26726,2026-08-28T17:44:43+00:00
2024-12-01,2024/2025,Manchester United,Everton,4,0,1.76161,0.766749,26727,2026-08-28T17:44:43+00:00
2024-12-01,2024/2025,Tottenham Hotspur,Fulham,1,1,1.01086,1.57274,26729,2026-08-28T17:44:43+00:00
2024-12-03,2024/2025,Ipswich Town,Crystal Palace,0,1,0.471708,1.65422,26737,2026-08-28T17:44:43+00:00
2024-12-03,2024/2025,Leicester City,West Ham United,3,1,2.78061,2.87716,26738,2026-08-28T17:44:43+00:00
2024-12-04,2024/2025,Arsenal,Manchester United,2,0,2.96684,0.256083,26733,2026-08-28T17:44:43+00:00
2024-12-04,2024/2025,Aston Villa,Brentford,3,1,3.21673,1.13266,26734,2026-08-28T17:44:43+00:00
2024-12-04,2024/2025,Everton,Wolverhampton Wanderers,4,0,1.49904,0.847724,26735,2026-08-28T17:44:43+00:00
2024-12-04,2024/2025,Manchester City,Nottingham Forest,3,0,3.20169,0.802155,26739,2026-08-28T17:44:43+00:00
2024-12-04,2024/2025,Newcastle United,Liverpool,3,3,1.52057,2.22766,26740,2026-08-28T17:44:43+00:00
2024-12-04,2024/2025,Southampton,Chelsea,1,5,1.91014,5.8331,26741,2026-08-28T17:44:43+00:00
2024-12-05,2024/2025,AFC Bournemouth,Tottenham Hotspur,1,0,3.27716,0.623934,26732,2026-08-28T17:44:43+00:00
2024-12-05,2024/2025,Fulham,Brighton & Hove Albion,3,1,0.666644,1.09939,26736,2026-08-28T17:44:43+00:00
2024-12-07,2024/2025,Aston Villa,Southampton,1,0,2.51338,0.385832,26742,2026-08-28T17:44:43+00:00
2024-12-07,2024/2025,Brentford,Newcastle United,4,2,1.746,1.95645,26743,2026-08-28T17:44:43+00:00
2024-12-07,2024/2025,Manchester United,Nottingham Forest,2,3,1.4697,0.651217,26744,2026-08-28T17:44:43+00:00
2024-12-07,2024/2025,Crystal Palace,Manchester City,2,2,1.21476,1.5846,26747,2026-08-28T17:44:43+00:00
2024-12-08,2024/2025,Tottenham Hotspur,Chelsea,3,4,3.25488,2.57326,26745,2026-08-28T17:44:43+00:00
2024-12-08,2024/2025,Fulham,Arsenal,1,1,0.150988,2.4333,26749,2026-08-28T17:44:43+00:00
2024-12-08,2024/2025,Ipswich Town,AFC Bournemouth,1,2,1.5668,3.49127,26750,2026-08-28T17:44:43+00:00
2024-12-08,2024/2025,Leicester City,Brighton & Hove Albion,2,2,1.42438,1.12184,26751,2026-08-28T17:44:43+00:00
2024-12-09,2024/2025,West Ham United,Wolverhampton Wanderers,2,1,1.19808,1.47567,26746,2026-08-28T17:44:43+00:00
2024-12-14,2024/2025,Liverpool,Fulham,2,2,2.09698,1.2862,26752,2026-08-28T17:44:43+00:00
2024-12-14,2024/2025,Arsenal,Everton,0,0,1.30865,0.132166,26755,2026-08-28T17:44:43+00:00
2024-12-14,2024/2025,Wolverhampton Wanderers,Ipswich Town,1,2,1.23748,1.73349,26758,2026-08-28T17:44:43+00:00
2024-12-14,2024/2025,Newcastle United,Leicester City,4,0,3.95461,0.186759,26760,2026-08-28T17:44:43+00:00
2024-12-14,2024/2025,Nottingham Forest,Aston Villa,2,1,2.2861,0.389423,26761,2026-08-28T17:44:43+00:00
2024-12-15,2024/2025,Manchester City,Manchester United,1,2,0.638103,2.04662,26753,2026-08-28T17:44:43+00:00
2024-12-15,2024/2025,Brighton & Hove Albion,Crystal Palace,1,3,1.32323,3.00618,26756,2026-08-28T17:44:43+00:00
2024-12-15,2024/2025,Chelsea,Brentford,2,1,2.59146,1.65861,26757,2026-08-28T17:44:43+00:00
2024-12-15,2024/2025,Southampton,Tottenham Hotspur,0,5,1.27356,3.89322,26759,2026-08-28T17:44:43+00:00
2024-12-16,2024/2025,AFC Bournemouth,West Ham United,1,1,2.04842,1.81827,26754,2026-08-28T17:44:43+00:00
2024-12-21,2024/2025,Aston Villa,Manchester City,2,1,2.05988,1.09627,26762,2026-08-28T17:44:43+00:00
2024-12-21,2024/2025,Crystal Palace,Arsenal,1,5,1.6052,3.05434,26765,2026-08-28T17:44:43+00:00
2024-12-21,2024/2025,Brentford,Nottingham Forest,0,2,0.769004,0.964897,26766,2026-08-28T17:44:43+00:00
2024-12-21,2024/2025,West Ham United,Brighton & Hove Albion,1,1,1.22937,1.34379,26767,2026-08-28T17:44:43+00:00
2024-12-21,2024/2025,Ipswich Town,Newcastle United,0,4,1.06427,3.23386,26771,2026-08-28T17:44:43+00:00
2024-12-22,2024/2025,Fulham,Southampton,0,0,1.25255,0.280031,26763,2026-08-28T17:44:43+00:00
2024-12-22,2024/2025,Everton,Chelsea,0,0,1.07081,1.51591,26764,2026-08-28T17:44:43+00:00
2024-12-22,2024/2025,Tottenham Hotspur,Liverpool,3,6,1.20245,5.20214,26768,2026-08-28T17:44:43+00:00
2024-12-22,2024/2025,Manchester United,AFC Bournemouth,0,3,2.28533,1.82831,26769,2026-08-28T17:44:43+00:00
2024-12-22,2024/2025,Leicester City,Wolverhampton Wanderers,0,3,0.78868,1.13531,26770,2026-08-28T17:44:43+00:00
2024-12-26,2024/2025,AFC Bournemouth,Crystal Palace,0,0,1.20189,0.500066,26772,2026-08-28T17:44:43+00:00
2024-12-26,2024/2025,Chelsea,Fulham,1,2,1.55626,1.77929,26775,2026-08-28T17:44:43+00:00
2024-12-26,2024/2025,Liverpool,Leicester City,3,1,1.89935,0.22097,26776,2026-08-28T17:44:43+00:00
2024-12-26,2024/2025,Manchester City,Everton,1,1,2.51965,0.653289,26777,2026-08-28T17:44:43+00:00
2024-12-26,2024/2025,Newcastle United,Aston Villa,3,0,2.82867,0.225522,26778,2026-08-28T17:44:43+00:00
2024-12-26,2024/2025,Nottingham Forest,Tottenham Hotspur,1,0,1.30018,1.05758,26779,2026-08-28T17:44:43+00:00
2024-12-26,2024/2025,Southampton,West Ham United,0,1,2.19833,1.90111,26780,2026-08-28T17:44:43+00:00
2024-12-26,2024/2025,Wolverhampton Wanderers,Manchester United,2,0,0.826489,0.358876,26781,2026-08-28T17:44:43+00:00
2024-12-27,2024/2025,Arsenal,Ipswich Town,1,0,2.16462,0.0783327,26773,2026-08-28T17:44:43+00:00
2024-12-27,2024/2025,Brighton & Hove Albion,Brentford,0,0,1.33538,0.961233,26774,2026-08-28T17:44:43+00:00
2024-12-29,2024/2025,Crystal Palace,Southampton,2,1,3.05417,1.21853,26784,2026-08-28T17:44:43+00:00
2024-12-29,2024/2025,Everton,Nottingham Forest,0,2,0.615191,2.02753,26785,2026-08-28T17:44:43+00:00
2024-12-29,2024/2025,Fulham,AFC Bournemouth,2,2,0.961566,1.70692,26786,2026-08-28T17:44:43+00:00
2024-12-29,2024/2025,Leicester City,Manchester City,0,2,1.84208,1.58002,26788,2026-08-28T17:44:43+00:00
2024-12-29,2024/2025,Tottenham Hotspur,Wolverhampton Wanderers,2,2,2.28433,0.640697,26790,2026-08-28T17:44:43+00:00
2024-12-29,2024/2025,West Ham United,Liverpool,0,5,0.518279,3.29868,26791,2026-08-28T17:44:43+00:00
2024-12-30,2024/2025,Aston Villa,Brighton & Hove Albion,2,2,1.87997,0.938042,26782,2026-08-28T17:44:43+00:00
2024-12-30,2024/2025,Ipswich Town,Chelsea,2,0,1.50093,1.60622,26787,2026-08-28T17:44:43+00:00
2024-12-30,2024/2025,Manchester United,Newcastle United,0,2,1.00073,2.2424,26789,2026-08-28T17:44:43+00:00
2025-01-01,2024/2025,Brentford,Arsenal,1,3,0.272604,1.99848,26783,2026-08-28T17:44:43+00:00
2025-01-04,2024/2025,AFC Bournemouth,Everton,1,0,2.61852,0.561015,26792,2026-08-28T17:44:43+00:00
2025-01-04,2024/2025,Aston Villa,Leicester City,2,1,2.3456,0.81548,26793,2026-08-28T17:44:43+00:00
2025-01-04,2024/2025,Brighton & Hove Albion,Arsenal,1,1,1.76513,1.81142,26794,2026-08-28T17:44:43+00:00
2025-01-04,2024/2025,Crystal Palace,Chelsea,1,1,1.2766,1.51541,26795,2026-08-28T17:44:43+00:00
2025-01-04,2024/2025,Manchester City,West Ham United,4,1,1.97986,1.53286,26798,2026-08-28T17:44:43+00:00
2025-01-04,2024/2025,Southampton,Brentford,0,5,0.249614,5.54874,26799,2026-08-28T17:44:43+00:00
2025-01-04,2024/2025,Tottenham Hotspur,Newcastle United,1,2,1.00333,2.42963,26800,2026-08-28T17:44:43+00:00
2025-01-05,2024/2025,Fulham,Ipswich Town,2,2,2.65469,1.4434,26796,2026-08-28T17:44:43+00:00
2025-01-05,2024/2025,Liverpool,Manchester United,2,2,2.862,1.67469,26797,2026-08-28T17:44:43+00:00
2025-01-06,2024/2025,Wolverhampton Wanderers,Nottingham Forest,0,3,1.90463,2.57227,26801,2026-08-28T17:44:43+00:00
2025-01-14,2024/2025,Brentford,Manchester City,2,2,2.39088,2.65315,26803,2026-08-28T17:44:43+00:00
2025-01-14,2024/2025,Nottingham Forest,Liverpool,1,1,0.5292,2.72291,26807,2026-08-28T17:44:43+00:00
2025-01-14,2024/2025,West Ham United,Fulham,3,2,0.937322,2.83581,26808,2026-08-28T17:44:43+00:00
2025-01-14,2024/2025,Chelsea,AFC Bournemouth,2,2,2.53808,1.14845,26809,2026-08-28T17:44:43+00:00
2025-01-15,2024/2025,Arsenal,Tottenham Hotspur,2,1,2.25501,0.777071,26802,2026-08-28T17:44:43+00:00
2025-01-15,2024/2025,Everton,Aston Villa,0,1,1.23126,1.28522,26804,2026-08-28T17:44:43+00:00
2025-01-15,2024/2025,Leicester City,Crystal Palace,0,2,2.09904,2.2647,26806,2026-08-28T17:44:43+00:00
2025-01-15,2024/2025,Newcastle United,Wolverhampton Wanderers,3,0,2.13327,1.47433,26810,2026-08-28T17:44:43+00:00
2025-01-16,2024/2025,Ipswich Town,Brighton & Hove Albion,0,2,0.268127,1.06343,26805,2026-08-28T17:44:43+00:00
2025-01-16,2024/2025,Manchester United,Southampton,3,1,3.10847,1.36705,26811,2026-08-28T17:44:43+00:00
2025-01-18,2024/2025,Arsenal,Aston Villa,2,2,1.64458,1.20602,26812,2026-08-28T17:44:43+00:00
2025-01-18,2024/2025,Brentford,Liverpool,0,2,1.20021,4.16249,26813,2026-08-28T17:44:43+00:00
2025-01-18,2024/2025,Leicester City,Fulham,0,2,0.676934,2.36823,26817,2026-08-28T17:44:43+00:00
2025-01-18,2024/2025,Newcastle United,AFC Bournemouth,1,4,0.837801,2.70174,26819,2026-08-28T17:44:43+00:00
2025-01-18,2024/2025,West Ham United,Crystal Palace,0,2,0.221062,1.62561,26821,2026-08-28T17:44:43+00:00
2025-01-19,2024/2025,Everton,Tottenham Hotspur,3,2,2.56089,1.35719,26815,2026-08-28T17:44:43+00:00
2025-01-19,2024/2025,Ipswich Town,Manchester City,0,6,0.795637,3.20228,26816,2026-08-28T17:44:43+00:00
2025-01-19,2024/2025,Manchester United,Brighton & Hove Albion,1,3,1.31823,2.17172,26818,2026-08-28T17:44:43+00:00
2025-01-19,2024/2025,Nottingham Forest,Southampton,3,2,2.36419,1.25922,26820,2026-08-28T17:44:43+00:00
2025-01-20,2024/2025,Chelsea,Wolverhampton Wanderers,3,1,3.14882,1.06726,26814,2026-08-28T17:44:43+00:00
2025-01-25,2024/2025,AFC Bournemouth,Nottingham Forest,5,0,2.8254,0.996166,26822,2026-08-28T17:44:43+00:00
2025-01-25,2024/2025,Brighton & Hove Albion,Everton,0,1,0.64378,0.870883,26824,2026-08-28T17:44:43+00:00
2025-01-25,2024/2025,Liverpool,Ipswich Town,4,1,2.16809,0.804707,26827,2026-08-28T17:44:43+00:00
2025-01-25,2024/2025,Manchester City,Chelsea,3,1,2.23213,1.49843,26828,2026-08-28T17:44:43+00:00
2025-01-25,2024/2025,Southampton,Newcastle United,1,3,0.825621,3.08319,26829,2026-08-28T17:44:43+00:00
2025-01-25,2024/2025,Wolverhampton Wanderers,Arsenal,0,1,0.514724,0.887358,26831,2026-08-28T17:44:43+00:00
2025-01-26,2024/2025,Aston Villa,West Ham United,1,1,0.907851,1.67886,26823,2026-08-28T17:44:43+00:00
2025-01-26,2024/2025,Crystal Palace,Brentford,1,2,1.23177,1.92037,26825,2026-08-28T17:44:43+00:00
2025-01-26,2024/2025,Fulham,Manchester United,0,1,0.560571,0.201988,26826,2026-08-28T17:44:43+00:00
2025-01-26,2024/2025,Tottenham Hotspur,Leicester City,1,2,1.27483,1.40469,26830,2026-08-28T17:44:43+00:00
2025-02-01,2024/2025,AFC Bournemouth,Liverpool,0,2,1.65273,2.7219,26832,2026-08-28T17:44:43+00:00
2025-02-01,2024/2025,Everton,Leicester City,4,0,3.11261,0.447136,26836,2026-08-28T17:44:43+00:00
2025-02-01,2024/2025,Ipswich Town,Southampton,1,2,1.94845,1.17566,26837,2026-08-28T17:44:43+00:00
2025-02-01,2024/2025,Newcastle United,Fulham,1,2,1.22716,1.60881,26839,2026-08-28T17:44:43+00:00
2025-02-01,2024/2025,Nottingham Forest,Brighton & Hove Albion,7,0,4.0677,0.756296,26840,2026-08-28T17:44:43+00:00
2025-02-01,2024/2025,Wolverhampton Wanderers,Aston Villa,2,0,2.00146,0.742809,26841,2026-08-28T17:44:43+00:00
2025-02-02,2024/2025,Arsenal,Manchester City,5,1,1.53202,0.743191,26833,2026-08-28T17:44:43+00:00
2025-02-02,2024/2025,Brentford,Tottenham Hotspur,0,2,1.66475,0.945355,26834,2026-08-28T17:44:43+00:00
2025-02-02,2024/2025,Manchester United,Crystal Palace,0,2,1.50706,2.44633,26838,2026-08-28T17:44:43+00:00
2025-02-03,2024/2025,Chelsea,West Ham United,2,1,1.39066,1.1868,26835,2026-08-28T17:44:43+00:00
2025-02-12,2024/2025,Everton,Liverpool,2,2,0.910523,0.929103,26748,2026-08-28T17:44:43+00:00
2025-02-14,2024/2025,Brighton & Hove Albion,Chelsea,3,0,2.06892,0.649788,26843,2026-08-28T17:44:43+00:00
2025-02-15,2024/2025,Aston Villa,Ipswich Town,1,1,2.89841,0.332864,26842,2026-08-28T17:44:43+00:00
2025-02-15,2024/2025,Crystal Palace,Everton,1,2,2.30646,1.01565,26844,2026-08-28T17:44:43+00:00
2025-02-15,2024/2025,Fulham,Nottingham Forest,2,1,2.20993,0.331301,26845,2026-08-28T17:44:43+00:00
2025-02-15,2024/2025,Leicester City,Arsenal,0,2,0.233209,1.75,26846,2026-08-28T17:44:43+00:00
2025-02-15,2024/2025,Manchester City,Newcastle United,4,0,2.12004,0.157211,26848,2026-08-28T17:44:43+00:00
2025-02-15,2024/2025,Southampton,AFC Bournemouth,1,3,0.974418,2.08722,26849,2026-08-28T17:44:43+00:00
2025-02-15,2024/2025,West Ham United,Brentford,0,1,0.673466,1.96499,26851,2026-08-28T17:44:43+00:00
2025-02-16,2024/2025,Liverpool,Wolverhampton Wanderers,2,1,1.86758,1.05329,26847,2026-08-28T17:44:43+00:00
2025-02-16,2024/2025,Tottenham Hotspur,Manchester United,1,0,1.97109,1.42652,26850,2026-08-28T17:44:43+00:00
2025-02-19,2024/2025,Aston Villa,Liverpool,2,2,1.02269,2.04279,26884,2026-08-28T17:44:43+00:00
2025-02-21,2024/2025,Leicester City,Brentford,0,4,0.727901,2.03465,26858,2026-08-28T17:44:43+00:00
2025-02-22,2024/2025,AFC Bournemouth,Wolverhampton Wanderers,0,1,0.629691,2.10124,26852,2026-08-28T17:44:43+00:00
2025-02-22,2024/2025,Arsenal,West Ham United,0,1,1.37264,1.02684,26853,2026-08-28T17:44:43+00:00
2025-02-22,2024/2025,Aston Villa,Chelsea,2,1,2.69413,2.17418,26854,2026-08-28T17:44:43+00:00
2025-02-22,2024/2025,Everton,Manchester United,2,2,2.10444,0.645685,26855,2026-08-28T17:44:43+00:00
2025-02-22,2024/2025,Fulham,Crystal Palace,0,2,0.23426,1.46203,26856,2026-08-28T17:44:43+00:00
2025-02-22,2024/2025,Ipswich Town,Tottenham Hotspur,1,4,1.15389,1.58741,26857,2026-08-28T17:44:43+00:00
2025-02-22,2024/2025,Southampton,Brighton & Hove Albion,0,4,0.154147,5.12018,26861,2026-08-28T17:44:43+00:00
2025-02-23,2024/2025,Manchester City,Liverpool,0,2,0.58248,0.807058,26859,2026-08-28T17:44:43+00:00
2025-02-23,2024/2025,Newcastle United,Nottingham Forest,4,3,3.45858,2.38603,26860,2026-08-28T17:44:43+00:00
2025-02-25,2024/2025,Brighton & Hove Albion,AFC Bournemouth,2,1,2.57927,1.70169,26863,2026-08-28T17:44:43+00:00
2025-02-25,2024/2025,Wolverhampton Wanderers,Fulham,1,2,0.928973,1.43473,26867,2026-08-28T17:44:43+00:00
2025-02-25,2024/2025,Crystal Palace,Aston Villa,4,1,4.02522,0.667217,26868,2026-08-28T17:44:43+00:00
2025-02-25,2024/2025,Chelsea,Southampton,4,0,2.98234,0.845039,26869,2026-08-28T17:44:43+00:00
2025-02-26,2024/2025,Brentford,Everton,1,1,1.34009,1.44955,26862,2026-08-28T17:44:43+00:00
2025-02-26,2024/2025,Nottingham Forest,Arsenal,0,0,0.508611,1.31766,26864,2026-08-28T17:44:43+00:00
2025-02-26,2024/2025,Tottenham Hotspur,Manchester City,0,1,1.28426,2.38641,26865,2026-08-28T17:44:43+00:00
2025-02-26,2024/2025,Liverpool,Newcastle United,2,0,1.40027,0.45882,26870,2026-08-28T17:44:43+00:00
2025-02-26,2024/2025,Manchester United,Ipswich Town,3,2,1.40202,1.04498,26871,2026-08-28T17:44:43+00:00
2025-02-27,2024/2025,West Ham United,Leicester City,2,0,1.70437,0.289578,26866,2026-08-28T17:44:43+00:00
2025-03-08,2024/2025,Brentford,Aston Villa,0,1,0.637743,1.29638,26872,2026-08-28T17:44:43+00:00
2025-03-08,2024/2025,Brighton & Hove Albion,Fulham,2,1,1.94417,0.708227,26873,2026-08-28T17:44:43+00:00
2025-03-08,2024/2025,Crystal Palace,Ipswich Town,1,0,3.13879,1.63282,26875,2026-08-28T17:44:43+00:00
2025-03-08,2024/2025,Liverpool,Southampton,3,1,4.98996,0.511566,26876,2026-08-28T17:44:43+00:00
2025-03-08,2024/2025,Nottingham Forest,Manchester City,1,0,0.501476,0.721234,26878,2026-08-28T17:44:43+00:00
2025-03-08,2024/2025,Wolverhampton Wanderers,Everton,1,1,0.812432,1.3672,26881,2026-08-28T17:44:43+00:00
2025-03-09,2024/2025,Chelsea,Leicester City,1,0,1.76844,0.108487,26874,2026-08-28T17:44:43+00:00
2025-03-09,2024/2025,Manchester United,Arsenal,1,1,1.31107,1.82996,26877,2026-08-28T17:44:43+00:00
2025-03-09,2024/2025,Tottenham Hotspur,AFC Bournemouth,2,2,1.35053,2.22536,26879,2026-08-28T17:44:43+00:00
2025-03-10,2024/2025,West Ham United,Newcastle United,0,1,0.823986,1.62976,26880,2026-08-28T17:44:43+00:00
2025-03-15,2024/2025,AFC Bournemouth,Brentford,1,2,2.02714,1.60321,26882,2026-08-28T17:44:43+00:00
2025-03-15,2024/2025,Everton,West Ham United,1,1,1.189,0.516029,26885,2026-08-28T17:44:43+00:00
2025-03-15,2024/2025,Ipswich Town,Nottingham Forest,2,4,0.520839,1.30722,26887,2026-08-28T17:44:43+00:00
2025-03-15,2024/2025,Manchester City,Brighton & Hove Albion,2,2,2.02642,2.11119,26889,2026-08-28T17:44:43+00:00
2025-03-15,2024/2025,Southampton,Wolverhampton Wanderers,1,2,1.2821,0.540718,26891,2026-08-28T17:44:43+00:00
2025-03-16,2024/2025,Arsenal,Chelsea,1,0,0.695725,0.286036,26883,2026-08-28T17:44:43+00:00
2025-03-16,2024/2025,Fulham,Tottenham Hotspur,2,0,1.03966,1.40865,26886,2026-08-28T17:44:43+00:00
2025-03-16,2024/2025,Leicester City,Manchester United,0,3,1.30455,1.13892,26888,2026-08-28T17:44:43+00:00
2025-04-01,2024/2025,Arsenal,Fulham,2,1,2.30189,1.44206,26892,2026-08-28T17:44:43+00:00
2025-04-01,2024/2025,Nottingham Forest,Manchester United,1,0,0.512063,1.86688,26894,2026-08-28T17:44:43+00:00
2025-04-01,2024/2025,Wolverhampton Wanderers,West Ham United,1,0,1.10359,1.73057,26895,2026-08-28T17:44:43+00:00
2025-04-02,2024/2025,Brighton & Hove Albion,Aston Villa,0,3,0.558009,1.20715,26893,2026-08-28T17:44:43+00:00
2025-04-02,2024/2025,AFC Bournemouth,Ipswich Town,1,2,1.99637,1.41263,26896,2026-08-28T17:44:43+00:00
2025-04-02,2024/2025,Manchester City,Leicester City,2,0,2.07165,0.104741,26898,2026-08-28T17:44:43+00:00
2025-04-02,2024/2025,Newcastle United,Brentford,2,1,2.26584,1.53201,26899,2026-08-28T17:44:43+00:00
2025-04-02,2024/2025,Southampton,Crystal Palace,1,1,0.687304,0.93776,26900,2026-08-28T17:44:43+00:00
2025-04-02,2024/2025,Liverpool,Everton,1,0,1.29718,0.823136,26901,2026-08-28T17:44:43+00:00
2025-04-03,2024/2025,Chelsea,Tottenham Hotspur,1,0,1.30443,1.40274,26897,2026-08-28T17:44:43+00:00
2025-04-05,2024/2025,Aston Villa,Nottingham Forest,2,1,2.63349,0.96769,26902,2026-08-28T17:44:43+00:00
2025-04-05,2024/2025,Crystal Palace,Brighton & Hove Albion,2,1,0.443965,1.27226,26904,2026-08-28T17:44:43+00:00
2025-04-05,2024/2025,Everton,Arsenal,1,1,1.22875,1.4031,26905,2026-08-28T17:44:43+00:00
2025-04-05,2024/2025,Ipswich Town,Wolverhampton Wanderers,1,2,0.872356,2.8096,26907,2026-08-28T17:44:43+00:00
2025-04-05,2024/2025,West Ham United,AFC Bournemouth,2,2,0.907832,1.94869,26911,2026-08-28T17:44:43+00:00
2025-04-06,2024/2025,Brentford,Chelsea,0,0,1.36123,1.47829,26903,2026-08-28T17:44:43+00:00
2025-04-06,2024/2025,Fulham,Liverpool,3,2,1.72764,1.40638,26906,2026-08-28T17:44:43+00:00
2025-04-06,2024/2025,Manchester United,Manchester City,0,0,1.23317,0.687894,26909,2026-08-28T17:44:43+00:00
2025-04-06,2024/2025,Tottenham Hotspur,Southampton,3,1,2.648,0.780439,26910,2026-08-28T17:44:43+00:00
2025-04-07,2024/2025,Leicester City,Newcastle United,0,3,0.354575,3.44111,26908,2026-08-28T17:44:43+00:00
2025-04-12,2024/2025,Arsenal,Brentford,1,1,0.767369,0.588583,26913,2026-08-28T17:44:43+00:00
2025-04-12,2024/2025,Brighton & Hove Albion,Leicester City,2,2,3.6978,1.98444,26914,2026-08-28T17:44:43+00:00
2025-04-12,2024/2025,Manchester City,Crystal Palace,5,2,4.59724,1.33808,26917,2026-08-28T17:44:43+00:00
2025-04-12,2024/2025,Nottingham Forest,Everton,0,1,0.423949,1.26036,26920,2026-08-28T17:44:43+00:00
2025-04-12,2024/2025,Southampton,Aston Villa,0,3,0.412256,2.99927,26921,2026-08-28T17:44:43+00:00
2025-04-13,2024/2025,Chelsea,Ipswich Town,2,2,2.90758,1.60301,26915,2026-08-28T17:44:43+00:00
2025-04-13,2024/2025,Liverpool,West Ham United,2,1,1.42902,1.46598,26916,2026-08-28T17:44:43+00:00
2025-04-13,2024/2025,Newcastle United,Manchester United,4,1,2.6383,0.786568,26918,2026-08-28T17:44:43+00:00
2025-04-13,2024/2025,Wolverhampton Wanderers,Tottenham Hotspur,4,2,2.22977,1.62887,26919,2026-08-28T17:44:43+00:00
2025-04-14,2024/2025,AFC Bournemouth,Fulham,1,0,1.8577,1.07203,26912,2026-08-28T17:44:43+00:00
2025-04-16,2024/2025,Newcastle United,Crystal Palace,5,0,2.32947,2.37548,26890,2026-08-28T17:44:43+00:00
2025-04-19,2024/2025,Aston Villa,Newcastle United,4,1,3.05371,1.27176,26922,2026-08-28T17:44:43+00:00
2025-04-19,2024/2025,Brentford,Brighton & Hove Albion,4,2,2.95516,1.24107,26923,2026-08-28T17:44:43+00:00
2025-04-19,2024/2025,Crystal Palace,AFC Bournemouth,0,0,0.337818,0.664093,26924,2026-08-28T17:44:43+00:00
2025-04-19,2024/2025,Everton,Manchester City,0,2,0.81683,1.87989,26925,2026-08-28T17:44:43+00:00
2025-04-19,2024/2025,West Ham United,Southampton,1,1,0.98423,0.922877,26931,2026-08-28T17:44:43+00:00
2025-04-20,2024/2025,Fulham,Chelsea,1,2,0.306122,0.75172,26926,2026-08-28T17:44:43+00:00
2025-04-20,2024/2025,Ipswich Town,Arsenal,0,4,0.192879,2.81362,26927,2026-08-28T17:44:43+00:00
2025-04-20,2024/2025,Leicester City,Liverpool,0,1,0.232205,4.52706,26928,2026-08-28T17:44:43+00:00
2025-04-20,2024/2025,Manchester United,Wolverhampton Wanderers,0,1,1.13966,0.187814,26929,2026-08-28T17:44:43+00:00
2025-04-21,2024/2025,Tottenham Hotspur,Nottingham Forest,1,2,2.4024,0.557682,26930,2026-08-28T17:44:43+00:00
2025-04-22,2024/2025,Manchester City,Aston Villa,2,1,1.36232,1.85906,26937,2026-08-28T17:44:43+00:00
2025-04-23,2024/2025,Arsenal,Crystal Palace,2,2,1.92149,2.50515,26933,2026-08-28T17:44:43+00:00
2025-04-26,2024/2025,Brighton & Hove Albion,West Ham United,3,2,1.29433,1.24134,26934,2026-08-28T17:44:43+00:00
2025-04-26,2024/2025,Chelsea,Everton,1,0,0.768313,0.916838,26935,2026-08-28T17:44:43+00:00
2025-04-26,2024/2025,Newcastle United,Ipswich Town,3,0,4.11539,0.127203,26938,2026-08-28T17:44:43+00:00
2025-04-26,2024/2025,Southampton,Fulham,1,2,0.935581,1.9956,26940,2026-08-28T17:44:43+00:00
2025-04-26,2024/2025,Wolverhampton Wanderers,Leicester City,3,0,2.57666,1.04978,26941,2026-08-28T17:44:43+00:00
2025-04-27,2024/2025,AFC Bournemouth,Manchester United,1,1,0.60995,1.91039,26932,2026-08-28T17:44:43+00:00
2025-04-27,2024/2025,Liverpool,Tottenham Hotspur,5,1,2.51104,0.512812,26936,2026-08-28T17:44:43+00:00
2025-05-01,2024/2025,Nottingham Forest,Brentford,0,2,0.670607,1.52054,26939,2026-08-28T17:44:43+00:00
2025-05-02,2024/2025,Manchester City,Wolverhampton Wanderers,1,0,0.859463,0.622455,26942,2026-08-28T17:44:43+00:00
2025-05-03,2024/2025,Arsenal,AFC Bournemouth,1,2,2.05484,1.41783,26945,2026-08-28T17:44:43+00:00
2025-05-03,2024/2025,Aston Villa,Fulham,1,0,1.29013,0.702787,26946,2026-08-28T17:44:43+00:00
2025-05-03,2024/2025,Everton,Ipswich Town,2,2,0.808481,1.14351,26950,2026-08-28T17:44:43+00:00
2025-05-03,2024/2025,Leicester City,Southampton,2,0,1.60739,0.550774,26951,2026-08-28T17:44:43+00:00
2025-05-04,2024/2025,West Ham United,Tottenham Hotspur,1,1,1.15166,0.847022,26943,2026-08-28T17:44:43+00:00
2025-05-04,2024/2025,Brighton & Hove Albion,Newcastle United,1,1,0.687863,1.63777,26944,2026-08-28T17:44:43+00:00
2025-05-04,2024/2025,Brentford,Manchester United,4,3,3.58737,1.13404,26947,2026-08-28T17:44:43+00:00
2025-05-04,2024/2025,Chelsea,Liverpool,3,1,3.51944,1.4267,26948,2026-08-28T17:44:43+00:00
2025-05-05,2024/2025,Crystal Palace,Nottingham Forest,1,1,2.34037,0.63684,26949,2026-08-28T17:44:43+00:00
2025-05-10,2024/2025,Fulham,Everton,1,3,1.20869,1.32604,26953,2026-08-28T17:44:43+00:00
2025-05-10,2024/2025,Ipswich Town,Brentford,0,1,0.717433,1.32077,26954,2026-08-28T17:44:43+00:00
2025-05-10,2024/2025,AFC Bournemouth,Aston Villa,0,1,1.02272,1.12376,26955,2026-08-28T17:44:43+00:00
2025-05-10,2024/2025,Southampton,Manchester City,0,0,0.136995,1.58463,26959,2026-08-28T17:44:43+00:00
2025-05-10,2024/2025,Wolverhampton Wanderers,Brighton & Hove Albion,0,2,0.73395,1.41254,26961,2026-08-28T17:44:43+00:00
2025-05-11,2024/2025,Liverpool,Arsenal,2,2,2.74682,2.18795,26952,2026-08-28T17:44:43+00:00
2025-05-11,2024/2025,Manchester United,West Ham United,0,2,2.31287,2.15985,26956,2026-08-28T17:44:43+00:00
2025-05-11,2024/2025,Newcastle United,Chelsea,2,0,1.6703,0.646426,26957,2026-08-28T17:44:43+00:00
2025-05-11,2024/2025,Nottingham Forest,Leicester City,2,2,1.76909,1.22949,26958,2026-08-28T17:44:43+00:00
2025-05-11,2024/2025,Tottenham Hotspur,Crystal Palace,0,2,0.806792,3.98546,26960,2026-08-28T17:44:43+00:00
2025-05-16,2024/2025,Aston Villa,Tottenham Hotspur,2,0,1.69061,0.523016,26963,2026-08-28T17:44:43+00:00
2025-05-16,2024/2025,Chelsea,Manchester United,1,0,1.29571,0.337632,26966,2026-08-28T17:44:43+00:00
2025-05-18,2024/2025,Arsenal,Newcastle United,1,0,1.15958,2.24634,26962,2026-08-28T17:44:43+00:00
2025-05-18,2024/2025,Brentford,Fulham,2,3,2.43045,1.61741,26964,2026-08-28T17:44:43+00:00
2025-05-18,2024/2025,Everton,Southampton,2,0,2.67793,1.05025,26968,2026-08-28T17:44:43+00:00
2025-05-18,2024/2025,Leicester City,Ipswich Town,2,0,0.788544,1.36957,26969,2026-08-28T17:44:43+00:00
2025-05-18,2024/2025,West Ham United,Nottingham Forest,1,2,0.850457,2.14756,26971,2026-08-28T17:44:43+00:00
2025-05-19,2024/2025,Brighton & Hove Albion,Liverpool,3,2,2.17789,3.065,26965,2026-08-28T17:44:43+00:00
2025-05-20,2024/2025,Crystal Palace,Wolverhampton Wanderers,4,2,1.68451,1.42886,26967,2026-08-28T17:44:43+00:00
2025-05-20,2024/2025,Manchester City,AFC Bournemouth,3,1,1.59779,0.962014,26970,2026-08-28T17:44:43+00:00
2025-05-25,2024/2025,Nottingham Forest,Chelsea,0,1,1.58014,1.30874,26972,2026-08-28T17:44:43+00:00
2025-05-25,2024/2025,Newcastle United,Everton,0,1,1.1591,1.07279,26973,2026-08-28T17:44:43+00:00
2025-05-25,2024/2025,Manchester United,Aston Villa,2,0,2.96259,0.335222,26974,2026-08-28T17:44:43+00:00
2025-05-25,2024/2025,Liverpool,Crystal Palace,1,1,1.92122,1.4144,26975,2026-08-28T17:44:43+00:00
2025-05-25,2024/2025,Tottenham Hotspur,Brighton & Hove Albion,1,4,1.85265,3.11624,26976,2026-08-28T17:44:43+00:00
2025-05-25,2024/2025,Southampton,Arsenal,1,2,0.598144,2.40711,26977,2026-08-28T17:44:43+00:00
2025-05-25,2024/2025,Wolverhampton Wanderers,Brentford,1,1,1.10889,1.97196,26978,2026-08-28T17:44:43+00:00
2025-05-25,2024/2025,AFC Bournemouth,Leicester City,2,0,2.72449,0.156702,26979,2026-08-28T17:44:43+00:00
2025-05-25,2024/2025,Ipswich Town,West Ham United,1,3,0.893095,0.967379,26980,2026-08-28T17:44:43+00:00
2025-05-25,2024/2025,Fulham,Manchester City,0,2,2.21797,2.45923,26981,2026-08-28T17:44:43+00:00
2025-08-15,2025/2026,Liverpool,AFC Bournemouth,4,2,2.33007,1.57303,28778,2026-08-28T17:44:43+00:00
2025-08-16,2025/2026,Aston Villa,Newcastle United,0,0,0.318601,1.40098,28779,2026-08-28T17:44:43+00:00
2025-08-16,2025/2026,Brighton & Hove Albion,Fulham,1,1,1.44008,0.902883,28780,2026-08-28T17:44:43+00:00
2025-08-16,2025/2026,Sunderland,West Ham United,3,0,0.724368,0.558948,28781,2026-08-28T17:44:43+00:00
2025-08-16,2025/2026,Tottenham Hotspur,Burnley,3,0,1.97858,0.734138,28782,2026-08-28T17:44:43+00:00
2025-08-16,2025/2026,Wolverhampton Wanderers,Manchester City,0,4,0.519436,2.29903,28783,2026-08-28T17:44:43+00:00
2025-08-17,2025/2026,Chelsea,Crystal Palace,0,0,1.36793,1.03414,28784,2026-08-28T17:44:43+00:00
2025-08-17,2025/2026,Nottingham Forest,Brentford,3,1,1.7555,1.32516,28785,2026-08-28T17:44:43+00:00
2025-08-17,2025/2026,Manchester United,Arsenal,0,1,1.37653,1.3304,28786,2026-08-28T17:44:43+00:00
2025-08-18,2025/2026,Leeds United,Everton,1,0,2.3812,0.674338,28787,2026-08-28T17:44:43+00:00
2025-08-22,2025/2026,West Ham United,Chelsea,1,5,0.978572,3.94997,28788,2026-08-28T17:44:43+00:00
2025-08-23,2025/2026,Manchester City,Tottenham Hotspur,0,2,1.2475,1.28015,28789,2026-08-28T17:44:43+00:00
2025-08-23,2025/2026,Brentford,Aston Villa,1,0,1.12964,0.976852,28790,2026-08-28T17:44:43+00:00
2025-08-23,2025/2026,Burnley,Sunderland,2,0,1.00381,1.12127,28791,2026-08-28T17:44:43+00:00
2025-08-23,2025/2026,AFC Bournemouth,Wolverhampton Wanderers,1,0,1.78462,0.373367,28792,2026-08-28T17:44:43+00:00
2025-08-23,2025/2026,Arsenal,Leeds United,5,0,2.73761,0.156761,28793,2026-08-28T17:44:43+00:00
2025-08-24,2025/2026,Crystal Palace,Nottingham Forest,1,1,1.10188,1.32987,28794,2026-08-28T17:44:43+00:00
2025-08-24,2025/2026,Everton,Brighton & Hove Albion,2,0,1.80116,2.08487,28795,2026-08-28T17:44:43+00:00
2025-08-24,2025/2026,Fulham,Manchester United,1,1,1.65333,1.54603,28796,2026-08-28T17:44:43+00:00
2025-08-25,2025/2026,Newcastle United,Liverpool,2,3,1.96342,0.646559,28797,2026-08-28T17:44:43+00:00
2025-08-30,2025/2026,Chelsea,Fulham,2,0,2.4324,0.736228,28798,2026-08-28T17:44:43+00:00
2025-08-30,2025/2026,Tottenham Hotspur,AFC Bournemouth,0,1,0.17067,2.1201,28799,2026-08-28T17:44:43+00:00
2025-08-30,2025/2026,Wolverhampton Wanderers,Everton,2,3,0.943257,2.03791,28800,2026-08-28T17:44:43+00:00
2025-08-30,2025/2026,Sunderland,Brentford,2,1,1.57127,1.44604,28801,2026-08-28T17:44:43+00:00
2025-08-30,2025/2026,Manchester United,Burnley,3,2,4.02237,1.32618,28802,2026-08-28T17:44:43+00:00
2025-08-30,2025/2026,Leeds United,Newcastle United,0,0,0.6773,0.303635,28803,2026-08-28T17:44:43+00:00
2025-08-31,2025/2026,Nottingham Forest,West Ham United,0,3,0.716018,2.236,28804,2026-08-28T17:44:43+00:00
2025-08-31,2025/2026,Brighton & Hove Albion,Manchester City,2,1,2.20864,2.13418,28805,2026-08-28T17:44:43+00:00
2025-08-31,2025/2026,Liverpool,Arsenal,1,0,0.481404,0.485679,28806,2026-08-28T17:44:43+00:00
2025-08-31,2025/2026,Aston Villa,Crystal Palace,0,3,1.20586,2.59713,28807,2026-08-28T17:44:43+00:00
2025-09-13,2025/2026,Arsenal,Nottingham Forest,3,0,2.8817,0.293681,28808,2026-08-28T17:44:43+00:00
2025-09-13,2025/2026,Newcastle United,Wolverhampton Wanderers,1,0,1.19186,0.375942,28809,2026-08-28T17:44:43+00:00
2025-09-13,2025/2026,AFC Bournemouth,Brighton & Hove Albion,2,1,1.44187,0.624923,28810,2026-08-28T17:44:43+00:00
2025-09-13,2025/2026,Crystal Palace,Sunderland,0,0,1.75805,0.354129,28811,2026-08-28T17:44:43+00:00
2025-09-13,2025/2026,Everton,Aston Villa,0,0,1.8927,0.354327,28812,2026-08-28T17:44:43+00:00
2025-09-13,2025/2026,Fulham,Leeds United,1,0,1.13979,0.830398,28813,2026-08-28T17:44:43+00:00
2025-09-13,2025/2026,West Ham United,Tottenham Hotspur,0,3,0.793248,1.51402,28814,2026-08-28T17:44:43+00:00
2025-09-13,2025/2026,Brentford,Chelsea,2,2,1.17533,0.755999,28815,2026-08-28T17:44:43+00:00
2025-09-14,2025/2026,Burnley,Liverpool,0,1,0.168041,2.79492,28816,2026-08-28T17:44:43+00:00
2025-09-14,2025/2026,Manchester City,Manchester United,3,0,1.99725,1.51915,28817,2026-08-28T17:44:43+00:00
2025-09-20,2025/2026,Liverpool,Everton,2,1,1.06166,0.721371,28818,2026-08-28T17:44:43+00:00
2025-09-20,2025/2026,West Ham United,Crystal Palace,1,2,0.466365,2.33565,28819,2026-08-28T17:44:43+00:00
2025-09-20,2025/2026,Wolverhampton Wanderers,Leeds United,1,3,1.5661,0.456988,28820,2026-08-28T17:44:43+00:00
2025-09-20,2025/2026,Brighton & Hove Albion,Tottenham Hotspur,2,2,1.40466,1.19181,28821,2026-08-28T17:44:43+00:00
2025-09-20,2025/2026,Burnley,Nottingham Forest,1,1,1.14159,0.830779,28822,2026-08-28T17:44:43+00:00
2025-09-20,2025/2026,Manchester United,Chelsea,2,1,1.34458,0.469843,28824,2026-08-28T17:44:43+00:00
2025-09-20,2025/2026,Fulham,Brentford,3,1,1.52431,0.826556,28825,2026-08-28T17:44:43+00:00
2025-09-21,2025/2026,AFC Bournemouth,Newcastle United,0,0,0.55066,0.153629,28823,2026-08-28T17:44:43+00:00
2025-09-21,2025/2026,Sunderland,Aston Villa,1,1,0.938312,0.939354,28826,2026-08-28T17:44:43+00:00
2025-09-21,2025/2026,Arsenal,Manchester City,1,1,0.718575,1.1227,28827,2026-08-28T17:44:43+00:00
2025-09-27,2025/2026,Brentford,Manchester United,3,1,2.78726,2.23609,28828,2026-08-28T17:44:43+00:00
2025-09-27,2025/2026,Chelsea,Brighton & Hove Albion,1,3,2.02653,2.4751,28829,2026-08-28T17:44:43+00:00
2025-09-27,2025/2026,Crystal Palace,Liverpool,2,1,3.53323,3.10176,28830,2026-08-28T17:44:43+00:00
2025-09-27,2025/2026,Leeds United,AFC Bournemouth,2,2,2.04728,1.06033,28832,2026-08-28T17:44:43+00:00
2025-09-27,2025/2026,Manchester City,Burnley,5,1,3.22133,0.509491,28833,2026-08-28T17:44:43+00:00
2025-09-27,2025/2026,Nottingham Forest,Sunderland,0,1,1.4203,1.94154,28834,2026-08-28T17:44:43+00:00
2025-09-27,2025/2026,Tottenham Hotspur,Wolverhampton Wanderers,1,1,0.818711,1.15951,28835,2026-08-28T17:44:43+00:00
2025-09-28,2025/2026,Aston Villa,Fulham,3,1,1.36575,0.952612,28831,2026-08-28T17:44:43+00:00
2025-09-28,2025/2026,Newcastle United,Arsenal,1,2,0.739851,2.07048,28836,2026-08-28T17:44:43+00:00
2025-09-29,2025/2026,Everton,West Ham United,1,1,0.909703,0.775766,28837,2026-08-28T17:44:43+00:00
2025-10-03,2025/2026,AFC Bournemouth,Fulham,3,1,1.33458,0.84335,28838,2026-08-28T17:44:43+00:00
2025-10-04,2025/2026,Arsenal,West Ham United,2,0,3.0585,0.864549,28839,2026-08-28T17:44:43+00:00
2025-10-04,2025/2026,Chelsea,Liverpool,2,1,1.23721,2.05981,28842,2026-08-28T17:44:43+00:00
2025-10-04,2025/2026,Leeds United,Tottenham Hotspur,1,2,1.48051,0.688198,28844,2026-08-28T17:44:43+00:00
2025-10-04,2025/2026,Manchester United,Sunderland,2,0,1.9298,0.807119,28845,2026-08-28T17:44:43+00:00
2025-10-05,2025/2026,Aston Villa,Burnley,2,1,1.73572,0.502292,28840,2026-08-28T17:44:43+00:00
2025-10-05,2025/2026,Brentford,Manchester City,0,1,0.693758,1.09647,28841,2026-08-28T17:44:43+00:00
2025-10-05,2025/2026,Everton,Crystal Palace,2,1,2.13876,2.17789,28843,2026-08-28T17:44:43+00:00
2025-10-05,2025/2026,Newcastle United,Nottingham Forest,2,0,3.81662,0.337689,28846,2026-08-28T17:44:43+00:00
2025-10-05,2025/2026,Wolverhampton Wanderers,Brighton & Hove Albion,1,1,0.369404,1.39158,28847,2026-08-28T17:44:43+00:00
2025-10-18,2025/2026,Brighton & Hove Albion,Newcastle United,2,1,0.857104,1.28313,28848,2026-08-28T17:44:43+00:00
2025-10-18,2025/2026,Burnley,Leeds United,2,0,0.509647,2.33152,28849,2026-08-28T17:44:43+00:00
2025-10-18,2025/2026,Crystal Palace,AFC Bournemouth,3,3,4.56284,2.0471,28850,2026-08-28T17:44:43+00:00
2025-10-18,2025/2026,Fulham,Arsenal,0,1,0.502332,2.07823,28851,2026-08-28T17:44:43+00:00
2025-10-18,2025/2026,Manchester City,Everton,2,0,2.4799,0.794622,28853,2026-08-28T17:44:43+00:00
2025-10-18,2025/2026,Nottingham Forest,Chelsea,0,3,2.0555,2.5583,28854,2026-08-28T17:44:43+00:00
2025-10-18,2025/2026,Sunderland,Wolverhampton Wanderers,2,0,1.02481,0.676323,28855,2026-08-28T17:44:43+00:00
2025-10-19,2025/2026,Liverpool,Manchester United,1,2,2.60972,2.53117,28852,2026-08-28T17:44:43+00:00
2025-10-19,2025/2026,Tottenham Hotspur,Aston Villa,1,2,1.51461,0.352231,28856,2026-08-28T17:44:43+00:00
2025-10-20,2025/2026,West Ham United,Brentford,0,2,0.260251,3.46635,28857,2026-08-28T17:44:43+00:00
2025-10-24,2025/2026,Leeds United,West Ham United,2,1,2.2214,0.498653,28864,2026-08-28T17:44:43+00:00
2025-10-25,2025/2026,Brentford,Liverpool,3,2,3.27126,2.11838,28861,2026-08-28T17:44:43+00:00
2025-10-25,2025/2026,Chelsea,Sunderland,1,2,1.21332,1.5506,28862,2026-08-28T17:44:43+00:00
2025-10-25,2025/2026,Manchester United,Brighton & Hove Albion,4,2,1.96231,0.947154,28865,2026-08-28T17:44:43+00:00
2025-10-25,2025/2026,Newcastle United,Fulham,2,1,2.76806,1.52001,28866,2026-08-28T17:44:43+00:00
2025-10-26,2025/2026,AFC Bournemouth,Nottingham Forest,2,0,0.656601,0.305493,28858,2026-08-28T17:44:43+00:00
2025-10-26,2025/2026,Arsenal,Crystal Palace,1,0,0.856175,0.350534,28859,2026-08-28T17:44:43+00:00
2025-10-26,2025/2026,Aston Villa,Manchester City,1,0,0.843906,1.36914,28860,2026-08-28T17:44:43+00:00
2025-10-26,2025/2026,Everton,Tottenham Hotspur,0,3,1.4032,2.09327,28863,2026-08-28T17:44:43+00:00
2025-10-26,2025/2026,Wolverhampton Wanderers,Burnley,2,3,2.58132,1.54544,28867,2026-08-28T17:44:43+00:00
2025-11-01,2025/2026,Brighton & Hove Albion,Leeds United,3,0,2.64127,0.35919,28868,2026-08-28T17:44:43+00:00
2025-11-01,2025/2026,Burnley,Arsenal,0,2,0.679177,2.51649,28869,2026-08-28T17:44:43+00:00
2025-11-01,2025/2026,Crystal Palace,Brentford,2,0,0.734558,0.820498,28870,2026-08-28T17:44:43+00:00
2025-11-01,2025/2026,Fulham,Wolverhampton Wanderers,3,0,1.91207,0.209934,28871,2026-08-28T17:44:43+00:00
2025-11-01,2025/2026,Liverpool,Aston Villa,2,0,1.47021,0.43502,28872,2026-08-28T17:44:43+00:00
2025-11-01,2025/2026,Nottingham Forest,Manchester United,2,2,1.55066,0.91622,28874,2026-08-28T17:44:43+00:00
2025-11-01,2025/2026,Tottenham Hotspur,Chelsea,0,1,0.146954,3.34251,28876,2026-08-28T17:44:43+00:00
2025-11-02,2025/2026,Manchester City,AFC Bournemouth,3,1,2.48999,0.899846,28873,2026-08-28T17:44:43+00:00
2025-11-02,2025/2026,West Ham United,Newcastle United,3,1,1.41383,0.523615,28877,2026-08-28T17:44:43+00:00
2025-11-03,2025/2026,Sunderland,Everton,1,1,1.18068,1.00741,28875,2026-08-28T17:44:43+00:00
2025-11-08,2025/2026,Chelsea,Wolverhampton Wanderers,3,0,3.98342,0.111462,28880,2026-08-28T17:44:43+00:00
2025-11-08,2025/2026,Everton,Fulham,2,0,2.30607,0.424478,28882,2026-08-28T17:44:43+00:00
2025-11-08,2025/2026,Sunderland,Arsenal,2,2,1.20495,2.32943,28885,2026-08-28T17:44:43+00:00
2025-11-08,2025/2026,Tottenham Hotspur,Manchester United,2,2,1.35532,0.820256,28886,2026-08-28T17:44:43+00:00
2025-11-08,2025/2026,West Ham United,Burnley,3,2,2.96728,1.87478,28887,2026-08-28T17:44:43+00:00
2025-11-09,2025/2026,Aston Villa,AFC Bournemouth,4,0,1.88282,2.00992,28878,2026-08-28T17:44:43+00:00
2025-11-09,2025/2026,Brentford,Newcastle United,3,1,2.73729,0.432277,28879,2026-08-28T17:44:43+00:00
2025-11-09,2025/2026,Crystal Palace,Brighton & Hove Albion,0,0,0.839547,0.637037,28881,2026-08-28T17:44:43+00:00
2025-11-09,2025/2026,Manchester City,Liverpool,3,0,1.59542,1.0281,28883,2026-08-28T17:44:43+00:00
2025-11-09,2025/2026,Nottingham Forest,Leeds United,3,1,2.49097,0.419461,28884,2026-08-28T17:44:43+00:00
2025-11-22,2025/2026,AFC Bournemouth,West Ham United,2,2,3.48299,0.390782,28888,2026-08-28T17:44:43+00:00
2025-11-22,2025/2026,Brighton & Hove Albion,Brentford,2,1,0.977488,2.19979,28890,2026-08-28T17:44:43+00:00
2025-11-22,2025/2026,Burnley,Chelsea,0,2,0.660943,1.72093,28891,2026-08-28T17:44:43+00:00
2025-11-22,2025/2026,Fulham,Sunderland,1,0,2.83729,0.222768,28892,2026-08-28T17:44:43+00:00
2025-11-22,2025/2026,Liverpool,Nottingham Forest,0,3,1.79273,1.19459,28894,2026-08-28T17:44:43+00:00
2025-11-22,2025/2026,Newcastle United,Manchester City,2,1,2.40555,2.45648,28896,2026-08-28T17:44:43+00:00
2025-11-22,2025/2026,Wolverhampton Wanderers,Crystal Palace,0,2,1.66409,1.44933,28897,2026-08-28T17:44:43+00:00
2025-11-23,2025/2026,Arsenal,Tottenham Hotspur,4,1,2.27827,0.0300672,28889,2026-08-28T17:44:43+00:00
2025-11-23,2025/2026,Leeds United,Aston Villa,1,2,1.84668,1.35978,28893,2026-08-28T17:44:43+00:00
2025-11-24,2025/2026,Manchester United,Everton,0,1,2.2737,0.155063,28895,2026-08-28T17:44:43+00:00
2025-11-29,2025/2026,Brentford,Burnley,3,1,3.72106,0.874025,28899,2026-08-28T17:44:43+00:00
2025-11-29,2025/2026,Everton,Newcastle United,1,4,1.01125,2.45882,28902,2026-08-28T17:44:43+00:00
2025-11-29,2025/2026,Manchester City,Leeds United,3,2,2.85292,1.75142,28903,2026-08-28T17:44:43+00:00
2025-11-29,2025/2026,Sunderland,AFC Bournemouth,3,2,1.16955,1.79274,28905,2026-08-28T17:44:43+00:00
2025-11-29,2025/2026,Tottenham Hotspur,Fulham,1,2,1.04396,0.494736,28906,2026-08-28T17:44:43+00:00
2025-11-30,2025/2026,Aston Villa,Wolverhampton Wanderers,1,0,1.15486,0.692588,28898,2026-08-28T17:44:43+00:00
2025-11-30,2025/2026,Chelsea,Arsenal,1,1,0.791914,1.22828,28900,2026-08-28T17:44:43+00:00
2025-11-30,2025/2026,Crystal Palace,Manchester United,1,2,2.13561,1.47768,28901,2026-08-28T17:44:43+00:00
2025-11-30,2025/2026,Nottingham Forest,Brighton & Hove Albion,0,2,0.960325,2.0572,28904,2026-08-28T17:44:43+00:00
2025-11-30,2025/2026,West Ham United,Liverpool,0,2,0.364152,1.56793,28907,2026-08-28T17:44:43+00:00
2025-12-02,2025/2026,AFC Bournemouth,Everton,0,1,0.635415,1.19573,28908,2026-08-28T17:44:43+00:00
2025-12-02,2025/2026,Fulham,Manchester City,4,5,0.972635,1.96225,28912,2026-08-28T17:44:43+00:00
2025-12-02,2025/2026,Newcastle United,Tottenham Hotspur,2,2,1.88558,1.05205,28916,2026-08-28T17:44:43+00:00
2025-12-03,2025/2026,Arsenal,Brentford,2,0,2.63126,0.588716,28909,2026-08-28T17:44:43+00:00
2025-12-03,2025/2026,Brighton & Hove Albion,Aston Villa,3,4,1.96298,3.15745,28910,2026-08-28T17:44:43+00:00
2025-12-03,2025/2026,Burnley,Crystal Palace,0,1,1.16852,0.987797,28911,2026-08-28T17:44:43+00:00
2025-12-03,2025/2026,Leeds United,Chelsea,3,1,2.2047,0.964018,28913,2026-08-28T17:44:43+00:00
2025-12-03,2025/2026,Liverpool,Sunderland,1,1,1.37633,0.712662,28914,2026-08-28T17:44:43+00:00
2025-12-03,2025/2026,Wolverhampton Wanderers,Nottingham Forest,0,1,1.02461,1.12389,28917,2026-08-28T17:44:43+00:00
2025-12-04,2025/2026,Manchester United,West Ham United,1,1,2.27674,1.36584,28915,2026-08-28T17:44:43+00:00
2025-12-06,2025/2026,AFC Bournemouth,Chelsea,0,0,1.41931,0.672602,28918,2026-08-28T17:44:43+00:00
2025-12-06,2025/2026,Aston Villa,Arsenal,2,1,2.71986,1.85965,28919,2026-08-28T17:44:43+00:00
2025-12-06,2025/2026,Everton,Nottingham Forest,3,0,1.25348,0.31234,28921,2026-08-28T17:44:43+00:00
2025-12-06,2025/2026,Leeds United,Liverpool,3,3,1.79333,2.04805,28923,2026-08-28T17:44:43+00:00
2025-12-06,2025/2026,Manchester City,Sunderland,3,0,2.41605,0.626486,28924,2026-08-28T17:44:43+00:00
2025-12-06,2025/2026,Newcastle United,Burnley,2,1,1.80708,1.58375,28925,2026-08-28T17:44:43+00:00
2025-12-06,2025/2026,Tottenham Hotspur,Brentford,2,0,2.42388,0.470563,28926,2026-08-28T17:44:43+00:00
2025-12-07,2025/2026,Brighton & Hove Albion,West Ham United,1,1,2.10077,1.7064,28920,2026-08-28T17:44:43+00:00
2025-12-07,2025/2026,Fulham,Crystal Palace,1,2,0.766771,1.71109,28922,2026-08-28T17:44:43+00:00
2025-12-08,2025/2026,Wolverhampton Wanderers,Manchester United,1,4,0.262147,4.04708,28927,2026-08-28T17:44:43+00:00
2025-12-13,2025/2026,Arsenal,Wolverhampton Wanderers,2,1,1.61796,0.61997,28928,2026-08-28T17:44:43+00:00
2025-12-13,2025/2026,Burnley,Fulham,2,3,2.05486,1.65053,28930,2026-08-28T17:44:43+00:00
2025-12-13,2025/2026,Chelsea,Everton,2,0,2.64457,1.34,28931,2026-08-28T17:44:43+00:00
2025-12-13,2025/2026,Liverpool,Brighton & Hove Albion,2,0,2.4127,1.69004,28933,2026-08-28T17:44:43+00:00
2025-12-14,2025/2026,Brentford,Leeds United,1,1,0.697006,1.63409,28929,2026-08-28T17:44:43+00:00
2025-12-14,2025/2026,Crystal Palace,Manchester City,0,3,1.30092,1.35317,28932,2026-08-28T17:44:43+00:00
2025-12-14,2025/2026,Nottingham Forest,Tottenham Hotspur,3,0,2.32658,0.380246,28935,2026-08-28T17:44:43+00:00
2025-12-14,2025/2026,Sunderland,Newcastle United,1,0,0.630045,0.169329,28936,2026-08-28T17:44:43+00:00
2025-12-14,2025/2026,West Ham United,Aston Villa,2,3,1.27701,0.595093,28937,2026-08-28T17:44:43+00:00
2025-12-15,2025/2026,Manchester United,AFC Bournemouth,4,4,3.21204,2.35196,28934,2026-08-28T17:44:43+00:00
2025-12-20,2025/2026,AFC Bournemouth,Burnley,1,1,1.81847,0.480528,28938,2026-08-28T17:44:43+00:00
2025-12-20,2025/2026,Brighton & Hove Albion,Sunderland,0,0,0.919272,1.31044,28940,2026-08-28T17:44:43+00:00
2025-12-20,2025/2026,Everton,Arsenal,0,1,0.213273,1.84723,28941,2026-08-28T17:44:43+00:00
2025-12-20,2025/2026,Leeds United,Crystal Palace,4,1,2.90786,1.53058,28943,2026-08-28T17:44:43+00:00
2025-12-20,2025/2026,Manchester City,West Ham United,3,0,3.58188,1.02143,28944,2026-08-28T17:44:43+00:00
2025-12-20,2025/2026,Newcastle United,Chelsea,2,2,2.87863,1.0261,28945,2026-08-28T17:44:43+00:00
2025-12-20,2025/2026,Tottenham Hotspur,Liverpool,1,2,1.34905,1.23164,28946,2026-08-28T17:44:43+00:00
2025-12-20,2025/2026,Wolverhampton Wanderers,Brentford,0,2,1.26823,1.56309,28947,2026-08-28T17:44:43+00:00
2025-12-21,2025/2026,Aston Villa,Manchester United,2,1,1.86917,1.30455,28939,2026-08-28T17:44:43+00:00
2025-12-22,2025/2026,Fulham,Nottingham Forest,1,0,1.70568,0.486296,28942,2026-08-28T17:44:43+00:00
2025-12-26,2025/2026,Manchester United,Newcastle United,1,0,0.940811,1.12998,28954,2026-08-28T17:44:43+00:00
2025-12-27,2025/2026,Arsenal,Brighton & Hove Albion,2,1,2.54318,0.710064,28948,2026-08-28T17:44:43+00:00
2025-12-27,2025/2026,Brentford,AFC Bournemouth,4,1,2.8513,2.56183,28949,2026-08-28T17:44:43+00:00
2025-12-27,2025/2026,Burnley,Everton,0,0,1.24948,1.25204,28950,2026-08-28T17:44:43+00:00
2025-12-27,2025/2026,Chelsea,Aston Villa,1,2,1.97155,2.05918,28951,2026-08-28T17:44:43+00:00
2025-12-27,2025/2026,Liverpool,Wolverhampton Wanderers,2,1,1.56502,0.780664,28953,2026-08-28T17:44:43+00:00
2025-12-27,2025/2026,Nottingham Forest,Manchester City,1,2,0.600141,1.46468,28955,2026-08-28T17:44:43+00:00
2025-12-27,2025/2026,West Ham United,Fulham,0,1,1.13719,1.11436,28957,2026-08-28T17:44:43+00:00
2025-12-28,2025/2026,Crystal Palace,Tottenham Hotspur,0,1,0.929681,0.870768,28952,2026-08-28T17:44:43+00:00
2025-12-28,2025/2026,Sunderland,Leeds United,1,1,0.805957,2.60653,28956,2026-08-28T17:44:43+00:00
2025-12-30,2025/2026,Arsenal,Aston Villa,4,1,4.41335,2.94195,28958,2026-08-28T17:44:43+00:00
2025-12-30,2025/2026,Burnley,Newcastle United,1,3,1.32551,2.49248,28960,2026-08-28T17:44:43+00:00
2025-12-30,2025/2026,Chelsea,AFC Bournemouth,2,2,2.33294,3.49142,28961,2026-08-28T17:44:43+00:00
2025-12-30,2025/2026,Manchester United,Wolverhampton Wanderers,1,1,1.13306,1.21784,28964,2026-08-28T17:44:43+00:00
2025-12-30,2025/2026,Nottingham Forest,Everton,0,2,1.75445,1.69525,28965,2026-08-28T17:44:43+00:00
2025-12-30,2025/2026,West Ham United,Brighton & Hove Albion,2,2,2.27644,3.08914,28967,2026-08-28T17:44:43+00:00
2026-01-01,2025/2026,Brentford,Tottenham Hotspur,0,0,0.556304,0.608309,28959,2026-08-28T17:44:43+00:00
2026-01-01,2025/2026,Crystal Palace,Fulham,1,1,2.35346,1.75434,28962,2026-08-28T17:44:43+00:00
2026-01-01,2025/2026,Liverpool,Leeds United,0,0,1.67833,0.15936,28963,2026-08-28T17:44:43+00:00
2026-01-01,2025/2026,Sunderland,Manchester City,0,0,0.962141,2.44247,28966,2026-08-28T17:44:43+00:00
2026-01-03,2025/2026,Wolverhampton Wanderers,West Ham United,3,0,2.23925,0.235678,28970,2026-08-28T17:44:43+00:00
2026-01-03,2025/2026,AFC Bournemouth,Arsenal,2,3,0.947846,1.28,28971,2026-08-28T17:44:43+00:00
2026-01-03,2025/2026,Aston Villa,Nottingham Forest,3,1,1.42988,0.8982,28972,2026-08-28T17:44:43+00:00
2026-01-03,2025/2026,Brighton & Hove Albion,Burnley,2,0,1.4717,0.254551,28973,2026-08-28T17:44:43+00:00
2026-01-04,2025/2026,Newcastle United,Crystal Palace,2,0,2.72764,1.27825,28968,2026-08-28T17:44:43+00:00
2026-01-04,2025/2026,Tottenham Hotspur,Sunderland,1,1,1.4175,0.467481,28969,2026-08-28T17:44:43+00:00
2026-01-04,2025/2026,Everton,Brentford,2,4,1.00566,3.05179,28974,2026-08-28T17:44:43+00:00
2026-01-04,2025/2026,Fulham,Liverpool,2,2,0.609182,1.7188,28975,2026-08-28T17:44:43+00:00
2026-01-04,2025/2026,Leeds United,Manchester United,1,1,0.970138,1.94781,28976,2026-08-28T17:44:43+00:00
2026-01-04,2025/2026,Manchester City,Chelsea,1,1,1.03049,2.03726,28977,2026-08-28T17:44:43+00:00
2026-01-06,2025/2026,West Ham United,Nottingham Forest,1,2,1.73697,1.26683,28987,2026-08-28T17:44:43+00:00
2026-01-07,2025/2026,Everton,Wolverhampton Wanderers,1,1,1.63321,0.71329,28978,2026-08-28T17:44:43+00:00
2026-01-07,2025/2026,AFC Bournemouth,Tottenham Hotspur,3,2,1.19014,1.6261,28979,2026-08-28T17:44:43+00:00
2026-01-07,2025/2026,Brentford,Sunderland,3,0,3.86096,1.50644,28981,2026-08-28T17:44:43+00:00
2026-01-07,2025/2026,Burnley,Manchester United,2,2,0.31971,2.52488,28982,2026-08-28T17:44:43+00:00
2026-01-07,2025/2026,Crystal Palace,Aston Villa,0,0,1.32505,2.07015,28983,2026-08-28T17:44:43+00:00
2026-01-07,2025/2026,Fulham,Chelsea,2,1,1.06013,2.45107,28984,2026-08-28T17:44:43+00:00
2026-01-07,2025/2026,Manchester City,Brighton & Hove Albion,1,1,2.95904,1.33162,28985,2026-08-28T17:44:43+00:00
2026-01-07,2025/2026,Newcastle United,Leeds United,4,3,2.43495,2.35318,28986,2026-08-28T17:44:43+00:00
2026-01-08,2025/2026,Arsenal,Liverpool,0,0,0.701832,0.318642,28980,2026-08-28T17:44:43+00:00
2026-01-17,2025/2026,Chelsea,Brentford,2,0,1.62263,1.47521,28990,2026-08-28T17:44:43+00:00
2026-01-17,2025/2026,Leeds United,Fulham,1,0,2.16898,0.258796,28991,2026-08-28T17:44:43+00:00
2026-01-17,2025/2026,Liverpool,Burnley,1,1,3.49045,0.546971,28992,2026-08-28T17:44:43+00:00
2026-01-17,2025/2026,Manchester United,Manchester City,2,0,3.07278,0.387015,28993,2026-08-28T17:44:43+00:00
2026-01-17,2025/2026,Nottingham Forest,Arsenal,0,0,0.318481,2.86323,28994,2026-08-28T17:44:43+00:00
2026-01-17,2025/2026,Sunderland,Crystal Palace,2,1,1.84601,1.15169,28995,2026-08-28T17:44:43+00:00
2026-01-17,2025/2026,Tottenham Hotspur,West Ham United,1,2,1.65292,2.76761,28996,2026-08-28T17:44:43+00:00
2026-01-18,2025/2026,Aston Villa,Everton,0,1,0.905393,0.745859,28988,2026-08-28T17:44:43+00:00
2026-01-18,2025/2026,Wolverhampton Wanderers,Newcastle United,0,0,0.390216,0.813313,28997,2026-08-28T17:44:43+00:00
2026-01-19,2025/2026,Brighton & Hove Albion,AFC Bournemouth,1,1,0.995777,1.69737,28989,2026-08-28T17:44:43+00:00
2026-01-24,2025/2026,AFC Bournemouth,Liverpool,3,2,3.31474,0.937335,28998,2026-08-28T17:44:43+00:00
2026-01-24,2025/2026,Burnley,Tottenham Hotspur,2,2,1.54884,2.59093,29001,2026-08-28T17:44:43+00:00
2026-01-24,2025/2026,Fulham,Brighton & Hove Albion,2,1,1.13243,1.94652,29004,2026-08-28T17:44:43+00:00
2026-01-24,2025/2026,Manchester City,Wolverhampton Wanderers,2,0,1.0654,0.542683,29005,2026-08-28T17:44:43+00:00
2026-01-24,2025/2026,West Ham United,Sunderland,3,1,2.18675,0.713838,29007,2026-08-28T17:44:43+00:00
2026-01-25,2025/2026,Arsenal,Manchester United,2,3,1.42411,0.640902,28999,2026-08-28T17:44:43+00:00
2026-01-25,2025/2026,Brentford,Nottingham Forest,0,2,2.00413,1.38958,29000,2026-08-28T17:44:43+00:00
2026-01-25,2025/2026,Crystal Palace,Chelsea,1,3,2.41793,3.08817,29002,2026-08-28T17:44:43+00:00
2026-01-25,2025/2026,Newcastle United,Aston Villa,0,2,1.95484,1.32143,29006,2026-08-28T17:44:43+00:00
2026-01-26,2025/2026,Everton,Leeds United,1,1,0.889916,1.6766,29003,2026-08-28T17:44:43+00:00
2026-01-31,2025/2026,Chelsea,West Ham United,3,2,2.66133,1.72585,29009,2026-08-28T17:44:43+00:00
2026-01-31,2025/2026,Brighton & Hove Albion,Everton,1,1,1.42825,1.28126,29010,2026-08-28T17:44:43+00:00
2026-01-31,2025/2026,Liverpool,Newcastle United,4,1,3.09973,0.284319,29014,2026-08-28T17:44:43+00:00
2026-01-31,2025/2026,Leeds United,Arsenal,0,4,0.17871,3.54427,29015,2026-08-28T17:44:43+00:00
2026-01-31,2025/2026,Wolverhampton Wanderers,AFC Bournemouth,0,2,2.10353,1.59116,29017,2026-08-28T17:44:43+00:00
2026-02-01,2025/2026,Aston Villa,Brentford,0,1,2.15316,0.314916,29008,2026-08-28T17:44:43+00:00
2026-02-01,2025/2026,Manchester United,Fulham,3,2,1.84362,1.71998,29012,2026-08-28T17:44:43+00:00
2026-02-01,2025/2026,Nottingham Forest,Crystal Palace,1,1,0.987254,1.648,29013,2026-08-28T17:44:43+00:00
2026-02-01,2025/2026,Tottenham Hotspur,Manchester City,2,2,1.49738,2.03614,29016,2026-08-28T17:44:43+00:00
2026-02-02,2025/2026,Sunderland,Burnley,3,0,1.8865,0.126371,29011,2026-08-28T17:44:43+00:00
2026-02-06,2025/2026,Leeds United,Nottingham Forest,3,1,3.38179,1.6608,29023,2026-08-28T17:44:43+00:00
2026-02-07,2025/2026,AFC Bournemouth,Aston Villa,1,1,1.82646,0.646496,29018,2026-08-28T17:44:43+00:00
2026-02-07,2025/2026,Arsenal,Sunderland,3,0,1.19401,0.427225,29019,2026-08-28T17:44:43+00:00
2026-02-07,2025/2026,Burnley,West Ham United,0,2,1.84644,1.1223,29021,2026-08-28T17:44:43+00:00
2026-02-07,2025/2026,Fulham,Everton,1,2,2.20126,1.88778,29022,2026-08-28T17:44:43+00:00
2026-02-07,2025/2026,Manchester United,Tottenham Hotspur,2,0,2.16576,0.593404,29025,2026-08-28T17:44:43+00:00
2026-02-07,2025/2026,Newcastle United,Brentford,2,3,3.3215,1.65022,29026,2026-08-28T17:44:43+00:00
2026-02-07,2025/2026,Wolverhampton Wanderers,Chelsea,1,3,1.11372,3.76278,29027,2026-08-28T17:44:43+00:00
2026-02-08,2025/2026,Brighton & Hove Albion,Crystal Palace,0,1,0.737798,0.928404,29020,2026-08-28T17:44:43+00:00
2026-02-08,2025/2026,Liverpool,Manchester City,1,2,1.26652,2.41476,29024,2026-08-28T17:44:43+00:00
2026-02-10,2025/2026,Chelsea,Leeds United,2,2,3.21176,1.28948,29030,2026-08-28T17:44:43+00:00
2026-02-10,2025/2026,Everton,AFC Bournemouth,1,2,2.33114,1.4121,29032,2026-08-28T17:44:43+00:00
2026-02-10,2025/2026,Tottenham Hotspur,Newcastle United,1,2,1.68925,2.46991,29036,2026-08-28T17:44:43+00:00
2026-02-10,2025/2026,West Ham United,Manchester United,1,1,1.30746,0.735767,29037,2026-08-28T17:44:43+00:00
2026-02-11,2025/2026,Aston Villa,Brighton & Hove Albion,1,0,0.576138,0.481306,29028,2026-08-28T17:44:43+00:00
2026-02-11,2025/2026,Crystal Palace,Burnley,2,3,2.1276,0.691273,29031,2026-08-28T17:44:43+00:00
2026-02-11,2025/2026,Manchester City,Fulham,3,0,1.67722,1.05283,29033,2026-08-28T17:44:43+00:00
2026-02-11,2025/2026,Nottingham Forest,Wolverhampton Wanderers,0,0,3.69094,0.406959,29034,2026-08-28T17:44:43+00:00
2026-02-11,2025/2026,Sunderland,Liverpool,0,1,0.693794,3.08172,29035,2026-08-28T17:44:43+00:00
2026-02-12,2025/2026,Brentford,Arsenal,1,1,1.81154,0.78418,29029,2026-08-28T17:44:43+00:00
2026-02-18,2025/2026,Wolverhampton Wanderers,Arsenal,2,2,0.173119,2.01018,29087,2026-08-28T17:44:43+00:00
2026-02-21,2025/2026,Aston Villa,Leeds United,1,1,1.25439,1.27855,29038,2026-08-28T17:44:43+00:00
2026-02-21,2025/2026,Brentford,Brighton & Hove Albion,0,2,1.69023,1.37203,29039,2026-08-28T17:44:43+00:00
2026-02-21,2025/2026,Chelsea,Burnley,1,1,2.51534,1.01255,29040,2026-08-28T17:44:43+00:00
2026-02-21,2025/2026,Manchester City,Newcastle United,2,1,2.22648,0.507954,29043,2026-08-28T17:44:43+00:00
2026-02-21,2025/2026,West Ham United,AFC Bournemouth,0,0,2.34412,0.522731,29047,2026-08-28T17:44:43+00:00
2026-02-22,2025/2026,Crystal Palace,Wolverhampton Wanderers,1,0,2.03559,1.67749,29041,2026-08-28T17:44:43+00:00
2026-02-22,2025/2026,Nottingham Forest,Liverpool,0,1,0.934768,2.39634,29044,2026-08-28T17:44:43+00:00
2026-02-22,2025/2026,Sunderland,Fulham,1,3,1.7609,2.16696,29045,2026-08-28T17:44:43+00:00
2026-02-22,2025/2026,Tottenham Hotspur,Arsenal,1,4,0.383264,3.31701,29046,2026-08-28T17:44:43+00:00
2026-02-23,2025/2026,Everton,Manchester United,0,1,0.560924,1.4547,29042,2026-08-28T17:44:43+00:00
2026-02-27,2025/2026,Wolverhampton Wanderers,Aston Villa,2,0,1.50771,1.31328,29057,2026-08-28T17:44:43+00:00
2026-02-28,2025/2026,AFC Bournemouth,Sunderland,1,1,1.82434,1.07887,29048,2026-08-28T17:44:43+00:00
2026-02-28,2025/2026,Burnley,Brentford,3,4,0.823824,2.44595,29051,2026-08-28T17:44:43+00:00
2026-02-28,2025/2026,Leeds United,Manchester City,0,1,1.37824,2.46834,29053,2026-08-28T17:44:43+00:00
2026-02-28,2025/2026,Liverpool,West Ham United,5,2,2.09939,1.3517,29054,2026-08-28T17:44:43+00:00
2026-02-28,2025/2026,Newcastle United,Everton,2,3,1.11889,2.40731,29056,2026-08-28T17:44:43+00:00
2026-03-01,2025/2026,Arsenal,Chelsea,2,1,1.71598,1.35268,29049,2026-08-28T17:44:43+00:00
2026-03-01,2025/2026,Brighton & Hove Albion,Nottingham Forest,2,1,1.20107,0.83055,29050,2026-08-28T17:44:43+00:00
2026-03-01,2025/2026,Fulham,Tottenham Hotspur,2,1,2.3207,0.952091,29052,2026-08-28T17:44:43+00:00
2026-03-01,2025/2026,Manchester United,Crystal Palace,2,1,2.34609,0.384699,29055,2026-08-28T17:44:43+00:00
2026-03-03,2025/2026,AFC Bournemouth,Brentford,0,0,2.3177,0.673328,29058,2026-08-28T17:44:43+00:00
2026-03-03,2025/2026,Everton,Burnley,2,0,1.15845,0.762229,29061,2026-08-28T17:44:43+00:00
2026-03-03,2025/2026,Leeds United,Sunderland,0,1,0.888232,0.843856,29063,2026-08-28T17:44:43+00:00
2026-03-03,2025/2026,Wolverhampton Wanderers,Liverpool,2,1,0.636033,2.17217,29067,2026-08-28T17:44:43+00:00
2026-03-04,2025/2026,Aston Villa,Chelsea,1,4,1.06854,3.38883,29059,2026-08-28T17:44:43+00:00
2026-03-04,2025/2026,Brighton & Hove Albion,Arsenal,0,1,0.919228,0.514803,29060,2026-08-28T17:44:43+00:00
2026-03-04,2025/2026,Fulham,West Ham United,0,1,0.628123,1.49528,29062,2026-08-28T17:44:43+00:00
2026-03-04,2025/2026,Manchester City,Nottingham Forest,2,2,2.72655,1.23642,29064,2026-08-28T17:44:43+00:00
2026-03-04,2025/2026,Newcastle United,Manchester United,2,1,1.96637,1.80571,29065,2026-08-28T17:44:43+00:00
2026-03-05,2025/2026,Tottenham Hotspur,Crystal Palace,1,3,1.29615,1.91515,29066,2026-08-28T17:44:43+00:00
2026-03-14,2025/2026,Arsenal,Everton,2,0,1.90855,1.17847,29068,2026-08-28T17:44:43+00:00
2026-03-14,2025/2026,Burnley,AFC Bournemouth,0,0,1.67695,2.36979,29070,2026-08-28T17:44:43+00:00
2026-03-14,2025/2026,Chelsea,Newcastle United,0,1,1.72508,1.03251,29071,2026-08-28T17:44:43+00:00
2026-03-14,2025/2026,Sunderland,Brighton & Hove Albion,0,1,0.659083,1.12832,29076,2026-08-28T17:44:43+00:00
2026-03-14,2025/2026,West Ham United,Manchester City,1,1,0.488982,1.9546,29077,2026-08-28T17:44:43+00:00
2026-03-15,2025/2026,Crystal Palace,Leeds United,0,0,0.525205,1.13558,29072,2026-08-28T17:44:43+00:00
2026-03-15,2025/2026,Liverpool,Tottenham Hotspur,1,1,1.30076,1.15636,29073,2026-08-28T17:44:43+00:00
2026-03-15,2025/2026,Manchester United,Aston Villa,3,1,1.67823,1.21071,29074,2026-08-28T17:44:43+00:00
2026-03-15,2025/2026,Nottingham Forest,Fulham,0,0,0.821011,0.933988,29075,2026-08-28T17:44:43+00:00
2026-03-16,2025/2026,Brentford,Wolverhampton Wanderers,2,2,2.7966,1.80044,29069,2026-08-28T17:44:43+00:00
2026-03-20,2025/2026,AFC Bournemouth,Manchester United,2,2,1.76664,1.74574,29078,2026-08-28T17:44:43+00:00
2026-03-21,2025/2026,Brighton & Hove Albion,Liverpool,2,1,3.42956,0.956801,29080,2026-08-28T17:44:43+00:00
2026-03-21,2025/2026,Everton,Chelsea,3,0,1.44532,1.35143,29081,2026-08-28T17:44:43+00:00
2026-03-21,2025/2026,Fulham,Burnley,3,1,3.48438,1.92556,29082,2026-08-28T17:44:43+00:00
2026-03-21,2025/2026,Leeds United,Brentford,0,0,0.417296,0.302221,29083,2026-08-28T17:44:43+00:00
2026-03-22,2025/2026,Aston Villa,West Ham United,2,0,2.48528,0.760054,29079,2026-08-28T17:44:43+00:00
2026-03-22,2025/2026,Newcastle United,Sunderland,1,2,1.26705,2.66657,29085,2026-08-28T17:44:43+00:00
2026-03-22,2025/2026,Tottenham Hotspur,Nottingham Forest,0,3,1.6189,1.54408,29086,2026-08-28T17:44:43+00:00
2026-04-10,2025/2026,West Ham United,Wolverhampton Wanderers,4,0,2.54379,0.571967,29091,2026-08-28T17:44:43+00:00
2026-04-11,2025/2026,Arsenal,AFC Bournemouth,1,2,3.16346,1.39461,29092,2026-08-28T17:44:43+00:00
2026-04-11,2025/2026,Brentford,Everton,2,2,2.26302,1.57033,29093,2026-08-28T17:44:43+00:00
2026-04-11,2025/2026,Burnley,Brighton & Hove Albion,0,2,0.812029,1.07182,29094,2026-08-28T17:44:43+00:00
2026-04-11,2025/2026,Liverpool,Fulham,2,0,2.01499,1.42024,29097,2026-08-28T17:44:43+00:00
2026-04-12,2025/2026,Nottingham Forest,Aston Villa,1,1,0.85045,1.36297,29089,2026-08-28T17:44:43+00:00
2026-04-12,2025/2026,Sunderland,Tottenham Hotspur,1,0,1.77584,1.01598,29090,2026-08-28T17:44:43+00:00
2026-04-12,2025/2026,Chelsea,Manchester City,0,3,1.22108,2.40839,29095,2026-08-28T17:44:43+00:00
2026-04-12,2025/2026,Crystal Palace,Newcastle United,2,1,3.13933,1.27299,29096,2026-08-28T17:44:43+00:00
2026-04-13,2025/2026,Manchester United,Leeds United,1,2,1.36555,2.95118,29088,2026-08-28T17:44:43+00:00
2026-04-18,2025/2026,Brentford,Fulham,0,0,2.33552,0.790707,29099,2026-08-28T17:44:43+00:00
2026-04-18,2025/2026,Chelsea,Manchester United,0,1,1.28109,0.436043,29100,2026-08-28T17:44:43+00:00
2026-04-18,2025/2026,Leeds United,Wolverhampton Wanderers,3,0,3.55804,0.568627,29103,2026-08-28T17:44:43+00:00
2026-04-18,2025/2026,Newcastle United,AFC Bournemouth,1,2,1.61167,3.36662,29105,2026-08-28T17:44:43+00:00
2026-04-18,2025/2026,Tottenham Hotspur,Brighton & Hove Albion,2,2,1.56052,1.1373,29107,2026-08-28T17:44:43+00:00
2026-04-19,2025/2026,Aston Villa,Sunderland,4,3,3.90223,1.56008,29098,2026-08-28T17:44:43+00:00
2026-04-19,2025/2026,Everton,Liverpool,1,2,1.4784,1.38333,29102,2026-08-28T17:44:43+00:00
2026-04-19,2025/2026,Manchester City,Arsenal,2,1,2.61528,2.28964,29104,2026-08-28T17:44:43+00:00
2026-04-19,2025/2026,Nottingham Forest,Burnley,4,1,1.4425,0.601418,29106,2026-08-28T17:44:43+00:00
2026-04-20,2025/2026,Crystal Palace,West Ham United,0,0,0.733442,0.622445,29101,2026-08-28T17:44:43+00:00
2026-04-21,2025/2026,Brighton & Hove Albion,Chelsea,3,0,2.51784,0.297865,29110,2026-08-28T17:44:43+00:00
2026-04-22,2025/2026,AFC Bournemouth,Leeds United,2,2,1.91355,1.21601,29108,2026-08-28T17:44:43+00:00
2026-04-22,2025/2026,Burnley,Manchester City,0,1,0.973776,3.40888,29111,2026-08-28T17:44:43+00:00
2026-04-24,2025/2026,Sunderland,Nottingham Forest,0,5,0.614323,1.54208,29115,2026-08-28T17:44:43+00:00
2026-04-25,2025/2026,Arsenal,Newcastle United,1,0,0.639189,0.868897,29109,2026-08-28T17:44:43+00:00
2026-04-25,2025/2026,Fulham,Aston Villa,1,0,1.24069,0.906156,29112,2026-08-28T17:44:43+00:00
2026-04-25,2025/2026,Liverpool,Crystal Palace,3,1,1.45071,2.19912,29113,2026-08-28T17:44:43+00:00
2026-04-25,2025/2026,West Ham United,Everton,2,1,1.8356,1.1144,29116,2026-08-28T17:44:43+00:00
2026-04-25,2025/2026,Wolverhampton Wanderers,Tottenham Hotspur,0,1,0.762656,1.06403,29117,2026-08-28T17:44:43+00:00
2026-04-27,2025/2026,Manchester United,Brentford,2,1,1.84852,1.30383,29114,2026-08-28T17:44:43+00:00
2026-05-01,2025/2026,Leeds United,Burnley,3,1,2.09546,0.434597,29124,2026-08-28T17:44:43+00:00
2026-05-02,2025/2026,Arsenal,Fulham,3,0,4.09079,0.696714,29119,2026-08-28T17:44:43+00:00
2026-05-02,2025/2026,Brentford,West Ham United,3,0,2.27374,0.753895,29121,2026-08-28T17:44:43+00:00
2026-05-02,2025/2026,Newcastle United,Brighton & Hove Albion,3,1,3.12933,1.87112,29126,2026-08-28T17:44:43+00:00
2026-05-02,2025/2026,Wolverhampton Wanderers,Sunderland,1,1,1.96131,0.923954,29127,2026-08-28T17:44:43+00:00
2026-05-03,2025/2026,AFC Bournemouth,Crystal Palace,3,0,2.29626,0.678329,29118,2026-08-28T17:44:43+00:00
2026-05-03,2025/2026,Aston Villa,Tottenham Hotspur,1,2,0.609494,1.12225,29120,2026-08-28T17:44:43+00:00
2026-05-03,2025/2026,Manchester United,Liverpool,3,2,2.55612,1.02814,29125,2026-08-28T17:44:43+00:00
2026-05-04,2025/2026,Chelsea,Nottingham Forest,1,3,2.17132,2.31019,29122,2026-08-28T17:44:43+00:00
2026-05-04,2025/2026,Everton,Manchester City,3,3,1.68558,1.41706,29123,2026-08-28T17:44:43+00:00
2026-05-09,2025/2026,Brighton & Hove Albion,Wolverhampton Wanderers,3,0,2.22427,0.515647,29128,2026-08-28T17:44:43+00:00
2026-05-09,2025/2026,Fulham,AFC Bournemouth,0,1,1.24334,0.998003,29131,2026-08-28T17:44:43+00:00
2026-05-09,2025/2026,Liverpool,Chelsea,1,1,0.623191,0.597184,29132,2026-08-28T17:44:43+00:00
2026-05-09,2025/2026,Manchester City,Brentford,3,0,4.37429,0.670038,29133,2026-08-28T17:44:43+00:00
2026-05-09,2025/2026,Sunderland,Manchester United,0,0,1.2376,0.535981,29135,2026-08-28T17:44:43+00:00
2026-05-10,2025/2026,Burnley,Aston Villa,2,2,1.71234,1.75493,29129,2026-08-28T17:44:43+00:00
2026-05-10,2025/2026,Crystal Palace,Everton,2,2,3.28826,2.10265,29130,2026-08-28T17:44:43+00:00
2026-05-10,2025/2026,Nottingham Forest,Newcastle United,1,1,1.46434,1.65067,29134,2026-08-28T17:44:43+00:00
2026-05-10,2025/2026,West Ham United,Arsenal,0,1,1.32011,1.42953,29137,2026-08-28T17:44:43+00:00
2026-05-11,2025/2026,Tottenham Hotspur,Leeds United,1,1,1.49036,1.86976,29136,2026-08-28T17:44:43+00:00
2026-05-13,2025/2026,Manchester City,Crystal Palace,3,0,1.95679,0.428862,29084,2026-08-28T17:44:43+00:00
2026-05-15,2025/2026,Aston Villa,Liverpool,4,2,2.5252,1.55027,29140,2026-08-28T17:44:43+00:00
2026-05-17,2025/2026,Brentford,Crystal Palace,2,2,1.54564,1.82274,29141,2026-08-28T17:44:43+00:00
2026-05-17,2025/2026,Everton,Sunderland,1,3,1.32181,1.28383,29143,2026-08-28T17:44:43+00:00
2026-05-17,2025/2026,Leeds United,Brighton & Hove Albion,1,0,0.747756,2.23238,29144,2026-08-28T17:44:43+00:00
2026-05-17,2025/2026,Manchester United,Nottingham Forest,3,2,4.28532,1.84418,29145,2026-08-28T17:44:43+00:00
2026-05-17,2025/2026,Newcastle United,West Ham United,3,1,2.1336,0.957771,29146,2026-08-28T17:44:43+00:00
2026-05-17,2025/2026,Wolverhampton Wanderers,Fulham,1,1,1.49725,1.48412,29147,2026-08-28T17:44:43+00:00
2026-05-18,2025/2026,Arsenal,Burnley,1,0,1.22695,0.194884,29139,2026-08-28T17:44:43+00:00
2026-05-19,2025/2026,AFC Bournemouth,Manchester City,1,1,1.71486,1.26917,29138,2026-08-28T17:44:43+00:00
2026-05-19,2025/2026,Chelsea,Tottenham Hotspur,2,1,1.09262,2.15227,29142,2026-08-28T17:44:43+00:00
2026-05-24,2025/2026,Brighton & Hove Albion,Manchester United,0,3,0.702398,2.32868,29148,2026-08-28T17:44:43+00:00
2026-05-24,2025/2026,Burnley,Wolverhampton Wanderers,1,1,1.28476,2.8433,29149,2026-08-28T17:44:43+00:00
2026-05-24,2025/2026,Crystal Palace,Arsenal,1,2,1.00492,3.90645,29150,2026-08-28T17:44:43+00:00
2026-05-24,2025/2026,Fulham,Newcastle United,2,0,1.72878,0.24232,29151,2026-08-28T17:44:43+00:00
2026-05-24,2025/2026,Liverpool,Brentford,1,1,2.99412,1.46082,29152,2026-08-28T17:44:43+00:00
2026-05-24,2025/2026,Manchester City,Aston Villa,1,2,1.38085,2.4397,29153,2026-08-28T17:44:43+00:00
2026-05-24,2025/2026,Nottingham Forest,AFC Bournemouth,1,1,2.05852,1.33684,29154,2026-08-28T17:44:43+00:00
2026-05-24,2025/2026,Sunderland,Chelsea,2,1,2.33109,0.920885,29155,2026-08-28T17:44:43+00:00
2026-05-24,2025/2026,Tottenham Hotspur,Everton,1,0,1.40597,0.268476,29156,2026-08-28T17:44:43+00:00
2026-05-24,2025/2026,West Ham United,Leeds United,3,0,2.73135,1.94969,29157,2026-08-28T17:44:43+00:00
2026-08-21,2026/2027,Arsenal,Coventry City,3,0,1.85424,0.558336,31180,2026-08-28T17:44:43+00:00
2026-08-22,2026/2027,Hull City,Manchester United,2,0,1.49627,1.77874,31181,2026-08-28T17:44:43+00:00
2026-08-22,2026/2027,Everton,Crystal Palace,2,0,1.45085,2.23095,31182,2026-08-28T17:44:43+00:00
2026-08-22,2026/2027,Ipswich Town,Sunderland,2,1,1.58452,1.17743,31183,2026-08-28T17:44:43+00:00
2026-08-22,2026/2027,Nottingham Forest,Leeds United,0,1,0.656681,0.466247,31184,2026-08-28T17:44:43+00:00
2026-08-22,2026/2027,Brentford,Tottenham Hotspur,3,0,4.04155,0.756284,31185,2026-08-28T17:44:43+00:00
2026-08-23,2026/2027,Brighton & Hove Albion,Aston Villa,4,0,4.00327,0.275249,31186,2026-08-28T17:44:43+00:00
2026-08-23,2026/2027,Manchester City,AFC Bournemouth,2,1,2.47444,0.707541,31187,2026-08-28T17:44:43+00:00
2026-08-23,2026/2027,Newcastle United,Liverpool,2,2,1.59465,3.13133,31188,2026-08-28T17:44:43+00:00
2026-08-24,2026/2027,Fulham,Chelsea,2,3,1.41707,2.58384,31189,2026-08-28T17:44:43+00:00
